"record_id","date","year","month","mine_name","location","seam","coal_thickness_m","depth_m","production_tonnes","recovery_percent","ash_percent","moisture_percent","calorific_value_kcal_kg","latitude","longitude","elevation_m","geological_zone","risk_level","mine","thickness_m","recovery","ash_content","moisture"
"1","2018-04-13","2018","April","Mine Alpha","Central Coalfield","Upper Seam","3.21","183.93","19336","85.98","32.09","3.13","5061","23.40298","85.291864","518.59","Stable Zone","Low","Mine Alpha","3.21","85.98","32.09","3.13"
"2","2022-09-15","2022","September","Mine Omega","Southern Coalfield","Seam B","4.48","216.91","31448","88.52","12.31","7.49","4528","22.421531","85.666349","248.48","Folded Zone","Low","Mine Omega","4.48","88.52","12.31","7.49"
"3","2024-10-08","2024","October","Mine Gamma","Northern Coalfield","Seam C","7.09","487.84","32059","95.17","18.22","9.18","6569","24.131852","85.906171","566.83","Stable Zone","Low","Mine Gamma","7.09","95.17","18.22","9.18"
"4","2021-03-31","2021","March","Mine Beta","Eastern Coal Basin","Seam A","7.44","569.89","24931","79.06","30.52","4.11","4815","23.797018","86.170182","637.98","Stable Zone","Medium","Mine Beta","7.44","79.06","30.52","4.11"
"5","2023-12-28","2023","December","Mine Beta","Eastern Coal Basin","Upper Seam","2.99","327.36","7549","93.69","26.58","4.85","4700","23.806831","86.105594","730.61","High Fault Zone","Low","Mine Beta","2.99","93.69","26.58","4.85"
"6","2020-05-14","2020","May","Mine Alpha","Central Coalfield","Seam E","7.6","238.81","41160","77.26","32.69","7.97","4480","23.424663","85.326137","356.04","Boundary Zone","Low","Mine Alpha","7.6","77.26","32.69","7.97"
"7","2022-06-24","2022","June","Mine Omega","Southern Coalfield","Seam C","2.8","648.52","12100","67.82","9.27","3.43","5822","22.479208","85.632216","222.56","Folded Zone","Low","Mine Omega","2.8","67.82","9.27","3.43"
"8","2023-12-08","2023","December","Mine Delta","Western Coal Basin","Seam C","8.29","566.47","4859","87.34","26.41","8.98","4487","22.964096","84.941155","471.29","Folded Zone","Low","Mine Delta","8.29","87.34","26.41","8.98"
"9","2023-08-13","2023","August","Mine Gamma","Northern Coalfield","Lower Seam","2.5","597.58","17572","74.25","25.25","9.92","4066","24.146251","85.873938","701.68","Boundary Zone","High","Mine Gamma","2.5","74.25","25.25","9.92"
"10","2021-08-20","2021","August","Mine Omega","Southern Coalfield","Seam D","1.34","607.46","9501","90.78","16.3","2.75","6749","22.494695","85.598565","505.61","Stable Zone","High","Mine Omega","1.34","90.78","16.3","2.75"
"11","2026-08-03","2026","August","Mine Omega","Southern Coalfield","Seam B","2.14","335.17","9894","73.22","31.56","7.5","4284","22.45393","85.662993","314.77","High Fault Zone","Low","Mine Omega","2.14","73.22","31.56","7.5"
"12","2022-11-30","2022","November","Mine Gamma","Northern Coalfield","Seam E","4.5","198.74","4411","65.65","22.96","9.65","3527","24.140784","85.825887","225.16","Stable Zone","Medium","Mine Gamma","4.5","65.65","22.96","9.65"
"13","2023-10-07","2023","October","Mine Alpha","Central Coalfield","Seam B","3.23","341.25","14678","87.42","31.82","9.49","4399","23.447297","85.310706","243.2","Folded Zone","Low","Mine Alpha","3.23","87.42","31.82","9.49"
"14","2023-03-28","2023","March","Mine Delta","Western Coal Basin","Lower Seam","6.52","454.02","51386","68.05","18.87","6.41","6688","22.924866","84.949021","480.57","Folded Zone","Low","Mine Delta","6.52","68.05","18.87","6.41"
"15","2020-10-20","2020","October","Mine Delta","Western Coal Basin","Lower Seam","7.94","315.88","55263","82.06","9.37","14.99","6593","22.9969","85.022637","748.63","Moderate Fault Zone","Low","Mine Delta","7.94","82.06","9.37","14.99"
"16","2020-05-25","2020","May","Mine Delta","Western Coal Basin","Lower Seam","4.13","85.18","13804","95.54","15.16","12.19","5184","22.942301","85.025732","846.93","Boundary Zone","Medium","Mine Delta","4.13","95.54","15.16","12.19"
"17","2019-09-27","2019","September","Mine Delta","Western Coal Basin","Seam B","3.37","631.23","16324","81.81","28.2","2.74","5661","22.950285","85.015272","285.48","Boundary Zone","Low","Mine Delta","3.37","81.81","28.2","2.74"
"18","2018-10-08","2018","October","Mine Beta","Eastern Coal Basin","Seam E","1.7","567.09","5998","94.19","23.38","9.53","3647","23.738198","86.165737","558.7","High Fault Zone","High","Mine Beta","1.7","94.19","23.38","9.53"
"19","2025-07-06","2025","July","Mine Beta","Eastern Coal Basin","Upper Seam","3.49","209.37","5171","85.01","20.35","14.08","6962","23.730932","86.162116","557.21","Stable Zone","Low","Mine Beta","3.49","85.01","20.35","14.08"
"20","2023-09-04","2023","September","Mine Beta","Eastern Coal Basin","Seam C","2.17","259.41","2205","72.57","15.69","7.7","5510","23.760252","86.198385","720.76","Boundary Zone","Low","Mine Beta","2.17","72.57","15.69","7.7"
"21","2021-05-11","2021","May","Mine Omega","Southern Coalfield","Upper Seam","1.96","576.88","4868","92.58","28.05","4.02","4542","22.421063","85.624288","640.62","High Fault Zone","Low","Mine Omega","1.96","92.58","28.05","4.02"
"22","2018-07-28","2018","July","Mine Gamma","Northern Coalfield","Seam A","5.83","547.61","4843","75.34","11.53","14.74","4098","24.114184","85.890567","555.81","Stable Zone","Low","Mine Gamma","5.83","75.34","11.53","14.74"
"23","2024-02-13","2024","February","Mine Beta","Eastern Coal Basin","Seam A","7.29","399.51","11742","68.95","16.32","13.69","6446","23.81607","86.189892","320.75","Moderate Fault Zone","Medium","Mine Beta","7.29","68.95","16.32","13.69"
"24","2024-04-12","2024","April","Mine Gamma","Northern Coalfield","Lower Seam","4.17","422.4","6919","93.83","31.34","14.69","6500","24.158142","85.822479","673.5","High Fault Zone","Medium","Mine Gamma","4.17","93.83","31.34","14.69"
"25","2025-07-06","2025","July","Mine Delta","Western Coal Basin","Lower Seam","6.57","198.9","11129","86.74","18.33","2.5","5242","22.919957","85.021845","414.27","Moderate Fault Zone","Low","Mine Delta","6.57","86.74","18.33","2.5"
"26","2022-06-21","2022","June","Mine Beta","Eastern Coal Basin","Seam C","3.23","91.65","20349","75.89","21.75","10.83","6622","23.763115","86.10276","767.62","High Fault Zone","Low","Mine Beta","3.23","75.89","21.75","10.83"
"27","2018-06-06","2018","June","Mine Gamma","Northern Coalfield","Seam A","5.55","257.41","35510","78.53","34.57","3.5","6828","24.089008","85.824439","472.16","Boundary Zone","High","Mine Gamma","5.55","78.53","34.57","3.5"
"28","2025-09-14","2025","September","Mine Omega","Southern Coalfield","Upper Seam","8.06","492.22","15941","78.37","33.62","13.97","5806","22.466339","85.602463","783.03","Boundary Zone","Low","Mine Omega","8.06","78.37","33.62","13.97"
"29","2021-08-29","2021","August","Mine Delta","Western Coal Basin","Seam D","6.29","382.65","12195","85.61","18.24","11.73","4144","22.956911","84.970608","738.6","High Fault Zone","Low","Mine Delta","6.29","85.61","18.24","11.73"
"30","2024-07-03","2024","July","Mine Delta","Western Coal Basin","Seam E","5.98","328.99","22821","71.62","20.78","13.72","6445","22.916969","84.93848","525.35","Boundary Zone","Low","Mine Delta","5.98","71.62","20.78","13.72"
"31","2025-07-18","2025","July","Mine Beta","Eastern Coal Basin","Seam C","2.84","169.48","1940","72.59","20.83","13.05","3769","23.771444","86.162977","310.27","Folded Zone","Low","Mine Beta","2.84","72.59","20.83","13.05"
"32","2019-08-28","2019","August","Mine Beta","Eastern Coal Basin","Upper Seam","6.22","585.6","43250","92.45","29.02","4.84","6475","23.799591","86.146455","553.46","Stable Zone","Low","Mine Beta","6.22","92.45","29.02","4.84"
"33","2025-06-27","2025","June","Mine Delta","Western Coal Basin","Seam E","8.41","407.27","64129","92.63","24.54","11.35","5368","22.983057","84.984787","781.13","Folded Zone","Low","Mine Delta","8.41","92.63","24.54","11.35"
"34","2025-02-24","2025","February","Mine Beta","Eastern Coal Basin","Seam C","6.79","362.78","35312","73.51","10.09","5.71","4505","23.761971","86.154015","272.71","Moderate Fault Zone","Low","Mine Beta","6.79","73.51","10.09","5.71"
"35","2025-12-03","2025","December","Mine Beta","Eastern Coal Basin","Seam B","1.67","294.56","7631","77.89","13.58","7.46","6848","23.788408","86.169552","754.01","Boundary Zone","Low","Mine Beta","1.67","77.89","13.58","7.46"
"36","2021-12-11","2021","December","Mine Alpha","Central Coalfield","Seam C","6.7","562.07","51260","77.99","28.18","9.1","5732","23.422054","85.291942","472.01","Stable Zone","Low","Mine Alpha","6.7","77.99","28.18","9.1"
"37","2026-02-14","2026","February","Mine Delta","Western Coal Basin","Seam B","7.34","601.72","57659","81.56","32.49","9.69","5953","22.908395","84.972861","760.79","Moderate Fault Zone","Low","Mine Delta","7.34","81.56","32.49","9.69"
"38","2021-09-02","2021","September","Mine Delta","Western Coal Basin","Seam B","4.52","252.5","32080","73.63","33.68","7.48","6589","22.947031","85.004902","214.9","High Fault Zone","Low","Mine Delta","4.52","73.63","33.68","7.48"
"39","2025-04-23","2025","April","Mine Alpha","Central Coalfield","Seam A","6.71","619.77","13388","65.63","12.11","3.64","5977","23.456397","85.291796","648.64","High Fault Zone","Low","Mine Alpha","6.71","65.63","12.11","3.64"
"40","2026-05-22","2026","May","Mine Omega","Southern Coalfield","Upper Seam","2.04","541.58","15780","68.35","8.69","6.06","6006","22.495817","85.629665","659.06","Stable Zone","Low","Mine Omega","2.04","68.35","8.69","6.06"
"41","2019-02-22","2019","February","Mine Beta","Eastern Coal Basin","Upper Seam","6.84","560.18","34221","68.75","34.56","12.17","4785","23.772838","86.137057","518.99","High Fault Zone","Low","Mine Beta","6.84","68.75","34.56","12.17"
"42","2023-07-01","2023","July","Mine Delta","Western Coal Basin","Seam A","4.36","267.31","31335","79.25","12.13","4.29","5430","22.965046","84.991591","796.14","Folded Zone","Low","Mine Delta","4.36","79.25","12.13","4.29"
"43","2021-01-04","2021","January","Mine Omega","Southern Coalfield","Seam C","7.42","548.44","8533","92.33","14.58","8.04","5758","22.437899","85.59287","750.14","Moderate Fault Zone","Low","Mine Omega","7.42","92.33","14.58","8.04"
"44","2020-11-24","2020","November","Mine Gamma","Northern Coalfield","Seam C","3.24","407.69","23007","82.23","21.95","4.48","4393","24.110643","85.875518","341.02","Folded Zone","Medium","Mine Gamma","3.24","82.23","21.95","4.48"
"45","2023-01-10","2023","January","Mine Delta","Western Coal Basin","Lower Seam","1.33","226.54","4699","72.54","25.93","6.8","5548","22.934376","85.029663","548.76","High Fault Zone","Medium","Mine Delta","1.33","72.54","25.93","6.8"
"46","2021-06-09","2021","June","Mine Gamma","Northern Coalfield","Seam C","2.88","482.77","8256","88.03","33.67","10.97","4209","24.14386","85.84765","575.02","Boundary Zone","Low","Mine Gamma","2.88","88.03","33.67","10.97"
"47","2020-03-06","2020","March","Mine Alpha","Central Coalfield","Seam C","2.86","157.66","1733","81.56","15.41","14.67","5547","23.469742","85.282628","761.87","Folded Zone","Low","Mine Alpha","2.86","81.56","15.41","14.67"
"48","2024-06-09","2024","June","Mine Alpha","Central Coalfield","Seam C","4.63","314.28","8717","66.59","33.41","8.21","6542","23.440071","85.277408","601.73","Stable Zone","Low","Mine Alpha","4.63","66.59","33.41","8.21"
"49","2021-05-29","2021","May","Mine Omega","Southern Coalfield","Seam A","8.46","121.07","52734","83.8","29.35","4.93","5434","22.445051","85.634272","756.31","Folded Zone","Low","Mine Omega","8.46","83.8","29.35","4.93"
"50","2018-09-04","2018","September","Mine Omega","Southern Coalfield","Seam E","8.21","109.54","51071","84.39","15.15","3.06","4388","22.455199","85.605653","453.71","Boundary Zone","Low","Mine Omega","8.21","84.39","15.15","3.06"
"51","2020-08-06","2020","August","Mine Alpha","Central Coalfield","Seam C","6.36","471.79","24837","86.31","32.95","12.24","5813","23.466118","85.363367","464.84","Boundary Zone","Low","Mine Alpha","6.36","86.31","32.95","12.24"
"52","2020-12-24","2020","December","Mine Beta","Eastern Coal Basin","Lower Seam","2.24","85.78","14436","83.45","30.25","13.98","5125","23.77687","86.130409","449.68","High Fault Zone","Low","Mine Beta","2.24","83.45","30.25","13.98"
"53","2022-11-29","2022","November","Mine Delta","Western Coal Basin","Seam A","5.57","583.65","33470","83.72","8.7","4.98","5995","22.986052","84.988712","193.9","High Fault Zone","Low","Mine Delta","5.57","83.72","8.7","4.98"
"54","2023-04-12","2023","April","Mine Beta","Eastern Coal Basin","Seam E","5.96","599.64","11093","83.15","25.14","8.39","3838","23.764796","86.133331","628.99","Moderate Fault Zone","Low","Mine Beta","5.96","83.15","25.14","8.39"
"55","2021-03-26","2021","March","Mine Delta","Western Coal Basin","Upper Seam","8.1","538.14","37468","79.1","16.49","6.2","7090","22.940418","84.98146","842.04","Boundary Zone","Low","Mine Delta","8.1","79.1","16.49","6.2"
"56","2020-02-08","2020","February","Mine Alpha","Central Coalfield","Seam E","3.84","503.87","19932","88.56","13.5","9.14","6932","23.443812","85.339825","261.36","Boundary Zone","Medium","Mine Alpha","3.84","88.56","13.5","9.14"
"57","2021-06-26","2021","June","Mine Beta","Eastern Coal Basin","Seam E","1.3","294.79","2841","91.08","11.06","14.31","5897","23.745397","86.193265","375.55","High Fault Zone","Low","Mine Beta","1.3","91.08","11.06","14.31"
"58","2023-04-19","2023","April","Mine Delta","Western Coal Basin","Seam B","4.53","136.79","8741","83.58","28.15","3.77","3758","22.977268","85.015441","407.72","Boundary Zone","Low","Mine Delta","4.53","83.58","28.15","3.77"
"59","2021-03-04","2021","March","Mine Alpha","Central Coalfield","Upper Seam","3.38","402.16","27012","80.18","12.01","9.0","4777","23.455192","85.324343","485.08","High Fault Zone","Medium","Mine Alpha","3.38","80.18","12.01","9.0"
"60","2024-05-31","2024","May","Mine Beta","Eastern Coal Basin","Seam D","2.91","515.33","2408","88.09","27.04","12.55","4928","23.796369","86.182075","837.15","Folded Zone","High","Mine Beta","2.91","88.09","27.04","12.55"
"61","2023-08-20","2023","August","Mine Beta","Eastern Coal Basin","Seam E","3.62","110.22","24753","68.09","32.58","2.2","4033","23.817093","86.196996","230.13","High Fault Zone","Low","Mine Beta","3.62","68.09","32.58","2.2"
"62","2025-04-15","2025","April","Mine Delta","Western Coal Basin","Seam A","7.42","561.4","51532","76.78","16.55","11.34","6310","22.987238","84.93359","225.84","High Fault Zone","High","Mine Delta","7.42","76.78","16.55","11.34"
"63","2022-11-13","2022","November","Mine Alpha","Central Coalfield","Seam A","6.75","472.33","8463","70.16","16.09","2.38","4700","23.405612","85.305846","468.56","Moderate Fault Zone","Low","Mine Alpha","6.75","70.16","16.09","2.38"
"64","2025-08-24","2025","August","Mine Omega","Southern Coalfield","Lower Seam","2.51","155.04","12729","76.86","26.44","8.47","5658","22.423219","85.65379","487.91","Stable Zone","Medium","Mine Omega","2.51","76.86","26.44","8.47"
"65","2021-03-24","2021","March","Mine Delta","Western Coal Basin","Upper Seam","5.19","94.32","39388","95.62","16.08","14.51","6054","22.945684","84.960212","849.58","Folded Zone","Low","Mine Delta","5.19","95.62","16.08","14.51"
"66","2024-05-31","2024","May","Mine Delta","Western Coal Basin","Seam C","5.4","645.62","14657","95.32","25.77","5.57","5594","22.96858","85.004467","212.86","Boundary Zone","Medium","Mine Delta","5.4","95.32","25.77","5.57"
"67","2020-07-31","2020","July","Mine Gamma","Northern Coalfield","Seam E","7.05","181.4","13578","72.77","28.4","11.98","6019","24.083678","85.829716","600.4","Stable Zone","Low","Mine Gamma","7.05","72.77","28.4","11.98"
"68","2018-05-17","2018","May","Mine Delta","Western Coal Basin","Seam E","3.86","128.85","28264","75.13","19.22","4.61","6410","22.987646","84.966586","516.2","High Fault Zone","Medium","Mine Delta","3.86","75.13","19.22","4.61"
"69","2023-05-28","2023","May","Mine Gamma","Northern Coalfield","Lower Seam","3.35","572.24","21881","79.52","10.03","11.8","4335","24.137632","85.887441","446.27","Boundary Zone","Low","Mine Gamma","3.35","79.52","10.03","11.8"
"70","2018-02-27","2018","February","Mine Delta","Western Coal Basin","Seam C","5.12","322.87","28397","85.84","23.78","12.69","6979","22.910835","84.953382","196.77","Boundary Zone","Low","Mine Delta","5.12","85.84","23.78","12.69"
"71","2020-06-25","2020","June","Mine Omega","Southern Coalfield","Upper Seam","1.66","544.31","12152","74.37","19.02","3.82","7001","22.430436","85.639262","245.12","Boundary Zone","Low","Mine Omega","1.66","74.37","19.02","3.82"
"72","2022-02-28","2022","February","Mine Delta","Western Coal Basin","Upper Seam","8.13","467.89","37003","83.21","27.62","13.51","5923","22.983369","84.991565","809.17","High Fault Zone","Low","Mine Delta","8.13","83.21","27.62","13.51"
"73","2020-06-08","2020","June","Mine Gamma","Northern Coalfield","Seam D","4.45","191.67","14330","95.41","17.92","13.72","5886","24.076055","85.847588","828.7","Folded Zone","Low","Mine Gamma","4.45","95.41","17.92","13.72"
"74","2025-03-13","2025","March","Mine Beta","Eastern Coal Basin","Upper Seam","5.56","62.81","35589","72.55","11.4","9.34","3754","23.806516","86.120716","324.69","Moderate Fault Zone","Low","Mine Beta","5.56","72.55","11.4","9.34"
"75","2024-09-07","2024","September","Mine Beta","Eastern Coal Basin","Seam A","3.22","640.42","25459","81.75","29.56","3.43","6706","23.74318","86.135824","708.25","Boundary Zone","Low","Mine Beta","3.22","81.75","29.56","3.43"
"76","2020-12-22","2020","December","Mine Beta","Eastern Coal Basin","Seam A","2.13","302.58","2881","66.97","20.1","6.71","5697","23.775201","86.122155","592.12","Boundary Zone","Low","Mine Beta","2.13","66.97","20.1","6.71"
"77","2018-09-07","2018","September","Mine Alpha","Central Coalfield","Seam D","7.39","305.76","9679","87.08","19.98","13.69","4692","23.414833","85.282619","598.29","Boundary Zone","Low","Mine Alpha","7.39","87.08","19.98","13.69"
"78","2022-04-10","2022","April","Mine Gamma","Northern Coalfield","Seam E","5.07","322.23","25556","68.07","26.95","13.09","5908","24.146896","85.892084","324.07","Folded Zone","Medium","Mine Gamma","5.07","68.07","26.95","13.09"
"79","2021-10-20","2021","October","Mine Delta","Western Coal Basin","Lower Seam","4.51","299.59","5471","78.23","25.96","6.87","4065","22.992299","84.936713","737.29","Stable Zone","Low","Mine Delta","4.51","78.23","25.96","6.87"
"80","2019-06-17","2019","June","Mine Gamma","Northern Coalfield","Seam E","1.64","623.97","7729","85.77","19.09","13.36","6982","24.112294","85.911584","214.47","High Fault Zone","Medium","Mine Gamma","1.64","85.77","19.09","13.36"
"81","2019-03-01","2019","March","Mine Gamma","Northern Coalfield","Seam E","4.9","142.84","20170","91.27","17.45","9.23","3925","24.097857","85.842616","467.51","Boundary Zone","High","Mine Gamma","4.9","91.27","17.45","9.23"
"82","2024-11-18","2024","November","Mine Omega","Southern Coalfield","Upper Seam","5.89","65.75","43987","90.71","15.22","4.35","6100","22.430898","85.623982","184.09","Moderate Fault Zone","Low","Mine Omega","5.89","90.71","15.22","4.35"
"83","2018-10-13","2018","October","Mine Delta","Western Coal Basin","Seam B","6.61","633.09","7854","81.44","18.16","7.9","4082","22.931164","84.962438","810.74","Boundary Zone","Low","Mine Delta","6.61","81.44","18.16","7.9"
"84","2019-09-30","2019","September","Mine Alpha","Central Coalfield","Seam B","6.71","79.86","7461","78.74","19.45","9.89","5032","23.421557","85.321235","411.27","Stable Zone","Low","Mine Alpha","6.71","78.74","19.45","9.89"
"85","2023-06-17","2023","June","Mine Omega","Southern Coalfield","Seam E","6.07","77.25","21029","83.58","8.21","5.92","4282","22.413723","85.615552","399.84","Stable Zone","Low","Mine Omega","6.07","83.58","8.21","5.92"
"86","2019-12-21","2019","December","Mine Delta","Western Coal Basin","Seam B","3.98","472.2","16923","90.83","29.77","2.94","6689","22.90423","84.931874","797.18","High Fault Zone","Low","Mine Delta","3.98","90.83","29.77","2.94"
"87","2022-07-15","2022","July","Mine Omega","Southern Coalfield","Upper Seam","5.87","223.71","20767","94.95","12.64","14.32","5202","22.468961","85.626185","472.6","Stable Zone","Low","Mine Omega","5.87","94.95","12.64","14.32"
"88","2022-06-29","2022","June","Mine Omega","Southern Coalfield","Seam E","1.77","572.31","10786","71.87","29.04","2.99","5843","22.45306","85.60939","700.07","High Fault Zone","Medium","Mine Omega","1.77","71.87","29.04","2.99"
"89","2020-08-25","2020","August","Mine Beta","Eastern Coal Basin","Seam A","2.27","168.36","11391","88.57","25.7","4.3","6360","23.779412","86.175445","689.12","Folded Zone","Medium","Mine Beta","2.27","88.57","25.7","4.3"
"90","2025-03-18","2025","March","Mine Omega","Southern Coalfield","Upper Seam","8.4","243.92","65371","74.8","19.87","8.1","5836","22.479633","85.649142","415.8","Stable Zone","Low","Mine Omega","8.4","74.8","19.87","8.1"
"91","2018-06-04","2018","June","Mine Delta","Western Coal Basin","Seam A","3.89","222.25","20753","95.3","10.44","9.72","4923","22.958033","85.025423","675.08","Stable Zone","Low","Mine Delta","3.89","95.3","10.44","9.72"
"92","2025-04-23","2025","April","Mine Omega","Southern Coalfield","Seam B","3.55","335.38","5792","66.92","10.79","13.69","4771","22.471432","85.640455","295.61","Moderate Fault Zone","Medium","Mine Omega","3.55","66.92","10.79","13.69"
"93","2023-11-17","2023","November","Mine Delta","Western Coal Basin","Seam E","5.65","268.34","41723","77.01","28.91","10.83","3694","22.963089","84.963465","400.89","Boundary Zone","Medium","Mine Delta","5.65","77.01","28.91","10.83"
"94","2020-10-29","2020","October","Mine Gamma","Northern Coalfield","Upper Seam","7.42","628.65","37250","69.66","10.2","10.63","6892","24.101023","85.885605","623.63","Moderate Fault Zone","Low","Mine Gamma","7.42","69.66","10.2","10.63"
"95","2021-06-22","2021","June","Mine Alpha","Central Coalfield","Seam E","3.95","525.0","26066","85.77","30.38","11.6","6036","23.452639","85.334602","463.68","High Fault Zone","Low","Mine Alpha","3.95","85.77","30.38","11.6"
"96","2020-01-09","2020","January","Mine Gamma","Northern Coalfield","Seam B","3.69","509.69","7159","96.0","12.18","5.85","6416","24.120769","85.873977","674.89","Boundary Zone","Low","Mine Gamma","3.69","96.0","12.18","5.85"
"97","2026-08-05","2026","August","Mine Gamma","Northern Coalfield","Seam E","2.16","276.03","3708","90.77","28.82","12.52","4112","24.113767","85.861086","633.16","Moderate Fault Zone","High","Mine Gamma","2.16","90.77","28.82","12.52"
"98","2021-03-13","2021","March","Mine Omega","Southern Coalfield","Lower Seam","6.66","319.36","30004","74.59","29.83","8.1","6590","22.436784","85.684713","839.57","Folded Zone","Medium","Mine Omega","6.66","74.59","29.83","8.1"
"99","2023-08-22","2023","August","Mine Delta","Western Coal Basin","Seam E","4.26","147.23","8510","83.74","31.57","2.68","5278","22.937121","85.023429","656.64","Boundary Zone","Medium","Mine Delta","4.26","83.74","31.57","2.68"
"100","2018-12-10","2018","December","Mine Gamma","Northern Coalfield","Lower Seam","2.37","319.59","10310","90.76","10.48","13.84","6522","24.158463","85.913047","457.98","Folded Zone","Low","Mine Gamma","2.37","90.76","10.48","13.84"
"101","2022-05-01","2022","May","Mine Beta","Eastern Coal Basin","Seam A","3.94","66.91","29476","91.01","25.55","12.29","4009","23.758688","86.182976","646.37","Moderate Fault Zone","Medium","Mine Beta","3.94","91.01","25.55","12.29"
"102","2023-01-12","2023","January","Mine Delta","Western Coal Basin","Seam E","1.24","97.54","3000","90.88","22.82","11.45","5453","22.911119","84.95881","381.77","Stable Zone","Low","Mine Delta","1.24","90.88","22.82","11.45"
"103","2023-02-16","2023","February","Mine Omega","Southern Coalfield","Seam A","2.01","593.09","10001","65.51","21.92","5.15","4031","22.442924","85.651481","341.18","Folded Zone","Low","Mine Omega","2.01","65.51","21.92","5.15"
"104","2023-11-15","2023","November","Mine Alpha","Central Coalfield","Seam C","1.69","365.64","7275","95.64","22.96","7.08","5239","23.463567","85.368104","349.95","Stable Zone","Low","Mine Alpha","1.69","95.64","22.96","7.08"
"105","2021-11-13","2021","November","Mine Alpha","Central Coalfield","Seam B","6.55","426.95","41175","87.79","16.98","2.58","5520","23.481351","85.287509","702.03","Folded Zone","High","Mine Alpha","6.55","87.79","16.98","2.58"
"106","2025-01-31","2025","January","Mine Delta","Western Coal Basin","Seam B","7.12","87.86","45009","79.19","15.92","2.57","4238","22.904191","85.023337","525.31","Boundary Zone","Low","Mine Delta","7.12","79.19","15.92","2.57"
"107","2026-06-13","2026","June","Mine Alpha","Central Coalfield","Upper Seam","2.6","264.18","16526","91.84","16.96","3.62","4862","23.488949","85.344331","779.41","Folded Zone","Low","Mine Alpha","2.6","91.84","16.96","3.62"
"108","2023-07-26","2023","July","Mine Beta","Eastern Coal Basin","Upper Seam","4.83","604.59","21226","89.84","27.63","3.03","5729","23.812234","86.154547","395.21","Stable Zone","Low","Mine Beta","4.83","89.84","27.63","3.03"
"109","2021-06-09","2021","June","Mine Gamma","Northern Coalfield","Seam D","5.6","305.67","31770","75.9","9.14","13.31","4804","24.169815","85.847456","836.62","Stable Zone","Low","Mine Gamma","5.6","75.9","9.14","13.31"
"110","2022-01-28","2022","January","Mine Delta","Western Coal Basin","Seam E","7.05","457.65","53904","69.43","24.4","12.16","3629","22.906723","85.007852","425.44","Folded Zone","High","Mine Delta","7.05","69.43","24.4","12.16"
"111","2024-10-14","2024","October","Mine Alpha","Central Coalfield","Seam B","6.16","619.29","20267","88.66","23.5","8.88","4973","23.464956","85.294961","256.01","Moderate Fault Zone","Low","Mine Alpha","6.16","88.66","23.5","8.88"
"112","2024-04-19","2024","April","Mine Delta","Western Coal Basin","Seam A","3.11","206.17","11964","95.89","15.71","13.91","5317","22.912264","85.015283","482.87","Folded Zone","High","Mine Delta","3.11","95.89","15.71","13.91"
"113","2025-06-28","2025","June","Mine Gamma","Northern Coalfield","Seam C","6.38","380.0","17084","74.3","12.25","11.22","6091","24.087409","85.856149","330.24","Moderate Fault Zone","Medium","Mine Gamma","6.38","74.3","12.25","11.22"
"114","2023-07-17","2023","July","Mine Beta","Eastern Coal Basin","Seam A","3.83","393.37","15341","95.47","11.5","13.5","3743","23.769816","86.171693","500.71","Folded Zone","Medium","Mine Beta","3.83","95.47","11.5","13.5"
"115","2018-10-30","2018","October","Mine Omega","Southern Coalfield","Seam B","8.3","435.4","32161","86.08","17.3","13.41","6387","22.463979","85.608196","827.4","Folded Zone","Low","Mine Omega","8.3","86.08","17.3","13.41"
"116","2019-05-24","2019","May","Mine Alpha","Central Coalfield","Seam E","2.32","148.79","6774","86.99","17.34","14.23","6811","23.484593","85.295061","605.49","Boundary Zone","Low","Mine Alpha","2.32","86.99","17.34","14.23"
"117","2024-11-21","2024","November","Mine Gamma","Northern Coalfield","Seam E","1.88","434.59","9284","83.0","12.62","10.12","6837","24.103762","85.912393","207.6","Stable Zone","Low","Mine Gamma","1.88","83.0","12.62","10.12"
"118","2020-12-20","2020","December","Mine Omega","Southern Coalfield","Upper Seam","2.74","393.28","14072","65.94","32.0","9.09","5875","22.430209","85.614488","720.92","Folded Zone","Low","Mine Omega","2.74","65.94","32.0","9.09"
"119","2025-09-21","2025","September","Mine Alpha","Central Coalfield","Seam A","2.35","299.37","9361","75.55","11.88","13.2","4681","23.498802","85.304537","447.14","High Fault Zone","Low","Mine Alpha","2.35","75.55","11.88","13.2"
"120","2021-07-31","2021","July","Mine Alpha","Central Coalfield","Seam B","4.61","210.48","10877","68.0","15.84","6.99","5777","23.424827","85.356531","287.0","High Fault Zone","High","Mine Alpha","4.61","68.0","15.84","6.99"
"121","2020-02-17","2020","February","Mine Gamma","Northern Coalfield","Lower Seam","2.36","647.58","9443","92.25","21.43","3.17","4955","24.115723","85.844073","570.84","Stable Zone","Low","Mine Gamma","2.36","92.25","21.43","3.17"
"122","2024-09-13","2024","September","Mine Delta","Western Coal Basin","Lower Seam","5.98","332.35","27061","91.26","19.64","13.47","6192","22.976386","84.966594","448.39","Boundary Zone","Low","Mine Delta","5.98","91.26","19.64","13.47"
"123","2024-03-16","2024","March","Mine Gamma","Northern Coalfield","Seam C","1.74","352.55","10845","73.67","34.71","10.85","3940","24.167508","85.85939","712.58","High Fault Zone","Low","Mine Gamma","1.74","73.67","34.71","10.85"
"124","2026-06-20","2026","June","Mine Gamma","Northern Coalfield","Seam B","2.65","355.47","11264","66.4","11.7","6.33","5253","24.115699","85.880626","525.39","High Fault Zone","High","Mine Gamma","2.65","66.4","11.7","6.33"
"125","2019-10-28","2019","October","Mine Gamma","Northern Coalfield","Seam D","8.43","493.59","23134","75.43","30.36","8.92","6122","24.099979","85.901575","426.8","Stable Zone","High","Mine Gamma","8.43","75.43","30.36","8.92"
"126","2021-06-14","2021","June","Mine Omega","Southern Coalfield","Lower Seam","7.76","573.26","40503","83.5","15.17","10.52","7097","22.457847","85.612754","214.41","Folded Zone","Low","Mine Omega","7.76","83.5","15.17","10.52"
"127","2022-04-07","2022","April","Mine Omega","Southern Coalfield","Seam B","7.2","195.32","34519","86.72","13.15","7.73","5049","22.441296","85.610389","516.22","Boundary Zone","High","Mine Omega","7.2","86.72","13.15","7.73"
"128","2025-11-30","2025","November","Mine Alpha","Central Coalfield","Seam B","4.99","386.53","39850","79.83","18.17","14.44","5201","23.453313","85.324627","632.83","High Fault Zone","Medium","Mine Alpha","4.99","79.83","18.17","14.44"
"129","2020-10-06","2020","October","Mine Beta","Eastern Coal Basin","Seam C","5.27","184.92","41089","74.23","15.8","4.69","6108","23.761704","86.13488","805.58","High Fault Zone","Low","Mine Beta","5.27","74.23","15.8","4.69"
"130","2025-08-03","2025","August","Mine Omega","Southern Coalfield","Seam E","3.97","638.1","26352","94.59","29.72","5.78","4564","22.471414","85.624636","476.39","High Fault Zone","Medium","Mine Omega","3.97","94.59","29.72","5.78"
"131","2020-04-07","2020","April","Mine Beta","Eastern Coal Basin","Lower Seam","5.13","609.81","29350","69.26","24.62","9.63","4397","23.796983","86.153104","607.42","Stable Zone","Low","Mine Beta","5.13","69.26","24.62","9.63"
"132","2026-01-17","2026","January","Mine Gamma","Northern Coalfield","Seam D","1.93","512.46","1040","82.06","33.09","7.29","6960","24.15784","85.867745","313.64","High Fault Zone","Low","Mine Gamma","1.93","82.06","33.09","7.29"
"133","2026-08-15","2026","August","Mine Alpha","Central Coalfield","Seam A","5.96","189.33","35999","91.36","9.01","13.98","5046","23.48376","85.363392","204.35","Folded Zone","Medium","Mine Alpha","5.96","91.36","9.01","13.98"
"134","2026-05-26","2026","May","Mine Beta","Eastern Coal Basin","Lower Seam","7.96","576.05","4533","82.61","10.9","14.78","4553","23.82891","86.15433","510.92","Moderate Fault Zone","Medium","Mine Beta","7.96","82.61","10.9","14.78"
"135","2021-01-22","2021","January","Mine Delta","Western Coal Basin","Seam B","7.1","248.41","42482","85.1","27.4","2.18","4747","22.929502","84.99744","309.42","Boundary Zone","Medium","Mine Delta","7.1","85.1","27.4","2.18"
"136","2022-10-18","2022","October","Mine Delta","Western Coal Basin","Seam E","3.59","290.5","4363","95.43","20.89","14.17","3525","22.938357","84.974674","358.89","High Fault Zone","Low","Mine Delta","3.59","95.43","20.89","14.17"
"137","2018-02-16","2018","February","Mine Omega","Southern Coalfield","Seam C","5.97","465.66","5767","68.66","16.28","7.27","5359","22.489512","85.660356","388.36","Stable Zone","Medium","Mine Omega","5.97","68.66","16.28","7.27"
"138","2022-02-14","2022","February","Mine Gamma","Northern Coalfield","Seam E","2.81","624.42","11483","79.1","34.7","6.86","6097","24.16128","85.895735","717.34","Moderate Fault Zone","Medium","Mine Gamma","2.81","79.1","34.7","6.86"
"139","2018-12-02","2018","December","Mine Omega","Southern Coalfield","Seam E","4.46","472.26","4843","82.49","9.67","9.12","5370","22.45727","85.604985","399.84","Boundary Zone","Low","Mine Omega","4.46","82.49","9.67","9.12"
"140","2026-01-15","2026","January","Mine Beta","Eastern Coal Basin","Seam E","4.77","589.33","18322","66.72","11.56","7.4","5586","23.78588","86.167277","386.47","Stable Zone","Low","Mine Beta","4.77","66.72","11.56","7.4"
"141","2026-05-13","2026","May","Mine Alpha","Central Coalfield","Seam B","5.42","77.17","16715","66.98","34.84","14.15","3755","23.493378","85.273173","453.94","Moderate Fault Zone","Medium","Mine Alpha","5.42","66.98","34.84","14.15"
"142","2022-03-14","2022","March","Mine Delta","Western Coal Basin","Seam D","4.47","600.27","14891","67.49","34.03","13.37","3992","22.986029","84.941863","845.21","Folded Zone","Low","Mine Delta","4.47","67.49","34.03","13.37"
"143","2018-01-15","2018","January","Mine Beta","Eastern Coal Basin","Lower Seam","1.37","229.02","7605","81.88","22.36","12.7","4416","23.764616","86.127565","808.06","Stable Zone","Low","Mine Beta","1.37","81.88","22.36","12.7"
"144","2024-11-23","2024","November","Mine Delta","Western Coal Basin","Lower Seam","8.03","583.42","18509","67.09","24.04","7.8","5986","22.987221","84.954473","209.64","Folded Zone","Low","Mine Delta","8.03","67.09","24.04","7.8"
"145","2026-06-17","2026","June","Mine Beta","Eastern Coal Basin","Lower Seam","6.87","134.08","54624","72.26","32.74","9.49","5637","23.807254","86.181838","338.73","Moderate Fault Zone","High","Mine Beta","6.87","72.26","32.74","9.49"
"146","2020-06-24","2020","June","Mine Omega","Southern Coalfield","Seam D","3.39","86.57","25811","92.27","32.61","10.14","5081","22.449562","85.687229","810.86","Folded Zone","Medium","Mine Omega","3.39","92.27","32.61","10.14"
"147","2025-10-23","2025","October","Mine Gamma","Northern Coalfield","Seam D","4.18","229.93","7855","81.68","14.51","4.93","6673","24.084435","85.866303","218.61","Folded Zone","High","Mine Gamma","4.18","81.68","14.51","4.93"
"148","2023-12-11","2023","December","Mine Omega","Southern Coalfield","Seam B","4.04","203.0","12027","67.45","20.14","6.82","5482","22.482941","85.595154","432.7","Boundary Zone","Medium","Mine Omega","4.04","67.45","20.14","6.82"
"149","2020-02-10","2020","February","Mine Alpha","Central Coalfield","Lower Seam","6.76","484.58","31714","79.86","31.48","6.33","7041","23.401533","85.363716","824.59","Stable Zone","Medium","Mine Alpha","6.76","79.86","31.48","6.33"
"150","2020-09-20","2020","September","Mine Delta","Western Coal Basin","Upper Seam","5.61","172.71","41309","82.11","28.94","6.95","5475","22.935926","84.956156","523.59","Folded Zone","Low","Mine Delta","5.61","82.11","28.94","6.95"
"151","2026-07-17","2026","July","Mine Delta","Western Coal Basin","Lower Seam","3.54","171.88","10078","66.42","31.33","11.64","3560","22.955331","84.988403","662.41","High Fault Zone","Low","Mine Delta","3.54","66.42","31.33","11.64"
"152","2020-07-31","2020","July","Mine Gamma","Northern Coalfield","Seam D","5.36","197.44","24816","94.25","17.11","11.92","5308","24.142356","85.893959","488.76","High Fault Zone","Low","Mine Gamma","5.36","94.25","17.11","11.92"
"153","2023-06-24","2023","June","Mine Omega","Southern Coalfield","Seam B","7.89","375.28","41924","66.82","8.91","13.01","6997","22.466822","85.666434","456.3","Moderate Fault Zone","Low","Mine Omega","7.89","66.82","8.91","13.01"
"154","2018-02-07","2018","February","Mine Beta","Eastern Coal Basin","Seam B","4.89","273.92","25104","85.67","24.65","8.28","5305","23.730661","86.155164","187.94","Boundary Zone","Medium","Mine Beta","4.89","85.67","24.65","8.28"
"155","2021-03-20","2021","March","Mine Omega","Southern Coalfield","Seam A","4.87","468.72","18162","94.13","12.84","13.93","5440","22.424097","85.651978","349.12","High Fault Zone","Low","Mine Omega","4.87","94.13","12.84","13.93"
"156","2018-11-20","2018","November","Mine Delta","Western Coal Basin","Seam C","8.2","325.4","19057","86.61","16.1","12.76","3798","22.999167","84.994989","201.23","Folded Zone","Low","Mine Delta","8.2","86.61","16.1","12.76"
"157","2023-05-04","2023","May","Mine Omega","Southern Coalfield","Seam A","5.85","471.71","6553","91.21","25.41","6.31","7116","22.497384","85.679479","795.83","Moderate Fault Zone","Low","Mine Omega","5.85","91.21","25.41","6.31"
"158","2023-05-02","2023","May","Mine Omega","Southern Coalfield","Seam C","1.54","94.61","11461","92.88","23.21","2.43","6936","22.431448","85.686147","573.31","Folded Zone","High","Mine Omega","1.54","92.88","23.21","2.43"
"159","2019-10-28","2019","October","Mine Gamma","Northern Coalfield","Seam E","2.96","550.79","10119","92.79","16.96","11.82","4018","24.168848","85.892416","515.53","High Fault Zone","Low","Mine Gamma","2.96","92.79","16.96","11.82"
"160","2020-08-08","2020","August","Mine Delta","Western Coal Basin","Lower Seam","1.75","413.1","8932","83.46","34.16","6.24","5846","22.978355","84.975055","332.85","Boundary Zone","High","Mine Delta","1.75","83.46","34.16","6.24"
"161","2020-01-31","2020","January","Mine Delta","Western Coal Basin","Upper Seam","5.48","278.04","34476","74.16","14.65","2.96","4491","22.938","85.008389","283.37","Folded Zone","Low","Mine Delta","5.48","74.16","14.65","2.96"
"162","2019-01-10","2019","January","Mine Alpha","Central Coalfield","Seam A","8.08","316.84","50178","68.17","10.36","7.6","5561","23.451244","85.280329","240.04","Boundary Zone","Low","Mine Alpha","8.08","68.17","10.36","7.6"
"163","2021-08-21","2021","August","Mine Omega","Southern Coalfield","Lower Seam","4.01","225.11","13668","67.63","32.33","13.77","7119","22.457196","85.606958","435.09","Moderate Fault Zone","Low","Mine Omega","4.01","67.63","32.33","13.77"
"164","2023-07-13","2023","July","Mine Gamma","Northern Coalfield","Seam B","1.66","310.81","6073","80.01","10.08","5.27","4412","24.132503","85.879381","311.02","Stable Zone","Low","Mine Gamma","1.66","80.01","10.08","5.27"
"165","2022-06-09","2022","June","Mine Alpha","Central Coalfield","Seam C","7.34","277.93","51134","78.65","19.63","12.71","5909","23.459439","85.300044","584.15","Moderate Fault Zone","Low","Mine Alpha","7.34","78.65","19.63","12.71"
"166","2022-06-20","2022","June","Mine Beta","Eastern Coal Basin","Seam C","3.33","466.97","13928","82.85","14.55","6.89","6521","23.769294","86.111389","557.78","Boundary Zone","High","Mine Beta","3.33","82.85","14.55","6.89"
"167","2025-08-24","2025","August","Mine Beta","Eastern Coal Basin","Lower Seam","5.22","621.8","20683","86.96","19.84","5.79","6063","23.811897","86.179566","454.12","Folded Zone","Low","Mine Beta","5.22","86.96","19.84","5.79"
"168","2020-09-18","2020","September","Mine Gamma","Northern Coalfield","Seam C","6.01","479.14","38573","67.29","34.75","8.23","4983","24.120661","85.912039","643.44","Boundary Zone","Low","Mine Gamma","6.01","67.29","34.75","8.23"
"169","2025-11-13","2025","November","Mine Gamma","Northern Coalfield","Lower Seam","5.12","432.91","5823","88.84","25.76","6.62","5894","24.07443","85.918361","633.91","Folded Zone","High","Mine Gamma","5.12","88.84","25.76","6.62"
"170","2022-10-30","2022","October","Mine Gamma","Northern Coalfield","Seam A","1.28","205.24","5542","81.08","23.67","9.48","5149","24.109113","85.897234","574.36","Boundary Zone","Low","Mine Gamma","1.28","81.08","23.67","9.48"
"171","2023-06-01","2023","June","Mine Alpha","Central Coalfield","Seam A","3.36","602.33","3844","90.77","27.71","6.53","4769","23.478427","85.322111","413.36","Stable Zone","Low","Mine Alpha","3.36","90.77","27.71","6.53"
"172","2021-07-30","2021","July","Mine Delta","Western Coal Basin","Seam A","3.39","536.11","4621","91.32","25.5","10.8","4108","22.99839","84.954391","296.88","Moderate Fault Zone","Low","Mine Delta","3.39","91.32","25.5","10.8"
"173","2023-03-08","2023","March","Mine Delta","Western Coal Basin","Seam B","7.02","427.86","13323","85.38","18.68","11.59","6767","22.944958","84.972955","182.98","Moderate Fault Zone","Low","Mine Delta","7.02","85.38","18.68","11.59"
"174","2024-06-22","2024","June","Mine Alpha","Central Coalfield","Seam A","7.04","372.13","22834","71.11","11.08","10.72","5311","23.496592","85.30134","440.39","Folded Zone","Low","Mine Alpha","7.04","71.11","11.08","10.72"
"175","2021-12-12","2021","December","Mine Gamma","Northern Coalfield","Lower Seam","4.54","153.52","25206","89.82","32.8","9.67","5987","24.101319","85.843857","258.36","High Fault Zone","Medium","Mine Gamma","4.54","89.82","32.8","9.67"
"176","2022-05-11","2022","May","Mine Omega","Southern Coalfield","Seam D","5.55","394.88","20384","80.09","22.51","13.95","6944","22.417323","85.606687","373.52","Moderate Fault Zone","Low","Mine Omega","5.55","80.09","22.51","13.95"
"177","2024-12-12","2024","December","Mine Delta","Western Coal Basin","Seam A","7.52","621.11","31092","71.05","18.37","9.3","5916","22.940913","84.979173","655.8","Folded Zone","Low","Mine Delta","7.52","71.05","18.37","9.3"
"178","2024-05-04","2024","May","Mine Alpha","Central Coalfield","Seam A","7.01","182.32","5224","71.97","15.79","12.15","5593","23.477255","85.319531","522.24","Boundary Zone","Low","Mine Alpha","7.01","71.97","15.79","12.15"
"179","2022-02-11","2022","February","Mine Omega","Southern Coalfield","Seam E","7.21","74.97","42484","81.94","34.72","3.33","6571","22.475135","85.619771","849.54","Folded Zone","Low","Mine Omega","7.21","81.94","34.72","3.33"
"180","2022-12-04","2022","December","Mine Alpha","Central Coalfield","Lower Seam","8.46","515.38","19264","90.13","23.87","6.56","6130","23.463277","85.286598","273.29","Moderate Fault Zone","Medium","Mine Alpha","8.46","90.13","23.87","6.56"
"181","2024-05-24","2024","May","Mine Alpha","Central Coalfield","Seam C","5.09","408.11","8973","95.35","15.9","9.45","7024","23.451441","85.360016","726.17","Moderate Fault Zone","High","Mine Alpha","5.09","95.35","15.9","9.45"
"182","2018-08-31","2018","August","Mine Delta","Western Coal Basin","Seam C","7.53","126.13","52677","72.74","27.21","12.77","6317","22.967623","84.978946","566.88","High Fault Zone","Medium","Mine Delta","7.53","72.74","27.21","12.77"
"183","2023-01-26","2023","January","Mine Delta","Western Coal Basin","Seam A","5.83","578.08","6986","80.98","15.51","14.17","4866","22.995025","84.962729","181.66","Stable Zone","Medium","Mine Delta","5.83","80.98","15.51","14.17"
"184","2025-02-13","2025","February","Mine Delta","Western Coal Basin","Upper Seam","6.29","560.06","40681","77.33","34.14","12.72","5330","22.932287","84.958359","546.7","Moderate Fault Zone","Low","Mine Delta","6.29","77.33","34.14","12.72"
"185","2021-11-08","2021","November","Mine Delta","Western Coal Basin","Upper Seam","6.76","77.57","35127","90.94","8.44","14.08","4085","22.945652","85.029184","466.63","Moderate Fault Zone","Medium","Mine Delta","6.76","90.94","8.44","14.08"
"186","2019-10-14","2019","October","Mine Gamma","Northern Coalfield","Lower Seam","8.01","214.41","43329","72.76","18.04","13.75","4112","24.109634","85.850551","648.63","Moderate Fault Zone","Low","Mine Gamma","8.01","72.76","18.04","13.75"
"187","2025-11-22","2025","November","Mine Alpha","Central Coalfield","Seam A","1.21","336.08","1809","72.01","26.36","2.12","6074","23.481711","85.368815","462.95","Moderate Fault Zone","Low","Mine Alpha","1.21","72.01","26.36","2.12"
"188","2022-04-19","2022","April","Mine Beta","Eastern Coal Basin","Seam A","6.53","111.46","18611","92.31","11.7","12.05","6287","23.743315","86.199294","275.71","Boundary Zone","Low","Mine Beta","6.53","92.31","11.7","12.05"
"189","2025-04-16","2025","April","Mine Omega","Southern Coalfield","Seam B","4.41","483.46","22979","69.69","19.12","10.93","6682","22.408669","85.600047","684.14","Boundary Zone","Medium","Mine Omega","4.41","69.69","19.12","10.93"
"190","2022-10-25","2022","October","Mine Gamma","Northern Coalfield","Seam C","6.97","198.67","37183","72.69","24.23","11.38","4554","24.164128","85.822682","747.54","High Fault Zone","Low","Mine Gamma","6.97","72.69","24.23","11.38"
"191","2023-09-19","2023","September","Mine Omega","Southern Coalfield","Seam B","6.66","227.33","6056","92.84","33.78","8.43","3917","22.449958","85.649393","533.95","Stable Zone","High","Mine Omega","6.66","92.84","33.78","8.43"
"192","2019-06-25","2019","June","Mine Gamma","Northern Coalfield","Seam D","7.48","391.03","24240","86.17","28.59","14.41","6350","24.071669","85.826753","355.66","Stable Zone","High","Mine Gamma","7.48","86.17","28.59","14.41"
"193","2023-09-07","2023","September","Mine Delta","Western Coal Basin","Seam C","5.79","350.63","20935","86.76","10.23","8.98","5779","22.927747","84.960991","522.57","Moderate Fault Zone","High","Mine Delta","5.79","86.76","10.23","8.98"
"194","2024-01-07","2024","January","Mine Beta","Eastern Coal Basin","Seam C","4.05","430.58","27374","86.11","9.79","11.08","6201","23.814647","86.105791","237.76","Folded Zone","Low","Mine Beta","4.05","86.11","9.79","11.08"
"195","2024-10-29","2024","October","Mine Omega","Southern Coalfield","Seam A","3.46","495.02","20950","68.7","27.11","11.12","4106","22.495302","85.642301","704.6","High Fault Zone","Low","Mine Omega","3.46","68.7","27.11","11.12"
"196","2026-05-30","2026","May","Mine Beta","Eastern Coal Basin","Lower Seam","7.58","489.76","10502","92.9","17.05","7.58","5438","23.756295","86.197505","600.45","Folded Zone","Low","Mine Beta","7.58","92.9","17.05","7.58"
"197","2018-08-16","2018","August","Mine Gamma","Northern Coalfield","Seam D","7.47","150.13","12548","88.97","32.15","10.76","3927","24.144078","85.820257","755.32","Stable Zone","Low","Mine Gamma","7.47","88.97","32.15","10.76"
"198","2022-01-30","2022","January","Mine Delta","Western Coal Basin","Seam D","7.92","157.38","61004","66.1","29.68","11.28","5926","22.922452","84.954826","793.62","High Fault Zone","Low","Mine Delta","7.92","66.1","29.68","11.28"
"199","2024-05-30","2024","May","Mine Alpha","Central Coalfield","Seam C","2.07","454.0","1853","71.92","21.93","2.6","4983","23.487699","85.356603","698.26","High Fault Zone","Low","Mine Alpha","2.07","71.92","21.93","2.6"
"200","2023-02-14","2023","February","Mine Omega","Southern Coalfield","Seam A","3.89","224.96","24833","87.93","14.55","6.79","7096","22.499779","85.667589","670.75","Boundary Zone","Medium","Mine Omega","3.89","87.93","14.55","6.79"
"201","2019-09-09","2019","September","Mine Beta","Eastern Coal Basin","Seam A","8.01","64.35","36538","84.71","26.72","2.12","4740","23.805893","86.137627","674.52","High Fault Zone","Low","Mine Beta","8.01","84.71","26.72","2.12"
"202","2020-09-02","2020","September","Mine Omega","Southern Coalfield","Seam D","4.79","85.94","38211","87.06","10.51","13.98","6820","22.451976","85.660085","429.57","Stable Zone","Low","Mine Omega","4.79","87.06","10.51","13.98"
"203","2019-07-01","2019","July","Mine Omega","Southern Coalfield","Upper Seam","7.19","94.9","34215","78.48","34.03","5.08","4466","22.431501","85.670082","649.49","High Fault Zone","Low","Mine Omega","7.19","78.48","34.03","5.08"
"204","2020-08-14","2020","August","Mine Gamma","Northern Coalfield","Seam A","8.09","131.67","50774","68.38","10.85","7.84","4662","24.082074","85.855829","696.13","Folded Zone","Low","Mine Gamma","8.09","68.38","10.85","7.84"
"205","2019-05-07","2019","May","Mine Gamma","Northern Coalfield","Seam A","2.35","461.63","15740","86.6","9.09","12.87","4713","24.079121","85.844822","418.35","Boundary Zone","Low","Mine Gamma","2.35","86.6","9.09","12.87"
"206","2020-12-01","2020","December","Mine Gamma","Northern Coalfield","Lower Seam","8.43","68.65","29783","79.02","28.2","5.25","5210","24.15039","85.833979","188.01","Moderate Fault Zone","Low","Mine Gamma","8.43","79.02","28.2","5.25"
"207","2022-03-05","2022","March","Mine Delta","Western Coal Basin","Upper Seam","5.8","436.81","28231","73.02","29.94","2.28","3739","22.99025","84.974343","266.29","High Fault Zone","Low","Mine Delta","5.8","73.02","29.94","2.28"
"208","2018-07-27","2018","July","Mine Delta","Western Coal Basin","Seam B","7.95","309.89","47169","80.38","18.33","7.55","4810","22.99083","84.957498","478.83","Moderate Fault Zone","Low","Mine Delta","7.95","80.38","18.33","7.55"
"209","2024-12-02","2024","December","Mine Omega","Southern Coalfield","Seam B","5.93","349.33","42227","79.85","10.37","6.98","5051","22.464265","85.66972","346.93","Boundary Zone","Medium","Mine Omega","5.93","79.85","10.37","6.98"
"210","2025-12-31","2025","December","Mine Delta","Western Coal Basin","Seam C","4.7","518.86","14477","82.54","16.68","5.52","3596","22.959712","84.93293","723.16","High Fault Zone","Low","Mine Delta","4.7","82.54","16.68","5.52"
"211","2023-12-09","2023","December","Mine Delta","Western Coal Basin","Seam C","6.8","649.76","53073","68.1","25.74","5.46","6520","22.991726","84.935591","847.58","Moderate Fault Zone","Low","Mine Delta","6.8","68.1","25.74","5.46"
"212","2021-12-24","2021","December","Mine Delta","Western Coal Basin","Lower Seam","8.44","154.23","19194","74.86","27.93","6.66","5689","22.970345","84.965168","560.33","Moderate Fault Zone","Low","Mine Delta","8.44","74.86","27.93","6.66"
"213","2023-07-10","2023","July","Mine Beta","Eastern Coal Basin","Seam E","3.46","344.26","4072","72.21","13.91","8.84","3503","23.82179","86.120146","267.43","Moderate Fault Zone","High","Mine Beta","3.46","72.21","13.91","8.84"
"214","2018-09-01","2018","September","Mine Gamma","Northern Coalfield","Seam A","2.28","472.82","3562","68.44","22.21","6.74","3768","24.140454","85.886214","572.63","High Fault Zone","Low","Mine Gamma","2.28","68.44","22.21","6.74"
"215","2019-10-08","2019","October","Mine Beta","Eastern Coal Basin","Upper Seam","8.13","525.11","62641","85.12","12.7","14.59","6066","23.822885","86.178699","329.57","Boundary Zone","Medium","Mine Beta","8.13","85.12","12.7","14.59"
"216","2021-06-10","2021","June","Mine Delta","Western Coal Basin","Upper Seam","6.23","126.41","37170","94.41","33.61","7.09","7179","22.996518","84.933238","583.6","Boundary Zone","Low","Mine Delta","6.23","94.41","33.61","7.09"
"217","2019-03-03","2019","March","Mine Omega","Southern Coalfield","Seam D","2.23","497.21","5095","95.45","12.53","13.51","3828","22.470897","85.65391","774.06","Folded Zone","Low","Mine Omega","2.23","95.45","12.53","13.51"
"218","2020-10-19","2020","October","Mine Beta","Eastern Coal Basin","Upper Seam","1.69","203.99","2214","65.04","18.42","11.52","7086","23.818455","86.149308","433.74","Boundary Zone","Low","Mine Beta","1.69","65.04","18.42","11.52"
"219","2024-06-25","2024","June","Mine Delta","Western Coal Basin","Upper Seam","6.74","185.35","26183","89.78","8.9","2.26","4466","22.910473","84.964181","774.91","Moderate Fault Zone","Medium","Mine Delta","6.74","89.78","8.9","2.26"
"220","2019-01-17","2019","January","Mine Omega","Southern Coalfield","Seam C","5.54","418.19","22828","65.96","33.45","4.14","6792","22.41571","85.600126","317.72","Moderate Fault Zone","Low","Mine Omega","5.54","65.96","33.45","4.14"
"221","2026-02-05","2026","February","Mine Omega","Southern Coalfield","Upper Seam","5.14","446.36","14035","67.97","18.61","9.15","5317","22.40545","85.590382","238.71","Boundary Zone","Low","Mine Omega","5.14","67.97","18.61","9.15"
"222","2018-04-16","2018","April","Mine Alpha","Central Coalfield","Seam B","2.45","225.09","2731","91.16","16.33","7.17","5310","23.466104","85.279114","544.56","Moderate Fault Zone","Low","Mine Alpha","2.45","91.16","16.33","7.17"
"223","2022-02-22","2022","February","Mine Delta","Western Coal Basin","Seam B","4.45","207.98","17746","72.01","15.25","2.8","6283","22.966747","84.938571","410.34","Boundary Zone","Low","Mine Delta","4.45","72.01","15.25","2.8"
"224","2020-07-20","2020","July","Mine Omega","Southern Coalfield","Seam E","1.65","282.26","7292","94.93","26.55","14.17","5619","22.423564","85.619885","444.52","Stable Zone","Low","Mine Omega","1.65","94.93","26.55","14.17"
"225","2024-05-29","2024","May","Mine Omega","Southern Coalfield","Upper Seam","8.37","138.47","63774","78.92","33.62","4.17","4284","22.419273","85.594268","232.51","Folded Zone","Low","Mine Omega","8.37","78.92","33.62","4.17"
"226","2024-09-03","2024","September","Mine Beta","Eastern Coal Basin","Seam C","3.53","486.26","23139","67.7","23.02","9.18","6670","23.781969","86.191716","188.28","Boundary Zone","Low","Mine Beta","3.53","67.7","23.02","9.18"
"227","2019-04-06","2019","April","Mine Delta","Western Coal Basin","Seam D","2.29","389.96","11152","94.91","10.71","3.37","6384","22.978575","85.016748","769.69","Folded Zone","Low","Mine Delta","2.29","94.91","10.71","3.37"
"228","2024-06-01","2024","June","Mine Delta","Western Coal Basin","Seam E","4.65","153.32","16379","84.17","26.38","7.22","4964","22.987896","84.999051","213.02","Folded Zone","High","Mine Delta","4.65","84.17","26.38","7.22"
"229","2018-03-24","2018","March","Mine Gamma","Northern Coalfield","Seam C","7.17","231.83","18661","80.24","26.8","3.28","6715","24.083439","85.917422","476.88","High Fault Zone","Low","Mine Gamma","7.17","80.24","26.8","3.28"
"230","2024-10-13","2024","October","Mine Delta","Western Coal Basin","Upper Seam","1.85","315.03","13599","77.62","21.08","8.71","4883","22.905621","85.009149","223.96","Boundary Zone","Low","Mine Delta","1.85","77.62","21.08","8.71"
"231","2024-05-18","2024","May","Mine Omega","Southern Coalfield","Seam A","2.47","575.11","4953","66.79","8.89","2.66","4833","22.419911","85.626835","491.03","Folded Zone","Medium","Mine Omega","2.47","66.79","8.89","2.66"
"232","2025-08-22","2025","August","Mine Alpha","Central Coalfield","Seam A","2.97","343.27","11422","94.78","20.81","9.17","4774","23.483765","85.295866","736.68","Stable Zone","Low","Mine Alpha","2.97","94.78","20.81","9.17"
"233","2018-07-23","2018","July","Mine Delta","Western Coal Basin","Seam B","7.43","517.9","15658","71.86","14.08","4.69","5911","22.951328","85.016463","827.98","Stable Zone","Low","Mine Delta","7.43","71.86","14.08","4.69"
"234","2025-04-05","2025","April","Mine Beta","Eastern Coal Basin","Seam B","5.59","55.08","13376","89.96","16.25","14.57","5878","23.772381","86.137648","413.64","High Fault Zone","Low","Mine Beta","5.59","89.96","16.25","14.57"
"235","2025-08-05","2025","August","Mine Gamma","Northern Coalfield","Seam E","7.22","288.29","9150","80.86","25.88","12.96","4885","24.134734","85.880905","379.98","Stable Zone","Low","Mine Gamma","7.22","80.86","25.88","12.96"
"236","2021-02-06","2021","February","Mine Gamma","Northern Coalfield","Upper Seam","3.57","216.13","19353","94.52","25.59","4.45","5414","24.09403","85.825677","754.4","Boundary Zone","Low","Mine Gamma","3.57","94.52","25.59","4.45"
"237","2025-08-20","2025","August","Mine Gamma","Northern Coalfield","Seam B","6.47","443.24","51637","73.04","19.3","7.05","3631","24.140807","85.877204","307.24","Moderate Fault Zone","Medium","Mine Gamma","6.47","73.04","19.3","7.05"
"238","2025-07-14","2025","July","Mine Delta","Western Coal Basin","Seam C","4.9","557.25","33343","92.17","12.89","3.27","3973","22.925865","85.010834","691.16","Moderate Fault Zone","High","Mine Delta","4.9","92.17","12.89","3.27"
"239","2025-05-04","2025","May","Mine Gamma","Northern Coalfield","Seam A","2.82","184.0","19841","78.03","31.94","6.83","5667","24.116376","85.831778","215.96","Boundary Zone","Low","Mine Gamma","2.82","78.03","31.94","6.83"
"240","2018-10-19","2018","October","Mine Omega","Southern Coalfield","Seam D","7.69","350.29","53878","76.83","16.06","2.7","6661","22.413737","85.61003","454.16","Boundary Zone","Medium","Mine Omega","7.69","76.83","16.06","2.7"
"241","2019-08-10","2019","August","Mine Delta","Western Coal Basin","Seam C","7.5","158.21","8296","75.31","34.64","6.07","3715","22.945205","84.950938","698.27","Boundary Zone","Medium","Mine Delta","7.5","75.31","34.64","6.07"
"242","2026-07-25","2026","July","Mine Delta","Western Coal Basin","Lower Seam","1.84","418.69","9662","77.51","34.06","6.98","3640","22.919941","84.96731","189.43","High Fault Zone","Medium","Mine Delta","1.84","77.51","34.06","6.98"
"243","2020-02-20","2020","February","Mine Omega","Southern Coalfield","Seam A","6.14","426.01","14528","86.5","17.3","3.68","4919","22.458867","85.606702","731.98","High Fault Zone","High","Mine Omega","6.14","86.5","17.3","3.68"
"244","2026-03-01","2026","March","Mine Delta","Western Coal Basin","Seam E","5.55","252.7","39737","95.86","17.25","13.72","4829","22.918843","85.024808","795.2","Folded Zone","Low","Mine Delta","5.55","95.86","17.25","13.72"
"245","2026-02-26","2026","February","Mine Beta","Eastern Coal Basin","Seam B","2.74","63.15","11740","68.82","27.2","12.3","4888","23.794032","86.177125","597.5","Boundary Zone","High","Mine Beta","2.74","68.82","27.2","12.3"
"246","2025-05-01","2025","May","Mine Alpha","Central Coalfield","Lower Seam","1.34","463.85","4859","76.79","22.78","8.17","4067","23.469519","85.333031","381.75","Stable Zone","Medium","Mine Alpha","1.34","76.79","22.78","8.17"
"247","2024-12-25","2024","December","Mine Gamma","Northern Coalfield","Seam E","6.32","301.3","45755","80.86","24.68","5.68","6404","24.119774","85.8809","701.23","Boundary Zone","High","Mine Gamma","6.32","80.86","24.68","5.68"
"248","2025-11-21","2025","November","Mine Gamma","Northern Coalfield","Seam D","3.36","73.64","14188","71.44","33.19","6.3","3510","24.137163","85.910688","739.61","Folded Zone","Low","Mine Gamma","3.36","71.44","33.19","6.3"
"249","2023-09-27","2023","September","Mine Alpha","Central Coalfield","Seam A","6.48","110.77","15676","72.17","34.69","5.85","5218","23.409981","85.28747","206.43","High Fault Zone","Low","Mine Alpha","6.48","72.17","34.69","5.85"
"250","2022-10-11","2022","October","Mine Gamma","Northern Coalfield","Upper Seam","2.05","560.75","14713","65.3","11.74","10.41","4716","24.159453","85.915509","359.77","Stable Zone","Low","Mine Gamma","2.05","65.3","11.74","10.41"
"251","2020-01-20","2020","January","Mine Gamma","Northern Coalfield","Seam A","4.13","627.39","10485","76.96","30.97","12.4","5901","24.149691","85.831306","646.43","Stable Zone","High","Mine Gamma","4.13","76.96","30.97","12.4"
"252","2019-03-01","2019","March","Mine Beta","Eastern Coal Basin","Seam D","7.85","339.6","37422","78.58","24.51","12.13","5762","23.816258","86.187995","667.28","Moderate Fault Zone","Low","Mine Beta","7.85","78.58","24.51","12.13"
"253","2019-04-08","2019","April","Mine Delta","Western Coal Basin","Seam D","4.42","88.0","23922","65.38","31.44","8.82","6251","22.972377","84.952398","820.36","High Fault Zone","Low","Mine Delta","4.42","65.38","31.44","8.82"
"254","2019-01-26","2019","January","Mine Omega","Southern Coalfield","Seam D","6.03","199.15","18652","85.97","18.39","12.91","5566","22.498779","85.595457","611.08","Moderate Fault Zone","Low","Mine Omega","6.03","85.97","18.39","12.91"
"255","2023-07-24","2023","July","Mine Delta","Western Coal Basin","Lower Seam","2.41","500.86","7000","75.26","15.51","8.59","5537","22.937864","85.01171","232.82","Folded Zone","Medium","Mine Delta","2.41","75.26","15.51","8.59"
"256","2018-12-27","2018","December","Mine Delta","Western Coal Basin","Lower Seam","4.84","239.64","38018","88.1","8.48","7.24","3633","22.95491","85.012591","710.49","Boundary Zone","Medium","Mine Delta","4.84","88.1","8.48","7.24"
"257","2024-04-22","2024","April","Mine Omega","Southern Coalfield","Seam B","5.98","323.72","18277","90.58","30.05","12.98","4728","22.476742","85.649995","660.16","High Fault Zone","Medium","Mine Omega","5.98","90.58","30.05","12.98"
"258","2019-02-04","2019","February","Mine Alpha","Central Coalfield","Lower Seam","6.01","51.32","19013","84.64","29.6","9.12","4883","23.410632","85.359688","509.92","Folded Zone","Low","Mine Alpha","6.01","84.64","29.6","9.12"
"259","2020-03-13","2020","March","Mine Omega","Southern Coalfield","Seam B","2.08","561.32","4403","90.56","13.15","6.39","6301","22.40465","85.653324","630.33","Stable Zone","Medium","Mine Omega","2.08","90.56","13.15","6.39"
"260","2023-02-17","2023","February","Mine Delta","Western Coal Basin","Upper Seam","5.5","352.52","42509","65.13","27.88","9.19","5101","22.958512","85.022437","703.32","Moderate Fault Zone","Medium","Mine Delta","5.5","65.13","27.88","9.19"
"261","2026-03-12","2026","March","Mine Beta","Eastern Coal Basin","Lower Seam","2.14","282.44","10709","92.36","21.61","7.0","7124","23.821591","86.176237","363.31","High Fault Zone","High","Mine Beta","2.14","92.36","21.61","7.0"
"262","2019-07-01","2019","July","Mine Delta","Western Coal Basin","Seam B","4.21","470.01","25737","74.27","26.94","13.19","6134","22.993551","84.993258","314.6","Boundary Zone","Medium","Mine Delta","4.21","74.27","26.94","13.19"
"263","2025-07-17","2025","July","Mine Gamma","Northern Coalfield","Seam B","8.36","440.05","64267","80.62","26.75","6.19","3927","24.105224","85.868037","562.33","Folded Zone","Medium","Mine Gamma","8.36","80.62","26.75","6.19"
"264","2021-03-17","2021","March","Mine Omega","Southern Coalfield","Lower Seam","4.28","57.66","5558","76.81","9.43","2.74","4488","22.478553","85.688353","637.87","Moderate Fault Zone","Medium","Mine Omega","4.28","76.81","9.43","2.74"
"265","2020-04-15","2020","April","Mine Gamma","Northern Coalfield","Lower Seam","5.15","265.21","20056","84.1","26.24","9.3","4330","24.134712","85.858889","522.32","High Fault Zone","Medium","Mine Gamma","5.15","84.1","26.24","9.3"
"266","2022-04-12","2022","April","Mine Alpha","Central Coalfield","Seam D","4.24","522.87","23908","94.94","9.45","11.67","4251","23.486885","85.356044","476.85","Moderate Fault Zone","High","Mine Alpha","4.24","94.94","9.45","11.67"
"267","2026-06-20","2026","June","Mine Gamma","Northern Coalfield","Seam E","5.19","412.03","32807","94.89","15.94","4.31","6026","24.088698","85.83738","524.28","Folded Zone","Low","Mine Gamma","5.19","94.89","15.94","4.31"
"268","2024-03-29","2024","March","Mine Gamma","Northern Coalfield","Seam C","2.15","400.39","5187","75.25","27.16","4.01","4069","24.102263","85.825086","804.7","Boundary Zone","Medium","Mine Gamma","2.15","75.25","27.16","4.01"
"269","2023-07-03","2023","July","Mine Gamma","Northern Coalfield","Lower Seam","5.38","264.85","34326","74.85","13.94","4.39","3752","24.120514","85.861593","539.81","Stable Zone","Low","Mine Gamma","5.38","74.85","13.94","4.39"
"270","2025-06-10","2025","June","Mine Beta","Eastern Coal Basin","Seam C","3.62","226.14","27611","84.17","20.82","9.3","6283","23.79493","86.111472","411.82","Moderate Fault Zone","High","Mine Beta","3.62","84.17","20.82","9.3"
"271","2024-12-19","2024","December","Mine Omega","Southern Coalfield","Seam B","8.2","459.53","23838","93.39","33.51","7.02","5499","22.428283","85.681134","730.81","High Fault Zone","Low","Mine Omega","8.2","93.39","33.51","7.02"
"272","2022-12-31","2022","December","Mine Omega","Southern Coalfield","Seam D","1.52","588.97","2955","80.93","33.6","4.18","7038","22.453797","85.590733","223.87","Moderate Fault Zone","Medium","Mine Omega","1.52","80.93","33.6","4.18"
"273","2019-03-02","2019","March","Mine Delta","Western Coal Basin","Seam B","5.13","471.65","40125","89.03","25.46","14.22","6263","22.915375","84.975923","402.25","Stable Zone","Low","Mine Delta","5.13","89.03","25.46","14.22"
"274","2020-10-28","2020","October","Mine Beta","Eastern Coal Basin","Seam E","1.71","542.97","12538","77.64","20.18","7.26","4671","23.76895","86.111831","183.95","Boundary Zone","Low","Mine Beta","1.71","77.64","20.18","7.26"
"275","2018-07-06","2018","July","Mine Omega","Southern Coalfield","Upper Seam","7.39","264.62","31565","73.98","26.52","9.89","4542","22.492669","85.628141","730.82","Stable Zone","Low","Mine Omega","7.39","73.98","26.52","9.89"
"276","2020-06-19","2020","June","Mine Omega","Southern Coalfield","Seam B","6.65","528.06","45692","74.14","25.12","5.87","6782","22.496537","85.676714","614.12","Stable Zone","Low","Mine Omega","6.65","74.14","25.12","5.87"
"277","2019-08-03","2019","August","Mine Omega","Southern Coalfield","Seam A","1.5","393.63","5183","81.97","10.3","4.73","6243","22.472594","85.611174","786.77","Boundary Zone","Low","Mine Omega","1.5","81.97","10.3","4.73"
"278","2020-06-23","2020","June","Mine Beta","Eastern Coal Basin","Seam E","7.29","166.6","13561","89.79","31.01","13.07","6950","23.829431","86.146127","548.28","High Fault Zone","Medium","Mine Beta","7.29","89.79","31.01","13.07"
"279","2019-02-07","2019","February","Mine Gamma","Northern Coalfield","Seam B","6.5","342.31","19379","68.97","25.7","3.3","5792","24.160012","85.851779","481.93","Boundary Zone","Medium","Mine Gamma","6.5","68.97","25.7","3.3"
"280","2019-09-17","2019","September","Mine Omega","Southern Coalfield","Seam E","5.34","534.62","41064","70.23","16.46","12.21","6135","22.464084","85.617668","420.86","High Fault Zone","Medium","Mine Omega","5.34","70.23","16.46","12.21"
"281","2022-12-30","2022","December","Mine Delta","Western Coal Basin","Seam C","6.86","342.18","9029","85.01","10.21","5.65","6558","22.98913","84.949643","671.47","Stable Zone","Medium","Mine Delta","6.86","85.01","10.21","5.65"
"282","2023-09-09","2023","September","Mine Alpha","Central Coalfield","Upper Seam","1.43","399.13","5060","83.29","32.47","9.17","5511","23.499873","85.31721","699.38","High Fault Zone","Low","Mine Alpha","1.43","83.29","32.47","9.17"
"283","2026-03-23","2026","March","Mine Omega","Southern Coalfield","Lower Seam","3.32","328.82","14369","77.3","21.56","10.61","6638","22.480654","85.651404","291.12","Boundary Zone","Low","Mine Omega","3.32","77.3","21.56","10.61"
"284","2020-01-04","2020","January","Mine Beta","Eastern Coal Basin","Seam E","8.13","445.65","63073","87.81","21.05","6.66","4310","23.778764","86.106286","427.52","Stable Zone","Medium","Mine Beta","8.13","87.81","21.05","6.66"
"285","2022-01-19","2022","January","Mine Omega","Southern Coalfield","Seam D","4.63","322.79","3928","95.4","16.75","11.15","5429","22.482965","85.673487","356.42","Boundary Zone","Low","Mine Omega","4.63","95.4","16.75","11.15"
"286","2025-05-01","2025","May","Mine Delta","Western Coal Basin","Seam D","3.87","442.0","26184","81.02","18.16","13.79","5411","22.93529","85.016772","506.2","Folded Zone","Medium","Mine Delta","3.87","81.02","18.16","13.79"
"287","2023-08-18","2023","August","Mine Alpha","Central Coalfield","Seam B","4.41","187.99","19223","73.71","12.06","4.05","5727","23.481696","85.336111","457.79","High Fault Zone","Medium","Mine Alpha","4.41","73.71","12.06","4.05"
"288","2025-07-28","2025","July","Mine Delta","Western Coal Basin","Seam D","4.7","404.47","25166","77.74","14.58","3.66","5692","22.913472","84.981264","776.83","Moderate Fault Zone","Low","Mine Delta","4.7","77.74","14.58","3.66"
"289","2020-01-08","2020","January","Mine Gamma","Northern Coalfield","Seam E","8.2","409.61","38762","65.58","27.43","10.6","4549","24.078575","85.86492","845.16","Folded Zone","Low","Mine Gamma","8.2","65.58","27.43","10.6"
"290","2024-09-27","2024","September","Mine Delta","Western Coal Basin","Seam B","7.0","542.27","13049","85.45","15.14","11.41","4768","22.945347","84.98906","333.98","Folded Zone","Low","Mine Delta","7.0","85.45","15.14","11.41"
"291","2020-04-08","2020","April","Mine Alpha","Central Coalfield","Seam E","7.48","352.62","27291","69.64","10.6","8.19","5775","23.403904","85.348387","517.23","Stable Zone","Low","Mine Alpha","7.48","69.64","10.6","8.19"
"292","2024-10-07","2024","October","Mine Beta","Eastern Coal Basin","Seam E","7.24","588.18","45695","85.13","22.1","6.81","3661","23.782982","86.122949","717.54","Folded Zone","Low","Mine Beta","7.24","85.13","22.1","6.81"
"293","2019-02-05","2019","February","Mine Omega","Southern Coalfield","Seam D","2.18","336.28","4892","91.63","15.65","13.4","5012","22.418902","85.660915","708.91","Boundary Zone","Low","Mine Omega","2.18","91.63","15.65","13.4"
"294","2018-01-30","2018","January","Mine Omega","Southern Coalfield","Seam D","5.98","462.66","17158","76.23","12.18","10.47","4438","22.485498","85.632356","424.98","High Fault Zone","High","Mine Omega","5.98","76.23","12.18","10.47"
"295","2026-06-20","2026","June","Mine Delta","Western Coal Basin","Seam B","4.22","520.27","17380","76.48","22.98","5.3","4635","22.934436","85.000549","672.97","Stable Zone","Medium","Mine Delta","4.22","76.48","22.98","5.3"
"296","2025-11-04","2025","November","Mine Delta","Western Coal Basin","Seam B","1.93","355.01","12344","89.83","24.58","10.9","3693","22.93891","84.993588","718.93","Moderate Fault Zone","Low","Mine Delta","1.93","89.83","24.58","10.9"
"297","2022-11-19","2022","November","Mine Omega","Southern Coalfield","Seam A","1.67","183.06","1837","66.17","18.38","14.8","5772","22.452101","85.661161","580.31","Moderate Fault Zone","Medium","Mine Omega","1.67","66.17","18.38","14.8"
"298","2018-02-13","2018","February","Mine Delta","Western Coal Basin","Seam B","7.41","608.46","32501","71.04","29.17","8.64","6084","22.961519","84.997402","421.03","Stable Zone","High","Mine Delta","7.41","71.04","29.17","8.64"
"299","2021-02-04","2021","February","Mine Alpha","Central Coalfield","Lower Seam","4.12","451.8","14588","71.21","8.41","11.15","6901","23.454959","85.342614","554.61","Boundary Zone","Low","Mine Alpha","4.12","71.21","8.41","11.15"
"300","2020-07-15","2020","July","Mine Gamma","Northern Coalfield","Seam E","8.23","322.86","29049","65.14","12.73","8.58","5567","24.120317","85.853997","258.4","Boundary Zone","High","Mine Gamma","8.23","65.14","12.73","8.58"
"301","2024-06-12","2024","June","Mine Omega","Southern Coalfield","Seam C","6.27","629.63","29618","88.87","28.45","14.5","5198","22.446072","85.648683","198.32","Stable Zone","Low","Mine Omega","6.27","88.87","28.45","14.5"
"302","2025-02-08","2025","February","Mine Delta","Western Coal Basin","Lower Seam","8.46","456.15","18819","74.79","33.8","8.71","3536","22.983218","84.954826","242.32","High Fault Zone","Low","Mine Delta","8.46","74.79","33.8","8.71"
"303","2023-05-06","2023","May","Mine Beta","Eastern Coal Basin","Seam C","3.78","586.59","9518","94.36","26.44","13.83","5346","23.749967","86.173543","764.74","Moderate Fault Zone","Low","Mine Beta","3.78","94.36","26.44","13.83"
"304","2024-12-08","2024","December","Mine Beta","Eastern Coal Basin","Seam C","2.34","114.01","17319","85.95","25.91","9.98","6328","23.784147","86.104226","503.14","Boundary Zone","Low","Mine Beta","2.34","85.95","25.91","9.98"
"305","2021-01-30","2021","January","Mine Omega","Southern Coalfield","Seam D","2.53","508.56","10964","77.33","28.25","3.67","5445","22.442318","85.683965","201.82","High Fault Zone","Low","Mine Omega","2.53","77.33","28.25","3.67"
"306","2023-02-16","2023","February","Mine Beta","Eastern Coal Basin","Seam A","6.3","326.04","35715","65.37","13.69","9.55","4704","23.791278","86.12597","547.54","Moderate Fault Zone","Low","Mine Beta","6.3","65.37","13.69","9.55"
"307","2021-11-06","2021","November","Mine Omega","Southern Coalfield","Seam C","2.54","304.37","9254","88.32","17.86","7.21","5168","22.457141","85.687927","639.63","Stable Zone","Medium","Mine Omega","2.54","88.32","17.86","7.21"
"308","2024-03-24","2024","March","Mine Beta","Eastern Coal Basin","Seam D","7.45","167.64","48427","87.89","20.77","2.13","5060","23.743447","86.189327","602.54","Boundary Zone","Medium","Mine Beta","7.45","87.89","20.77","2.13"
"309","2021-05-13","2021","May","Mine Delta","Western Coal Basin","Seam C","5.3","390.7","18486","86.41","9.62","12.58","5263","22.962986","84.974985","404.22","High Fault Zone","Low","Mine Delta","5.3","86.41","9.62","12.58"
"310","2020-11-21","2020","November","Mine Omega","Southern Coalfield","Seam C","1.34","122.74","9387","94.86","13.37","9.49","5902","22.417454","85.668031","417.92","Boundary Zone","Low","Mine Omega","1.34","94.86","13.37","9.49"
"311","2018-11-18","2018","November","Mine Delta","Western Coal Basin","Seam D","5.68","328.25","43591","91.92","25.3","14.07","5061","22.961231","84.970477","787.74","Stable Zone","Low","Mine Delta","5.68","91.92","25.3","14.07"
"312","2021-07-08","2021","July","Mine Beta","Eastern Coal Basin","Seam C","5.97","476.26","30091","77.26","31.97","12.15","6973","23.80479","86.152094","481.69","Moderate Fault Zone","Low","Mine Beta","5.97","77.26","31.97","12.15"
"313","2019-05-28","2019","May","Mine Alpha","Central Coalfield","Upper Seam","2.91","200.99","17690","88.24","13.69","7.16","3854","23.493679","85.317319","216.06","Folded Zone","Low","Mine Alpha","2.91","88.24","13.69","7.16"
"314","2019-03-02","2019","March","Mine Alpha","Central Coalfield","Seam C","5.71","100.59","42750","77.09","14.19","11.59","5140","23.412641","85.322674","294.31","Stable Zone","Medium","Mine Alpha","5.71","77.09","14.19","11.59"
"315","2023-05-05","2023","May","Mine Gamma","Northern Coalfield","Seam D","8.32","374.35","21159","78.79","34.18","11.07","4155","24.129758","85.883105","606.02","Boundary Zone","Low","Mine Gamma","8.32","78.79","34.18","11.07"
"316","2021-06-22","2021","June","Mine Omega","Southern Coalfield","Seam C","4.72","186.28","5530","74.54","19.13","4.02","3539","22.452332","85.665829","271.32","High Fault Zone","Low","Mine Omega","4.72","74.54","19.13","4.02"
"317","2025-09-18","2025","September","Mine Alpha","Central Coalfield","Seam D","8.11","336.24","4610","78.34","15.91","5.01","3527","23.437364","85.311174","555.57","Folded Zone","Low","Mine Alpha","8.11","78.34","15.91","5.01"
"318","2022-03-30","2022","March","Mine Delta","Western Coal Basin","Seam B","3.12","303.34","7166","88.7","32.57","12.5","6033","22.928468","85.004293","721.9","Folded Zone","Low","Mine Delta","3.12","88.7","32.57","12.5"
"319","2020-01-18","2020","January","Mine Alpha","Central Coalfield","Seam B","3.31","432.14","16990","73.44","24.81","4.44","3572","23.404963","85.323497","304.58","Stable Zone","Low","Mine Alpha","3.31","73.44","24.81","4.44"
"320","2026-01-08","2026","January","Mine Beta","Eastern Coal Basin","Seam D","6.51","189.69","10612","80.3","17.23","6.05","6458","23.829796","86.146368","710.25","High Fault Zone","Low","Mine Beta","6.51","80.3","17.23","6.05"
"321","2018-08-18","2018","August","Mine Beta","Eastern Coal Basin","Seam C","6.86","92.83","27619","70.96","30.72","12.62","6565","23.742196","86.176815","346.8","Folded Zone","Low","Mine Beta","6.86","70.96","30.72","12.62"
"322","2020-03-26","2020","March","Mine Alpha","Central Coalfield","Seam D","6.57","106.38","36103","71.46","18.51","14.5","6964","23.415861","85.342824","678.97","Boundary Zone","Low","Mine Alpha","6.57","71.46","18.51","14.5"
"323","2023-05-26","2023","May","Mine Gamma","Northern Coalfield","Upper Seam","3.38","266.26","3010","85.67","34.28","5.07","5106","24.071507","85.899439","571.75","Folded Zone","Medium","Mine Gamma","3.38","85.67","34.28","5.07"
"324","2018-06-22","2018","June","Mine Alpha","Central Coalfield","Seam E","6.92","335.16","34403","76.51","10.42","4.05","3838","23.461864","85.363085","847.97","Stable Zone","Low","Mine Alpha","6.92","76.51","10.42","4.05"
"325","2025-11-12","2025","November","Mine Beta","Eastern Coal Basin","Seam E","6.98","125.5","15671","95.43","29.29","11.84","6480","23.773872","86.119297","641.8","High Fault Zone","Medium","Mine Beta","6.98","95.43","29.29","11.84"
"326","2018-06-11","2018","June","Mine Gamma","Northern Coalfield","Seam D","6.36","385.41","29068","80.19","23.3","9.07","4698","24.116839","85.906766","581.12","Boundary Zone","Low","Mine Gamma","6.36","80.19","23.3","9.07"
"327","2019-09-27","2019","September","Mine Omega","Southern Coalfield","Seam D","3.36","208.01","10931","65.02","25.23","6.93","4186","22.401872","85.675683","699.93","Moderate Fault Zone","Low","Mine Omega","3.36","65.02","25.23","6.93"
"328","2025-05-20","2025","May","Mine Alpha","Central Coalfield","Seam E","7.18","163.92","40382","88.74","12.16","5.68","5016","23.432202","85.279626","621.46","Stable Zone","Medium","Mine Alpha","7.18","88.74","12.16","5.68"
"329","2020-01-02","2020","January","Mine Beta","Eastern Coal Basin","Lower Seam","1.43","114.23","2770","65.99","25.33","7.05","5313","23.792397","86.15903","212.89","Moderate Fault Zone","Medium","Mine Beta","1.43","65.99","25.33","7.05"
"330","2018-02-23","2018","February","Mine Alpha","Central Coalfield","Seam B","5.99","607.04","40376","79.51","25.25","6.69","6251","23.489043","85.352203","712.15","Stable Zone","Medium","Mine Alpha","5.99","79.51","25.25","6.69"
"331","2023-12-07","2023","December","Mine Gamma","Northern Coalfield","Seam A","6.56","550.67","7114","71.69","22.03","3.32","4355","24.108533","85.839312","620.11","Boundary Zone","Medium","Mine Gamma","6.56","71.69","22.03","3.32"
"332","2024-04-06","2024","April","Mine Beta","Eastern Coal Basin","Upper Seam","5.27","497.67","32922","82.87","26.21","11.13","5080","23.74041","86.179246","548.48","Boundary Zone","Low","Mine Beta","5.27","82.87","26.21","11.13"
"333","2023-12-27","2023","December","Mine Beta","Eastern Coal Basin","Seam E","4.43","261.39","12686","95.74","16.77","6.83","6327","23.773059","86.172587","587.64","Boundary Zone","Low","Mine Beta","4.43","95.74","16.77","6.83"
"334","2026-08-03","2026","August","Mine Delta","Western Coal Basin","Seam E","7.96","202.45","61391","78.87","18.72","11.44","7137","22.959576","84.981761","845.59","High Fault Zone","Low","Mine Delta","7.96","78.87","18.72","11.44"
"335","2020-05-29","2020","May","Mine Beta","Eastern Coal Basin","Lower Seam","3.5","512.91","26513","90.49","32.82","8.65","5611","23.787161","86.109429","488.45","Moderate Fault Zone","Low","Mine Beta","3.5","90.49","32.82","8.65"
"336","2024-07-12","2024","July","Mine Gamma","Northern Coalfield","Seam B","2.9","536.64","3449","77.39","32.78","11.55","6177","24.14929","85.83729","733.22","Boundary Zone","Medium","Mine Gamma","2.9","77.39","32.78","11.55"
"337","2024-09-04","2024","September","Mine Alpha","Central Coalfield","Upper Seam","3.39","488.47","16347","67.43","9.51","12.02","4787","23.481714","85.311652","761.45","Moderate Fault Zone","Medium","Mine Alpha","3.39","67.43","9.51","12.02"
"338","2018-02-16","2018","February","Mine Omega","Southern Coalfield","Upper Seam","6.88","279.49","19167","66.28","22.58","3.94","5359","22.42208","85.595052","670.16","Folded Zone","High","Mine Omega","6.88","66.28","22.58","3.94"
"339","2024-06-14","2024","June","Mine Omega","Southern Coalfield","Seam E","1.86","309.16","11900","69.59","17.08","8.19","6258","22.454815","85.616256","447.01","Folded Zone","Medium","Mine Omega","1.86","69.59","17.08","8.19"
"340","2026-07-19","2026","July","Mine Beta","Eastern Coal Basin","Seam B","4.71","168.87","16320","82.71","23.15","14.96","5440","23.754232","86.126626","468.14","Boundary Zone","Low","Mine Beta","4.71","82.71","23.15","14.96"
"341","2022-10-01","2022","October","Mine Delta","Western Coal Basin","Seam C","3.74","242.44","18528","65.75","16.23","14.84","5780","22.999016","84.974221","277.7","Stable Zone","High","Mine Delta","3.74","65.75","16.23","14.84"
"342","2020-03-28","2020","March","Mine Beta","Eastern Coal Basin","Upper Seam","3.93","504.64","27100","68.48","9.47","14.34","6929","23.816875","86.182013","189.2","Stable Zone","Low","Mine Beta","3.93","68.48","9.47","14.34"
"343","2018-04-04","2018","April","Mine Delta","Western Coal Basin","Seam C","2.73","372.8","5538","81.22","14.98","8.28","6201","22.914135","84.999876","192.32","Boundary Zone","High","Mine Delta","2.73","81.22","14.98","8.28"
"344","2018-06-28","2018","June","Mine Omega","Southern Coalfield","Seam C","2.44","220.41","15662","84.16","9.43","10.51","3531","22.438865","85.617131","750.9","High Fault Zone","Medium","Mine Omega","2.44","84.16","9.43","10.51"
"345","2021-04-13","2021","April","Mine Alpha","Central Coalfield","Lower Seam","7.65","281.91","60041","80.76","27.16","13.75","5293","23.459711","85.278802","313.25","Folded Zone","Low","Mine Alpha","7.65","80.76","27.16","13.75"
"346","2018-06-12","2018","June","Mine Alpha","Central Coalfield","Seam B","7.93","232.96","33104","88.08","8.5","10.9","4815","23.430233","85.369599","835.65","High Fault Zone","Medium","Mine Alpha","7.93","88.08","8.5","10.9"
"347","2022-05-05","2022","May","Mine Gamma","Northern Coalfield","Lower Seam","8.43","616.48","64223","71.99","17.23","7.11","4008","24.142989","85.872072","634.26","Moderate Fault Zone","Low","Mine Gamma","8.43","71.99","17.23","7.11"
"348","2019-09-18","2019","September","Mine Omega","Southern Coalfield","Seam D","8.28","595.84","24589","81.81","13.58","3.8","5503","22.480011","85.676259","387.03","Boundary Zone","High","Mine Omega","8.28","81.81","13.58","3.8"
"349","2026-08-21","2026","August","Mine Delta","Western Coal Basin","Seam B","5.99","388.91","10095","67.1","22.39","11.35","4181","22.983952","84.944552","199.75","High Fault Zone","Medium","Mine Delta","5.99","67.1","22.39","11.35"
"350","2022-08-12","2022","August","Mine Delta","Western Coal Basin","Seam C","4.43","610.26","31922","93.93","15.39","12.13","3895","22.918475","85.006245","590.03","High Fault Zone","Medium","Mine Delta","4.43","93.93","15.39","12.13"
"351","2020-08-03","2020","August","Mine Omega","Southern Coalfield","Seam E","2.89","462.43","9232","86.33","20.87","8.53","5737","22.471202","85.627396","750.93","Folded Zone","Low","Mine Omega","2.89","86.33","20.87","8.53"
"352","2020-03-02","2020","March","Mine Beta","Eastern Coal Basin","Seam B","1.44","508.72","882","73.37","19.15","11.65","7157","23.805778","86.106614","801.16","Folded Zone","Medium","Mine Beta","1.44","73.37","19.15","11.65"
"353","2025-09-18","2025","September","Mine Delta","Western Coal Basin","Seam C","7.53","582.55","27911","89.06","24.41","12.72","6165","22.939415","85.023914","563.2","Boundary Zone","Low","Mine Delta","7.53","89.06","24.41","12.72"
"354","2023-11-03","2023","November","Mine Alpha","Central Coalfield","Seam A","4.5","546.21","3682","95.87","22.0","7.14","6220","23.45577","85.321613","602.53","Stable Zone","Low","Mine Alpha","4.5","95.87","22.0","7.14"
"355","2022-06-19","2022","June","Mine Delta","Western Coal Basin","Seam C","6.85","221.55","11978","74.13","32.81","10.97","6844","22.946358","84.99461","240.6","Boundary Zone","Low","Mine Delta","6.85","74.13","32.81","10.97"
"356","2025-10-22","2025","October","Mine Omega","Southern Coalfield","Seam E","2.19","298.14","8501","70.55","23.94","11.26","4247","22.445468","85.615008","643.45","Moderate Fault Zone","Medium","Mine Omega","2.19","70.55","23.94","11.26"
"357","2019-01-09","2019","January","Mine Alpha","Central Coalfield","Seam A","6.36","430.44","7249","86.93","27.63","14.68","5765","23.41599","85.325035","209.42","Moderate Fault Zone","High","Mine Alpha","6.36","86.93","27.63","14.68"
"358","2025-05-25","2025","May","Mine Omega","Southern Coalfield","Lower Seam","2.3","571.29","4235","87.07","19.33","6.02","6344","22.444626","85.652645","258.76","Moderate Fault Zone","High","Mine Omega","2.3","87.07","19.33","6.02"
"359","2024-12-25","2024","December","Mine Alpha","Central Coalfield","Lower Seam","3.05","325.19","21093","81.85","8.16","13.48","4380","23.458886","85.317571","454.8","Stable Zone","Medium","Mine Alpha","3.05","81.85","8.16","13.48"
"360","2020-09-29","2020","September","Mine Alpha","Central Coalfield","Seam E","3.23","427.18","21482","71.44","12.99","2.72","4791","23.414537","85.273243","567.32","Boundary Zone","Low","Mine Alpha","3.23","71.44","12.99","2.72"
"361","2018-07-20","2018","July","Mine Alpha","Central Coalfield","Seam A","4.24","156.95","23492","83.94","26.67","9.73","6413","23.417742","85.315534","567.91","Stable Zone","Low","Mine Alpha","4.24","83.94","26.67","9.73"
"362","2021-08-15","2021","August","Mine Gamma","Northern Coalfield","Seam C","7.75","542.16","47959","91.14","9.75","8.12","3951","24.155941","85.852921","457.22","Moderate Fault Zone","Medium","Mine Gamma","7.75","91.14","9.75","8.12"
"363","2018-08-27","2018","August","Mine Omega","Southern Coalfield","Seam A","5.37","637.61","23988","67.72","27.55","9.86","6416","22.470681","85.632705","748.02","High Fault Zone","Low","Mine Omega","5.37","67.72","27.55","9.86"
"364","2021-12-20","2021","December","Mine Omega","Southern Coalfield","Seam B","5.68","347.84","33903","80.43","29.82","13.49","4361","22.429049","85.609356","259.2","Folded Zone","Medium","Mine Omega","5.68","80.43","29.82","13.49"
"365","2026-04-09","2026","April","Mine Alpha","Central Coalfield","Lower Seam","2.71","419.18","9782","66.41","17.44","12.48","4286","23.464062","85.339002","350.46","Stable Zone","Low","Mine Alpha","2.71","66.41","17.44","12.48"
"366","2024-03-02","2024","March","Mine Omega","Southern Coalfield","Seam C","6.8","118.3","20397","77.28","23.36","14.48","6579","22.419402","85.673383","797.93","Folded Zone","High","Mine Omega","6.8","77.28","23.36","14.48"
"367","2025-03-29","2025","March","Mine Alpha","Central Coalfield","Seam B","4.71","426.32","33867","81.65","17.05","12.19","5032","23.474258","85.353511","380.56","High Fault Zone","Low","Mine Alpha","4.71","81.65","17.05","12.19"
"368","2020-05-03","2020","May","Mine Alpha","Central Coalfield","Seam E","6.2","529.72","44393","75.96","34.18","5.65","3615","23.498362","85.332651","744.41","Boundary Zone","Medium","Mine Alpha","6.2","75.96","34.18","5.65"
"369","2024-09-03","2024","September","Mine Beta","Eastern Coal Basin","Seam A","7.51","500.92","43479","74.75","8.85","7.38","5339","23.753764","86.145191","816.99","Moderate Fault Zone","Low","Mine Beta","7.51","74.75","8.85","7.38"
"370","2019-04-05","2019","April","Mine Beta","Eastern Coal Basin","Seam C","6.93","516.67","50937","78.76","8.67","8.27","5350","23.749021","86.192364","670.74","Boundary Zone","Low","Mine Beta","6.93","78.76","8.67","8.27"
"371","2019-08-10","2019","August","Mine Gamma","Northern Coalfield","Lower Seam","7.56","543.28","56966","85.98","11.58","11.42","5200","24.141368","85.872234","182.75","Stable Zone","Medium","Mine Gamma","7.56","85.98","11.58","11.42"
"372","2018-12-23","2018","December","Mine Omega","Southern Coalfield","Seam C","4.61","77.68","20304","85.43","16.44","9.51","4655","22.489214","85.622088","309.01","High Fault Zone","Low","Mine Omega","4.61","85.43","16.44","9.51"
"373","2025-07-11","2025","July","Mine Delta","Western Coal Basin","Seam A","3.19","144.5","4333","94.71","23.11","3.33","5507","22.954937","84.957105","812.0","High Fault Zone","Low","Mine Delta","3.19","94.71","23.11","3.33"
"374","2018-10-19","2018","October","Mine Beta","Eastern Coal Basin","Seam C","5.68","253.24","21739","69.03","20.71","10.78","3892","23.73538","86.142647","299.92","Boundary Zone","Medium","Mine Beta","5.68","69.03","20.71","10.78"
"375","2024-11-29","2024","November","Mine Delta","Western Coal Basin","Seam C","3.48","540.47","20347","85.8","22.4","14.66","6296","22.94657","84.94318","724.61","Folded Zone","Low","Mine Delta","3.48","85.8","22.4","14.66"
"376","2025-09-04","2025","September","Mine Gamma","Northern Coalfield","Upper Seam","6.38","329.24","14277","71.94","31.25","10.02","6878","24.109208","85.889961","625.67","High Fault Zone","Low","Mine Gamma","6.38","71.94","31.25","10.02"
"377","2018-09-25","2018","September","Mine Alpha","Central Coalfield","Seam D","2.02","337.19","13823","73.75","17.41","9.47","5379","23.440569","85.341427","251.68","Boundary Zone","Medium","Mine Alpha","2.02","73.75","17.41","9.47"
"378","2023-12-23","2023","December","Mine Gamma","Northern Coalfield","Seam D","4.13","298.07","21297","81.99","34.3","6.99","4761","24.151392","85.879097","705.49","Folded Zone","Low","Mine Gamma","4.13","81.99","34.3","6.99"
"379","2024-02-09","2024","February","Mine Gamma","Northern Coalfield","Upper Seam","2.92","447.57","3166","93.86","23.5","8.33","5691","24.116291","85.875509","730.76","Moderate Fault Zone","Low","Mine Gamma","2.92","93.86","23.5","8.33"
"380","2018-10-13","2018","October","Mine Delta","Western Coal Basin","Seam E","1.99","538.44","12507","76.75","21.35","10.58","3835","22.981703","85.018726","785.18","Stable Zone","Medium","Mine Delta","1.99","76.75","21.35","10.58"
"381","2023-01-30","2023","January","Mine Beta","Eastern Coal Basin","Seam E","3.33","419.34","12833","71.38","31.69","5.9","6439","23.797956","86.19185","807.57","High Fault Zone","High","Mine Beta","3.33","71.38","31.69","5.9"
"382","2018-02-03","2018","February","Mine Omega","Southern Coalfield","Seam E","8.4","292.52","12236","74.12","17.97","9.14","3697","22.470335","85.672075","420.69","High Fault Zone","Medium","Mine Omega","8.4","74.12","17.97","9.14"
"383","2022-11-04","2022","November","Mine Beta","Eastern Coal Basin","Upper Seam","5.51","425.13","32169","77.59","19.75","4.75","4142","23.743907","86.155542","745.03","High Fault Zone","Medium","Mine Beta","5.51","77.59","19.75","4.75"
"384","2021-03-27","2021","March","Mine Beta","Eastern Coal Basin","Lower Seam","6.09","130.57","6322","65.49","27.48","8.33","5116","23.829022","86.108466","610.3","Folded Zone","Medium","Mine Beta","6.09","65.49","27.48","8.33"
"385","2022-10-10","2022","October","Mine Omega","Southern Coalfield","Seam E","2.51","355.65","11647","78.95","17.59","4.42","5737","22.457794","85.67468","338.62","Boundary Zone","Low","Mine Omega","2.51","78.95","17.59","4.42"
"386","2024-06-18","2024","June","Mine Omega","Southern Coalfield","Seam C","1.44","72.72","5939","76.43","23.67","14.5","3796","22.473019","85.642641","755.76","High Fault Zone","Low","Mine Omega","1.44","76.43","23.67","14.5"
"387","2023-11-14","2023","November","Mine Alpha","Central Coalfield","Seam E","1.85","333.47","11216","94.77","10.11","10.24","6453","23.43125","85.275277","410.18","Stable Zone","Low","Mine Alpha","1.85","94.77","10.11","10.24"
"388","2023-04-06","2023","April","Mine Omega","Southern Coalfield","Seam E","6.56","302.61","50541","89.74","15.81","2.46","6915","22.474943","85.662697","557.68","Stable Zone","Medium","Mine Omega","6.56","89.74","15.81","2.46"
"389","2019-11-24","2019","November","Mine Omega","Southern Coalfield","Seam E","1.58","644.22","10375","84.35","15.74","3.07","5371","22.485145","85.617785","268.8","High Fault Zone","Low","Mine Omega","1.58","84.35","15.74","3.07"
"390","2018-02-28","2018","February","Mine Gamma","Northern Coalfield","Upper Seam","2.01","154.77","9926","69.69","20.06","12.5","4467","24.140077","85.868492","715.58","Stable Zone","Low","Mine Gamma","2.01","69.69","20.06","12.5"
"391","2019-08-18","2019","August","Mine Alpha","Central Coalfield","Seam E","8.02","142.49","33841","95.8","28.8","5.09","5129","23.463757","85.291086","672.02","High Fault Zone","Low","Mine Alpha","8.02","95.8","28.8","5.09"
"392","2026-06-22","2026","June","Mine Gamma","Northern Coalfield","Lower Seam","2.05","150.56","7156","74.34","28.15","11.78","5470","24.10798","85.890561","497.98","Moderate Fault Zone","Low","Mine Gamma","2.05","74.34","28.15","11.78"
"393","2018-02-18","2018","February","Mine Delta","Western Coal Basin","Seam C","7.97","319.29","44542","94.81","26.44","2.53","6896","22.963742","85.025618","469.3","High Fault Zone","Low","Mine Delta","7.97","94.81","26.44","2.53"
"394","2019-02-07","2019","February","Mine Gamma","Northern Coalfield","Seam C","5.98","284.69","37666","88.22","27.83","9.65","4221","24.103741","85.889028","300.54","Boundary Zone","Low","Mine Gamma","5.98","88.22","27.83","9.65"
"395","2018-10-06","2018","October","Mine Alpha","Central Coalfield","Seam A","4.2","365.16","23693","75.9","27.58","5.27","3626","23.46194","85.275688","578.07","Moderate Fault Zone","High","Mine Alpha","4.2","75.9","27.58","5.27"
"396","2025-12-10","2025","December","Mine Alpha","Central Coalfield","Seam A","1.83","412.81","6075","88.68","25.49","12.44","4184","23.411085","85.288426","377.36","Stable Zone","Medium","Mine Alpha","1.83","88.68","25.49","12.44"
"397","2026-08-18","2026","August","Mine Gamma","Northern Coalfield","Seam D","6.25","450.55","39224","72.98","29.08","5.6","3731","24.108859","85.919596","353.02","High Fault Zone","Low","Mine Gamma","6.25","72.98","29.08","5.6"
"398","2023-07-08","2023","July","Mine Alpha","Central Coalfield","Seam B","5.66","157.07","23718","69.46","28.76","4.84","5880","23.491261","85.34154","249.2","Stable Zone","Low","Mine Alpha","5.66","69.46","28.76","4.84"
"399","2023-01-01","2023","January","Mine Gamma","Northern Coalfield","Seam A","7.74","139.31","41041","93.92","25.94","5.46","6090","24.160462","85.877464","525.31","Folded Zone","Low","Mine Gamma","7.74","93.92","25.94","5.46"
"400","2026-02-28","2026","February","Mine Delta","Western Coal Basin","Lower Seam","7.13","92.06","15642","76.92","26.61","12.14","3948","22.95353","85.02916","403.4","High Fault Zone","Low","Mine Delta","7.13","76.92","26.61","12.14"
"401","2022-02-05","2022","February","Mine Alpha","Central Coalfield","Seam E","7.43","254.04","50590","88.57","15.83","4.64","5552","23.496751","85.336073","380.24","Folded Zone","Medium","Mine Alpha","7.43","88.57","15.83","4.64"
"402","2023-06-16","2023","June","Mine Gamma","Northern Coalfield","Seam A","7.66","312.79","14715","66.11","8.68","14.95","4382","24.108877","85.899274","611.08","Folded Zone","Low","Mine Gamma","7.66","66.11","8.68","14.95"
"403","2018-03-09","2018","March","Mine Delta","Western Coal Basin","Seam A","3.68","252.63","21740","77.57","13.72","10.5","5436","22.994009","85.01702","539.5","Boundary Zone","Low","Mine Delta","3.68","77.57","13.72","10.5"
"404","2018-06-01","2018","June","Mine Alpha","Central Coalfield","Upper Seam","2.23","442.3","8996","93.46","9.24","11.12","3983","23.417225","85.274996","385.92","Stable Zone","Low","Mine Alpha","2.23","93.46","9.24","11.12"
"405","2024-08-17","2024","August","Mine Beta","Eastern Coal Basin","Seam A","7.17","113.8","30319","89.77","13.96","12.46","5077","23.811152","86.198219","634.53","High Fault Zone","Low","Mine Beta","7.17","89.77","13.96","12.46"
"406","2024-02-14","2024","February","Mine Omega","Southern Coalfield","Seam B","3.55","628.82","7452","66.41","12.68","2.82","4513","22.475755","85.606805","427.85","Moderate Fault Zone","Low","Mine Omega","3.55","66.41","12.68","2.82"
"407","2018-06-16","2018","June","Mine Omega","Southern Coalfield","Seam B","1.93","558.42","9830","89.11","8.42","8.33","3523","22.417941","85.598914","616.68","High Fault Zone","Low","Mine Omega","1.93","89.11","8.42","8.33"
"408","2025-10-06","2025","October","Mine Delta","Western Coal Basin","Seam B","2.7","433.9","11943","77.77","33.33","9.94","3639","22.918","84.979989","816.7","High Fault Zone","Low","Mine Delta","2.7","77.77","33.33","9.94"
"409","2024-04-03","2024","April","Mine Alpha","Central Coalfield","Seam B","2.6","641.96","20347","84.19","31.29","14.83","5378","23.446422","85.332646","319.43","Stable Zone","Low","Mine Alpha","2.6","84.19","31.29","14.83"
"410","2025-09-07","2025","September","Mine Beta","Eastern Coal Basin","Lower Seam","8.27","334.65","15071","85.77","9.16","10.38","4555","23.773467","86.133429","719.45","Folded Zone","Low","Mine Beta","8.27","85.77","9.16","10.38"
"411","2024-01-11","2024","January","Mine Alpha","Central Coalfield","Seam B","2.35","67.44","10250","67.2","14.35","7.78","5645","23.441907","85.344709","781.91","Moderate Fault Zone","Medium","Mine Alpha","2.35","67.2","14.35","7.78"
"412","2020-07-21","2020","July","Mine Gamma","Northern Coalfield","Seam A","2.93","297.56","5859","92.63","9.99","9.61","3701","24.113587","85.841617","588.32","Moderate Fault Zone","Low","Mine Gamma","2.93","92.63","9.99","9.61"
"413","2023-02-18","2023","February","Mine Beta","Eastern Coal Basin","Upper Seam","2.62","265.15","6609","75.41","8.87","9.39","4538","23.741111","86.146553","460.21","High Fault Zone","Low","Mine Beta","2.62","75.41","8.87","9.39"
"414","2024-10-08","2024","October","Mine Gamma","Northern Coalfield","Seam B","6.96","432.8","35402","70.27","34.19","13.12","3820","24.155697","85.868921","847.1","Boundary Zone","Low","Mine Gamma","6.96","70.27","34.19","13.12"
"415","2021-02-17","2021","February","Mine Delta","Western Coal Basin","Seam A","6.53","491.71","15345","75.15","23.65","13.59","5690","22.914897","84.98737","183.4","Stable Zone","Low","Mine Delta","6.53","75.15","23.65","13.59"
"416","2026-03-24","2026","March","Mine Delta","Western Coal Basin","Lower Seam","4.88","305.42","16872","90.1","26.81","3.27","5333","22.908309","85.005308","644.42","Folded Zone","High","Mine Delta","4.88","90.1","26.81","3.27"
"417","2022-01-08","2022","January","Mine Beta","Eastern Coal Basin","Seam C","2.95","649.37","1827","85.74","12.37","7.97","5610","23.788366","86.197642","490.72","Moderate Fault Zone","Medium","Mine Beta","2.95","85.74","12.37","7.97"
"418","2020-01-28","2020","January","Mine Delta","Western Coal Basin","Lower Seam","7.56","426.09","43691","65.04","24.94","7.0","6056","22.953092","84.959659","684.43","Boundary Zone","Low","Mine Delta","7.56","65.04","24.94","7.0"
"419","2025-09-05","2025","September","Mine Beta","Eastern Coal Basin","Seam A","5.73","251.42","42928","80.96","32.57","6.73","3691","23.768295","86.146535","207.39","High Fault Zone","Low","Mine Beta","5.73","80.96","32.57","6.73"
"420","2025-11-27","2025","November","Mine Omega","Southern Coalfield","Seam A","5.29","514.15","8136","75.38","22.57","10.44","6228","22.475228","85.677113","650.91","Moderate Fault Zone","Low","Mine Omega","5.29","75.38","22.57","10.44"
"421","2023-08-25","2023","August","Mine Gamma","Northern Coalfield","Upper Seam","4.29","82.68","14140","79.02","21.54","12.78","5240","24.12319","85.902538","782.63","Folded Zone","Medium","Mine Gamma","4.29","79.02","21.54","12.78"
"422","2020-02-11","2020","February","Mine Alpha","Central Coalfield","Seam D","1.84","284.41","3388","94.71","10.08","4.14","3914","23.414795","85.28505","316.85","Stable Zone","Low","Mine Alpha","1.84","94.71","10.08","4.14"
"423","2019-06-25","2019","June","Mine Omega","Southern Coalfield","Seam D","3.73","316.32","19900","74.04","9.7","13.33","4360","22.494745","85.654467","455.83","High Fault Zone","Medium","Mine Omega","3.73","74.04","9.7","13.33"
"424","2023-06-15","2023","June","Mine Gamma","Northern Coalfield","Seam E","6.06","368.1","27958","79.2","23.32","13.68","4634","24.148927","85.842678","429.17","High Fault Zone","Medium","Mine Gamma","6.06","79.2","23.32","13.68"
"425","2019-08-31","2019","August","Mine Alpha","Central Coalfield","Seam C","3.28","623.73","16858","69.98","22.45","4.37","4149","23.470811","85.360471","712.29","Moderate Fault Zone","Low","Mine Alpha","3.28","69.98","22.45","4.37"
"426","2021-07-20","2021","July","Mine Alpha","Central Coalfield","Seam E","2.12","206.24","3993","82.44","8.94","6.12","4772","23.437291","85.323987","288.94","High Fault Zone","Low","Mine Alpha","2.12","82.44","8.94","6.12"
"427","2022-07-16","2022","July","Mine Alpha","Central Coalfield","Seam D","6.81","618.67","50793","69.84","34.19","9.1","5377","23.464724","85.299556","780.3","Boundary Zone","Medium","Mine Alpha","6.81","69.84","34.19","9.1"
"428","2026-03-04","2026","March","Mine Omega","Southern Coalfield","Seam D","3.67","117.39","15019","66.24","26.31","3.52","3592","22.461752","85.612036","419.45","High Fault Zone","Low","Mine Omega","3.67","66.24","26.31","3.52"
"429","2024-07-17","2024","July","Mine Beta","Eastern Coal Basin","Seam E","2.82","611.4","7288","65.7","22.54","7.79","5985","23.738738","86.151179","310.28","High Fault Zone","Medium","Mine Beta","2.82","65.7","22.54","7.79"
"430","2018-08-18","2018","August","Mine Omega","Southern Coalfield","Upper Seam","3.84","138.77","26510","76.46","18.07","5.7","4800","22.497752","85.67743","238.69","Folded Zone","Medium","Mine Omega","3.84","76.46","18.07","5.7"
"431","2022-12-18","2022","December","Mine Delta","Western Coal Basin","Seam C","2.4","486.8","17359","87.59","19.18","12.86","5712","22.914364","84.960323","842.22","Boundary Zone","High","Mine Delta","2.4","87.59","19.18","12.86"
"432","2024-08-16","2024","August","Mine Alpha","Central Coalfield","Lower Seam","3.94","53.97","20847","73.47","12.72","8.01","5601","23.491487","85.289926","737.63","High Fault Zone","Low","Mine Alpha","3.94","73.47","12.72","8.01"
"433","2021-05-21","2021","May","Mine Alpha","Central Coalfield","Lower Seam","5.47","346.46","33088","71.96","29.36","4.0","4611","23.464056","85.333656","263.2","High Fault Zone","Low","Mine Alpha","5.47","71.96","29.36","4.0"
"434","2025-09-18","2025","September","Mine Delta","Western Coal Basin","Upper Seam","2.99","121.61","7712","95.82","9.8","11.69","5650","22.956557","85.016835","600.76","Folded Zone","High","Mine Delta","2.99","95.82","9.8","11.69"
"435","2022-03-09","2022","March","Mine Alpha","Central Coalfield","Seam E","6.55","60.53","16025","83.03","11.95","7.99","6065","23.435739","85.275289","421.98","High Fault Zone","Low","Mine Alpha","6.55","83.03","11.95","7.99"
"436","2023-12-10","2023","December","Mine Gamma","Northern Coalfield","Upper Seam","8.04","358.32","50236","70.68","10.55","11.78","5512","24.157244","85.902682","638.93","High Fault Zone","Low","Mine Gamma","8.04","70.68","10.55","11.78"
"437","2019-01-28","2019","January","Mine Gamma","Northern Coalfield","Seam E","5.43","543.99","3240","81.06","18.07","8.3","4759","24.161079","85.830242","283.55","Moderate Fault Zone","Medium","Mine Gamma","5.43","81.06","18.07","8.3"
"438","2024-11-17","2024","November","Mine Omega","Southern Coalfield","Upper Seam","7.27","365.39","32648","82.08","28.42","3.48","5204","22.40764","85.671884","798.68","Folded Zone","Low","Mine Omega","7.27","82.08","28.42","3.48"
"439","2019-07-24","2019","July","Mine Gamma","Northern Coalfield","Lower Seam","4.43","642.55","19596","95.07","12.65","5.96","6255","24.08186","85.832871","645.14","Moderate Fault Zone","Low","Mine Gamma","4.43","95.07","12.65","5.96"
"440","2019-06-18","2019","June","Mine Beta","Eastern Coal Basin","Seam A","4.3","507.81","5753","65.58","21.07","7.61","4226","23.733279","86.165979","577.43","Folded Zone","Low","Mine Beta","4.3","65.58","21.07","7.61"
"441","2018-06-27","2018","June","Mine Gamma","Northern Coalfield","Seam A","3.4","56.16","4161","68.84","24.25","9.64","4240","24.13706","85.822926","277.52","High Fault Zone","High","Mine Gamma","3.4","68.84","24.25","9.64"
"442","2021-12-13","2021","December","Mine Gamma","Northern Coalfield","Seam B","7.44","518.48","37923","80.65","9.85","12.65","6324","24.122884","85.891581","826.06","Moderate Fault Zone","High","Mine Gamma","7.44","80.65","9.85","12.65"
"443","2018-01-18","2018","January","Mine Omega","Southern Coalfield","Upper Seam","1.92","178.41","8220","86.94","17.89","9.66","5127","22.495775","85.608085","417.73","Folded Zone","Low","Mine Omega","1.92","86.94","17.89","9.66"
"444","2020-07-21","2020","July","Mine Omega","Southern Coalfield","Seam D","2.02","640.77","2883","68.42","11.67","11.91","6108","22.455713","85.594061","399.84","Stable Zone","Low","Mine Omega","2.02","68.42","11.67","11.91"
"445","2024-09-25","2024","September","Mine Delta","Western Coal Basin","Upper Seam","3.48","635.71","13327","82.17","15.85","13.12","4199","22.906961","85.014106","498.7","High Fault Zone","Low","Mine Delta","3.48","82.17","15.85","13.12"
"446","2025-07-15","2025","July","Mine Delta","Western Coal Basin","Seam A","4.09","363.6","22797","68.7","18.66","11.04","7117","22.974143","85.019243","293.04","High Fault Zone","High","Mine Delta","4.09","68.7","18.66","11.04"
"447","2020-03-31","2020","March","Mine Gamma","Northern Coalfield","Seam E","7.36","292.57","16534","78.17","21.48","11.94","6334","24.129365","85.89563","716.66","Folded Zone","Low","Mine Gamma","7.36","78.17","21.48","11.94"
"448","2022-07-15","2022","July","Mine Omega","Southern Coalfield","Seam D","4.93","138.42","19275","68.79","21.21","5.0","6987","22.402972","85.66378","736.31","Folded Zone","Medium","Mine Omega","4.93","68.79","21.21","5.0"
"449","2022-04-17","2022","April","Mine Beta","Eastern Coal Basin","Seam E","6.16","141.64","31815","67.99","10.07","11.77","6340","23.809273","86.120193","623.6","Folded Zone","Low","Mine Beta","6.16","67.99","10.07","11.77"
"450","2021-11-08","2021","November","Mine Omega","Southern Coalfield","Lower Seam","7.48","377.97","57180","65.98","19.62","13.89","4919","22.431456","85.627634","487.97","Stable Zone","Low","Mine Omega","7.48","65.98","19.62","13.89"
"451","2025-12-02","2025","December","Mine Gamma","Northern Coalfield","Seam B","4.79","130.69","28107","80.11","10.95","10.78","5942","24.138537","85.877221","498.86","Moderate Fault Zone","Low","Mine Gamma","4.79","80.11","10.95","10.78"
"452","2020-12-14","2020","December","Mine Delta","Western Coal Basin","Seam D","5.51","276.68","30711","88.76","15.68","2.8","5685","22.91282","84.966641","722.4","Boundary Zone","Low","Mine Delta","5.51","88.76","15.68","2.8"
"453","2022-04-08","2022","April","Mine Gamma","Northern Coalfield","Seam A","4.33","645.17","15542","66.75","14.59","5.05","4655","24.078494","85.888799","762.19","Stable Zone","Low","Mine Gamma","4.33","66.75","14.59","5.05"
"454","2024-01-15","2024","January","Mine Alpha","Central Coalfield","Seam C","1.47","444.66","5393","80.96","19.37","2.27","5238","23.402224","85.301651","562.14","High Fault Zone","Low","Mine Alpha","1.47","80.96","19.37","2.27"
"455","2019-02-14","2019","February","Mine Delta","Western Coal Basin","Upper Seam","6.13","251.58","26180","88.71","17.17","9.99","4844","22.943599","84.979695","747.71","Stable Zone","Medium","Mine Delta","6.13","88.71","17.17","9.99"
"456","2020-05-26","2020","May","Mine Omega","Southern Coalfield","Seam C","3.14","228.39","15076","89.94","24.86","14.45","6156","22.457819","85.649186","363.15","Boundary Zone","Medium","Mine Omega","3.14","89.94","24.86","14.45"
"457","2022-10-16","2022","October","Mine Delta","Western Coal Basin","Seam B","3.74","96.0","24976","80.64","16.1","10.62","4659","22.941431","84.955126","525.3","Boundary Zone","Low","Mine Delta","3.74","80.64","16.1","10.62"
"458","2025-01-15","2025","January","Mine Alpha","Central Coalfield","Upper Seam","4.97","161.92","21093","85.48","30.25","14.2","4491","23.463793","85.350893","751.36","Folded Zone","High","Mine Alpha","4.97","85.48","30.25","14.2"
"459","2023-11-10","2023","November","Mine Alpha","Central Coalfield","Seam B","3.86","138.65","6286","86.24","16.11","7.66","4679","23.483021","85.276443","316.38","Folded Zone","Low","Mine Alpha","3.86","86.24","16.11","7.66"
"460","2025-03-31","2025","March","Mine Gamma","Northern Coalfield","Seam B","3.07","410.74","10880","68.52","13.18","5.19","6561","24.116416","85.875983","472.21","Stable Zone","Low","Mine Gamma","3.07","68.52","13.18","5.19"
"461","2019-07-13","2019","July","Mine Gamma","Northern Coalfield","Seam A","3.09","532.12","16810","70.46","31.02","14.53","5298","24.071991","85.905958","236.23","Boundary Zone","Low","Mine Gamma","3.09","70.46","31.02","14.53"
"462","2022-07-26","2022","July","Mine Alpha","Central Coalfield","Seam C","6.1","581.43","21208","91.03","30.75","5.07","5613","23.450025","85.282064","625.03","Boundary Zone","High","Mine Alpha","6.1","91.03","30.75","5.07"
"463","2020-10-28","2020","October","Mine Omega","Southern Coalfield","Seam D","7.66","192.85","10855","90.01","16.89","9.6","4943","22.474837","85.613594","463.32","Moderate Fault Zone","Low","Mine Omega","7.66","90.01","16.89","9.6"
"464","2021-01-29","2021","January","Mine Beta","Eastern Coal Basin","Seam D","4.18","567.74","3843","81.54","26.89","3.47","5519","23.777485","86.124635","366.08","Moderate Fault Zone","Low","Mine Beta","4.18","81.54","26.89","3.47"
"465","2021-06-16","2021","June","Mine Gamma","Northern Coalfield","Seam A","5.91","593.14","4498","87.92","29.57","2.71","6895","24.13716","85.845298","437.74","High Fault Zone","High","Mine Gamma","5.91","87.92","29.57","2.71"
"466","2023-12-31","2023","December","Mine Alpha","Central Coalfield","Lower Seam","2.93","315.44","1638","94.78","33.04","13.93","4613","23.493632","85.345667","379.27","Moderate Fault Zone","High","Mine Alpha","2.93","94.78","33.04","13.93"
"467","2026-08-07","2026","August","Mine Gamma","Northern Coalfield","Upper Seam","4.17","70.33","29183","90.52","33.39","8.12","5028","24.154116","85.891739","767.43","Stable Zone","Medium","Mine Gamma","4.17","90.52","33.39","8.12"
"468","2023-09-05","2023","September","Mine Gamma","Northern Coalfield","Seam A","3.77","411.27","24885","87.87","20.24","2.36","3693","24.134159","85.883016","709.98","Moderate Fault Zone","Low","Mine Gamma","3.77","87.87","20.24","2.36"
"469","2025-01-17","2025","January","Mine Beta","Eastern Coal Basin","Seam C","3.49","99.34","5876","81.01","34.18","12.8","6324","23.814696","86.168575","711.07","High Fault Zone","Low","Mine Beta","3.49","81.01","34.18","12.8"
"470","2020-12-03","2020","December","Mine Beta","Eastern Coal Basin","Seam B","6.22","546.06","40408","71.16","19.19","4.36","6743","23.824476","86.188434","330.41","Stable Zone","High","Mine Beta","6.22","71.16","19.19","4.36"
"471","2025-01-10","2025","January","Mine Omega","Southern Coalfield","Seam B","7.82","634.48","15538","86.74","12.56","7.21","5087","22.426016","85.598906","426.51","Boundary Zone","Low","Mine Omega","7.82","86.74","12.56","7.21"
"472","2022-11-18","2022","November","Mine Omega","Southern Coalfield","Lower Seam","7.92","322.22","43972","68.67","27.27","4.48","6689","22.478212","85.618796","511.09","Moderate Fault Zone","Low","Mine Omega","7.92","68.67","27.27","4.48"
"473","2024-09-23","2024","September","Mine Beta","Eastern Coal Basin","Seam B","8.47","219.78","47253","77.97","19.03","3.9","4574","23.75618","86.161768","787.91","High Fault Zone","Low","Mine Beta","8.47","77.97","19.03","3.9"
"474","2018-12-18","2018","December","Mine Delta","Western Coal Basin","Seam A","4.62","572.87","36073","77.32","13.73","6.99","5066","22.95972","84.937306","553.19","Stable Zone","Low","Mine Delta","4.62","77.32","13.73","6.99"
"475","2023-04-13","2023","April","Mine Beta","Eastern Coal Basin","Seam C","8.48","613.59","65755","83.55","28.2","2.59","4439","23.791966","86.130251","444.45","High Fault Zone","Low","Mine Beta","8.48","83.55","28.2","2.59"
"476","2018-06-18","2018","June","Mine Omega","Southern Coalfield","Seam E","2.51","151.92","10533","75.51","20.64","3.17","6128","22.443293","85.616041","389.89","Moderate Fault Zone","Low","Mine Omega","2.51","75.51","20.64","3.17"
"477","2026-05-22","2026","May","Mine Gamma","Northern Coalfield","Seam C","7.96","219.76","56333","84.0","28.56","5.43","4658","24.159267","85.851554","846.36","Moderate Fault Zone","Low","Mine Gamma","7.96","84.0","28.56","5.43"
"478","2018-08-06","2018","August","Mine Delta","Western Coal Basin","Seam B","2.28","187.92","1753","73.07","27.06","7.67","7182","22.992721","84.934079","418.87","Boundary Zone","Low","Mine Delta","2.28","73.07","27.06","7.67"
"479","2019-04-06","2019","April","Mine Delta","Western Coal Basin","Lower Seam","6.45","138.83","20137","71.32","15.67","12.85","6275","22.982257","84.986325","624.3","Moderate Fault Zone","Low","Mine Delta","6.45","71.32","15.67","12.85"
"480","2023-11-25","2023","November","Mine Alpha","Central Coalfield","Lower Seam","5.37","299.85","5780","88.82","26.28","13.54","3596","23.468131","85.338064","444.09","Boundary Zone","High","Mine Alpha","5.37","88.82","26.28","13.54"
"481","2021-08-18","2021","August","Mine Alpha","Central Coalfield","Seam B","1.41","326.14","8189","79.88","24.97","5.5","5935","23.432943","85.274385","596.98","Folded Zone","Low","Mine Alpha","1.41","79.88","24.97","5.5"
"482","2019-06-14","2019","June","Mine Omega","Southern Coalfield","Seam B","7.5","530.93","19666","89.74","28.08","9.11","5728","22.409255","85.615516","340.85","Folded Zone","Low","Mine Omega","7.5","89.74","28.08","9.11"
"483","2019-10-30","2019","October","Mine Beta","Eastern Coal Basin","Seam D","6.89","220.96","42333","85.28","11.26","8.38","5100","23.810635","86.13101","638.92","Moderate Fault Zone","Low","Mine Beta","6.89","85.28","11.26","8.38"
"484","2022-02-14","2022","February","Mine Alpha","Central Coalfield","Seam E","2.66","317.27","9072","73.32","24.21","3.17","5063","23.436824","85.288636","602.56","Stable Zone","Low","Mine Alpha","2.66","73.32","24.21","3.17"
"485","2023-03-14","2023","March","Mine Gamma","Northern Coalfield","Upper Seam","2.84","461.74","4723","80.35","25.0","8.82","4576","24.113736","85.910721","500.0","Moderate Fault Zone","High","Mine Gamma","2.84","80.35","25.0","8.82"
"486","2020-10-15","2020","October","Mine Gamma","Northern Coalfield","Seam E","4.32","391.12","20012","93.44","21.86","8.64","5028","24.116466","85.892031","724.59","High Fault Zone","Low","Mine Gamma","4.32","93.44","21.86","8.64"
"487","2026-08-15","2026","August","Mine Alpha","Central Coalfield","Seam E","1.32","494.31","5243","89.37","30.76","2.59","5040","23.470438","85.301395","665.14","Folded Zone","Medium","Mine Alpha","1.32","89.37","30.76","2.59"
"488","2021-10-30","2021","October","Mine Gamma","Northern Coalfield","Lower Seam","7.11","176.64","7726","95.45","15.0","10.75","5105","24.071792","85.859493","188.91","Folded Zone","Low","Mine Gamma","7.11","95.45","15.0","10.75"
"489","2025-05-18","2025","May","Mine Delta","Western Coal Basin","Upper Seam","5.59","342.03","28726","95.19","17.74","10.76","6054","22.9395","84.960266","263.81","Stable Zone","Low","Mine Delta","5.59","95.19","17.74","10.76"
"490","2025-10-21","2025","October","Mine Alpha","Central Coalfield","Seam B","7.47","175.54","40074","85.14","19.77","10.14","6423","23.419091","85.300092","490.5","Folded Zone","Low","Mine Alpha","7.47","85.14","19.77","10.14"
"491","2019-11-12","2019","November","Mine Alpha","Central Coalfield","Seam B","6.59","317.16","27268","65.61","20.14","5.15","4591","23.482945","85.309173","403.68","Stable Zone","Medium","Mine Alpha","6.59","65.61","20.14","5.15"
"492","2022-08-30","2022","August","Mine Delta","Western Coal Basin","Lower Seam","4.82","397.2","28838","95.97","9.0","7.2","5399","22.972461","85.023528","786.4","Folded Zone","Low","Mine Delta","4.82","95.97","9.0","7.2"
"493","2023-12-04","2023","December","Mine Alpha","Central Coalfield","Seam A","4.28","239.51","4179","92.68","19.26","8.15","5331","23.493896","85.304676","647.33","Stable Zone","Low","Mine Alpha","4.28","92.68","19.26","8.15"
"494","2023-04-07","2023","April","Mine Beta","Eastern Coal Basin","Seam C","4.4","354.58","21593","86.23","32.89","13.09","6146","23.776847","86.188317","664.41","Folded Zone","High","Mine Beta","4.4","86.23","32.89","13.09"
"495","2023-04-19","2023","April","Mine Gamma","Northern Coalfield","Lower Seam","8.29","147.22","17028","86.41","10.33","8.28","4141","24.085631","85.869219","711.63","Folded Zone","Low","Mine Gamma","8.29","86.41","10.33","8.28"
"496","2024-03-30","2024","March","Mine Beta","Eastern Coal Basin","Seam A","8.49","265.27","20852","85.98","12.72","13.17","5363","23.810682","86.133773","256.36","Moderate Fault Zone","Low","Mine Beta","8.49","85.98","12.72","13.17"
"497","2023-06-16","2023","June","Mine Beta","Eastern Coal Basin","Seam C","8.45","520.93","52984","88.87","23.04","13.65","6658","23.81737","86.160429","249.78","Stable Zone","High","Mine Beta","8.45","88.87","23.04","13.65"
"498","2023-02-16","2023","February","Mine Delta","Western Coal Basin","Lower Seam","6.72","634.8","42755","83.9","31.18","3.32","5581","22.950731","84.946705","259.1","Moderate Fault Zone","High","Mine Delta","6.72","83.9","31.18","3.32"
"499","2026-03-03","2026","March","Mine Beta","Eastern Coal Basin","Seam C","6.37","507.18","26996","91.99","12.17","6.73","6531","23.742298","86.120189","829.66","Stable Zone","Low","Mine Beta","6.37","91.99","12.17","6.73"
"500","2021-10-30","2021","October","Mine Delta","Western Coal Basin","Seam C","4.89","101.14","16104","88.4","17.74","10.64","4061","22.975351","84.972172","332.88","Folded Zone","Low","Mine Delta","4.89","88.4","17.74","10.64"
"501","2023-02-23","2023","February","Mine Delta","Western Coal Basin","Lower Seam","4.97","459.32","37663","78.72","28.79","11.33","5414","22.906958","84.96383","449.11","Moderate Fault Zone","Low","Mine Delta","4.97","78.72","28.79","11.33"
"502","2026-07-07","2026","July","Mine Delta","Western Coal Basin","Seam A","6.02","434.88","43758","66.79","25.05","11.27","5943","22.951978","84.959572","449.34","Boundary Zone","Medium","Mine Delta","6.02","66.79","25.05","11.27"
"503","2021-11-10","2021","November","Mine Gamma","Northern Coalfield","Seam A","7.24","590.13","36765","69.55","18.91","10.37","6784","24.132436","85.881819","476.24","High Fault Zone","Medium","Mine Gamma","7.24","69.55","18.91","10.37"
"504","2020-03-19","2020","March","Mine Delta","Western Coal Basin","Seam C","1.82","372.46","6233","87.29","31.76","8.77","5501","22.921373","84.981167","389.21","High Fault Zone","Medium","Mine Delta","1.82","87.29","31.76","8.77"
"505","2018-04-06","2018","April","Mine Beta","Eastern Coal Basin","Seam A","7.7","373.96","18789","90.8","16.21","7.5","5370","23.803199","86.184158","354.04","Boundary Zone","Low","Mine Beta","7.7","90.8","16.21","7.5"
"506","2026-06-26","2026","June","Mine Alpha","Central Coalfield","Upper Seam","8.07","319.24","38682","65.16","17.15","5.07","6259","23.458159","85.341465","808.15","Boundary Zone","Medium","Mine Alpha","8.07","65.16","17.15","5.07"
"507","2021-12-05","2021","December","Mine Beta","Eastern Coal Basin","Seam C","3.28","520.87","19225","85.85","27.29","8.76","4416","23.762785","86.158237","731.3","High Fault Zone","Low","Mine Beta","3.28","85.85","27.29","8.76"
"508","2025-12-24","2025","December","Mine Beta","Eastern Coal Basin","Seam D","7.25","99.17","7007","92.54","20.86","7.8","4866","23.782626","86.158824","527.69","Folded Zone","Medium","Mine Beta","7.25","92.54","20.86","7.8"
"509","2023-08-06","2023","August","Mine Omega","Southern Coalfield","Upper Seam","4.29","314.05","32101","80.18","34.28","12.71","4034","22.412712","85.661115","266.69","Boundary Zone","Medium","Mine Omega","4.29","80.18","34.28","12.71"
"510","2025-10-15","2025","October","Mine Alpha","Central Coalfield","Seam B","4.52","69.56","7577","82.33","32.89","3.54","6654","23.411034","85.306959","374.03","Boundary Zone","Low","Mine Alpha","4.52","82.33","32.89","3.54"
"511","2021-06-02","2021","June","Mine Gamma","Northern Coalfield","Seam C","3.41","341.56","21940","69.41","23.92","2.63","6809","24.158906","85.841558","728.81","Folded Zone","Low","Mine Gamma","3.41","69.41","23.92","2.63"
"512","2021-11-29","2021","November","Mine Omega","Southern Coalfield","Seam A","7.55","300.55","36224","82.54","32.31","12.16","5258","22.472003","85.650571","690.51","Boundary Zone","Medium","Mine Omega","7.55","82.54","32.31","12.16"
"513","2025-06-25","2025","June","Mine Delta","Western Coal Basin","Seam D","2.29","486.72","2679","84.37","24.84","7.03","6831","22.9339","84.934582","629.2","Folded Zone","Medium","Mine Delta","2.29","84.37","24.84","7.03"
"514","2019-11-10","2019","November","Mine Alpha","Central Coalfield","Upper Seam","1.38","428.07","8676","74.57","25.42","10.37","3815","23.495517","85.324183","687.6","Boundary Zone","Low","Mine Alpha","1.38","74.57","25.42","10.37"
"515","2023-08-21","2023","August","Mine Delta","Western Coal Basin","Seam A","2.08","611.71","3844","65.59","29.24","5.19","6111","22.988766","84.974423","720.64","Boundary Zone","Low","Mine Delta","2.08","65.59","29.24","5.19"
"516","2018-07-04","2018","July","Mine Omega","Southern Coalfield","Seam D","7.49","63.96","28294","77.86","31.21","6.13","4452","22.411464","85.599933","292.66","Moderate Fault Zone","Low","Mine Omega","7.49","77.86","31.21","6.13"
"517","2019-09-24","2019","September","Mine Alpha","Central Coalfield","Seam C","8.15","457.17","7676","94.79","12.9","11.27","4603","23.409874","85.284246","778.32","High Fault Zone","Low","Mine Alpha","8.15","94.79","12.9","11.27"
"518","2018-08-01","2018","August","Mine Alpha","Central Coalfield","Seam B","2.95","408.2","6707","80.77","21.62","14.34","4496","23.431834","85.325312","223.86","Stable Zone","Low","Mine Alpha","2.95","80.77","21.62","14.34"
"519","2018-03-18","2018","March","Mine Beta","Eastern Coal Basin","Seam C","5.24","401.7","6609","88.65","25.59","3.63","5603","23.774598","86.184628","515.29","Moderate Fault Zone","Low","Mine Beta","5.24","88.65","25.59","3.63"
"520","2020-10-01","2020","October","Mine Beta","Eastern Coal Basin","Seam E","8.15","626.81","38009","66.3","29.94","14.49","5797","23.795306","86.116738","220.32","Folded Zone","Low","Mine Beta","8.15","66.3","29.94","14.49"
"521","2025-08-17","2025","August","Mine Gamma","Northern Coalfield","Seam D","8.49","555.46","17792","91.06","15.6","4.1","5476","24.076994","85.828972","647.95","Moderate Fault Zone","Medium","Mine Gamma","8.49","91.06","15.6","4.1"
"522","2022-11-05","2022","November","Mine Gamma","Northern Coalfield","Seam B","5.66","624.45","16342","86.15","17.25","5.4","6285","24.115272","85.844593","838.62","High Fault Zone","Low","Mine Gamma","5.66","86.15","17.25","5.4"
"523","2021-09-07","2021","September","Mine Omega","Southern Coalfield","Seam A","7.87","130.24","58371","83.87","8.12","2.12","4142","22.455579","85.659649","507.61","Folded Zone","Low","Mine Omega","7.87","83.87","8.12","2.12"
"524","2024-01-16","2024","January","Mine Alpha","Central Coalfield","Seam A","7.72","539.63","29636","68.83","34.25","6.89","5725","23.438675","85.353915","723.95","Stable Zone","Low","Mine Alpha","7.72","68.83","34.25","6.89"
"525","2020-03-01","2020","March","Mine Gamma","Northern Coalfield","Seam D","1.27","495.89","7859","86.1","27.15","4.49","6520","24.132524","85.900841","328.17","Folded Zone","High","Mine Gamma","1.27","86.1","27.15","4.49"
"526","2021-02-23","2021","February","Mine Alpha","Central Coalfield","Seam D","7.8","474.18","16132","71.08","30.17","7.15","6719","23.45691","85.319401","549.7","Boundary Zone","Medium","Mine Alpha","7.8","71.08","30.17","7.15"
"527","2024-05-03","2024","May","Mine Omega","Southern Coalfield","Seam B","1.68","126.95","1660","73.05","23.39","4.96","5435","22.478225","85.609185","634.25","Boundary Zone","Medium","Mine Omega","1.68","73.05","23.39","4.96"
"528","2023-02-03","2023","February","Mine Omega","Southern Coalfield","Seam A","8.05","434.58","60963","66.61","33.35","7.62","7182","22.427404","85.658017","492.61","High Fault Zone","Low","Mine Omega","8.05","66.61","33.35","7.62"
"529","2026-02-02","2026","February","Mine Alpha","Central Coalfield","Seam B","1.54","601.03","6919","74.8","18.58","6.35","6756","23.480767","85.369026","331.17","Folded Zone","High","Mine Alpha","1.54","74.8","18.58","6.35"
"530","2020-03-17","2020","March","Mine Beta","Eastern Coal Basin","Seam B","3.6","87.71","18683","65.86","19.66","2.31","6450","23.823506","86.184051","345.59","Folded Zone","Low","Mine Beta","3.6","65.86","19.66","2.31"
"531","2018-08-11","2018","August","Mine Gamma","Northern Coalfield","Lower Seam","3.64","526.47","27579","89.05","24.73","11.93","5814","24.127893","85.828553","220.66","Stable Zone","Low","Mine Gamma","3.64","89.05","24.73","11.93"
"532","2019-06-07","2019","June","Mine Alpha","Central Coalfield","Seam A","7.91","315.15","21840","84.41","9.78","10.81","5569","23.429492","85.308146","244.21","Folded Zone","Low","Mine Alpha","7.91","84.41","9.78","10.81"
"533","2025-05-26","2025","May","Mine Omega","Southern Coalfield","Seam E","1.28","280.35","8274","92.28","24.72","6.42","6969","22.478293","85.635408","399.89","Moderate Fault Zone","Low","Mine Omega","1.28","92.28","24.72","6.42"
"534","2024-09-03","2024","September","Mine Alpha","Central Coalfield","Upper Seam","1.69","523.65","3299","82.77","25.21","5.33","5058","23.472462","85.314462","342.91","Stable Zone","Low","Mine Alpha","1.69","82.77","25.21","5.33"
"535","2024-07-22","2024","July","Mine Gamma","Northern Coalfield","Seam D","4.95","441.02","15756","83.09","22.61","3.89","5237","24.130333","85.849106","830.08","Boundary Zone","Low","Mine Gamma","4.95","83.09","22.61","3.89"
"536","2018-08-23","2018","August","Mine Beta","Eastern Coal Basin","Seam B","4.9","551.1","34007","78.08","13.28","4.6","6861","23.808526","86.134155","627.47","Folded Zone","Low","Mine Beta","4.9","78.08","13.28","4.6"
"537","2024-06-27","2024","June","Mine Gamma","Northern Coalfield","Seam E","8.23","419.66","29959","70.03","20.27","12.26","3656","24.091941","85.82037","329.43","Moderate Fault Zone","Low","Mine Gamma","8.23","70.03","20.27","12.26"
"538","2020-09-06","2020","September","Mine Beta","Eastern Coal Basin","Seam D","6.56","621.55","19591","87.94","13.54","4.4","7163","23.766282","86.107373","200.11","Stable Zone","Low","Mine Beta","6.56","87.94","13.54","4.4"
"539","2020-03-07","2020","March","Mine Delta","Western Coal Basin","Upper Seam","5.48","509.32","4544","65.92","13.34","4.26","6776","22.971884","84.963982","551.52","Moderate Fault Zone","Low","Mine Delta","5.48","65.92","13.34","4.26"
"540","2020-12-08","2020","December","Mine Beta","Eastern Coal Basin","Seam A","1.35","456.47","4512","89.41","11.0","14.17","4629","23.754015","86.180949","622.81","Boundary Zone","High","Mine Beta","1.35","89.41","11.0","14.17"
"541","2022-11-12","2022","November","Mine Omega","Southern Coalfield","Upper Seam","1.68","136.66","12484","89.64","13.18","6.92","4885","22.459955","85.687698","343.85","Stable Zone","Medium","Mine Omega","1.68","89.64","13.18","6.92"
"542","2020-02-14","2020","February","Mine Omega","Southern Coalfield","Lower Seam","5.11","523.75","15113","66.65","29.48","13.35","6651","22.496838","85.678583","320.19","Stable Zone","Medium","Mine Omega","5.11","66.65","29.48","13.35"
"543","2018-09-23","2018","September","Mine Omega","Southern Coalfield","Seam B","4.91","500.78","26210","80.78","21.46","8.04","4691","22.437388","85.659451","659.49","Folded Zone","Low","Mine Omega","4.91","80.78","21.46","8.04"
"544","2022-07-01","2022","July","Mine Omega","Southern Coalfield","Upper Seam","7.92","400.39","6134","71.81","13.48","13.22","4965","22.4306","85.678871","562.82","High Fault Zone","Low","Mine Omega","7.92","71.81","13.48","13.22"
"545","2019-07-05","2019","July","Mine Alpha","Central Coalfield","Lower Seam","1.81","316.7","5678","83.1","20.56","10.07","5077","23.446755","85.310895","719.02","High Fault Zone","Low","Mine Alpha","1.81","83.1","20.56","10.07"
"546","2020-01-06","2020","January","Mine Alpha","Central Coalfield","Seam D","2.91","437.21","9292","67.55","30.75","8.67","5882","23.478587","85.362661","245.93","Stable Zone","Low","Mine Alpha","2.91","67.55","30.75","8.67"
"547","2020-03-31","2020","March","Mine Omega","Southern Coalfield","Seam C","2.64","247.54","7314","90.28","26.46","5.57","6111","22.4998","85.689841","684.1","Boundary Zone","High","Mine Omega","2.64","90.28","26.46","5.57"
"548","2026-08-21","2026","August","Mine Alpha","Central Coalfield","Seam C","3.26","257.98","26003","94.32","30.19","11.85","3544","23.465409","85.368927","817.5","Folded Zone","Low","Mine Alpha","3.26","94.32","30.19","11.85"
"549","2023-04-28","2023","April","Mine Beta","Eastern Coal Basin","Seam B","4.97","521.58","30725","87.4","20.46","12.29","4658","23.748785","86.177013","647.62","Moderate Fault Zone","Low","Mine Beta","4.97","87.4","20.46","12.29"
"550","2018-05-04","2018","May","Mine Omega","Southern Coalfield","Seam C","2.21","574.25","6170","87.87","21.49","10.57","4812","22.422549","85.632572","684.26","Boundary Zone","Low","Mine Omega","2.21","87.87","21.49","10.57"
"551","2018-04-06","2018","April","Mine Omega","Southern Coalfield","Seam E","6.93","603.29","11453","94.53","16.92","10.19","5731","22.460784","85.676694","836.72","Moderate Fault Zone","High","Mine Omega","6.93","94.53","16.92","10.19"
"552","2023-12-30","2023","December","Mine Alpha","Central Coalfield","Seam D","2.57","115.18","12262","79.0","32.16","3.21","3886","23.455291","85.273206","641.65","Folded Zone","Low","Mine Alpha","2.57","79.0","32.16","3.21"
"553","2018-10-12","2018","October","Mine Beta","Eastern Coal Basin","Seam D","3.27","189.82","17811","67.17","9.55","8.74","4136","23.815971","86.141086","285.21","Stable Zone","Low","Mine Beta","3.27","67.17","9.55","8.74"
"554","2023-05-13","2023","May","Mine Delta","Western Coal Basin","Upper Seam","1.7","623.06","11888","69.03","13.55","7.62","6126","22.947478","84.990371","809.23","Boundary Zone","Low","Mine Delta","1.7","69.03","13.55","7.62"
"555","2021-02-02","2021","February","Mine Delta","Western Coal Basin","Seam B","1.25","135.62","1225","77.38","29.8","8.84","6868","22.987924","84.97602","566.01","Stable Zone","Low","Mine Delta","1.25","77.38","29.8","8.84"
"556","2021-11-21","2021","November","Mine Delta","Western Coal Basin","Upper Seam","7.35","525.41","25234","90.53","30.95","7.4","4164","22.961774","84.973208","437.73","Moderate Fault Zone","Medium","Mine Delta","7.35","90.53","30.95","7.4"
"557","2022-05-31","2022","May","Mine Alpha","Central Coalfield","Upper Seam","8.1","193.82","56935","73.49","24.96","5.79","6890","23.469804","85.342241","325.56","Folded Zone","Low","Mine Alpha","8.1","73.49","24.96","5.79"
"558","2019-05-12","2019","May","Mine Omega","Southern Coalfield","Seam C","1.76","113.13","10998","75.11","20.18","5.29","5372","22.446217","85.59732","645.31","Folded Zone","Low","Mine Omega","1.76","75.11","20.18","5.29"
"559","2020-03-07","2020","March","Mine Delta","Western Coal Basin","Seam D","1.48","200.36","8611","69.23","26.1","8.04","5207","22.908255","84.995702","658.1","Folded Zone","Low","Mine Delta","1.48","69.23","26.1","8.04"
"560","2019-10-23","2019","October","Mine Gamma","Northern Coalfield","Seam B","7.32","414.19","13390","68.85","28.02","4.19","5984","24.071121","85.847325","475.24","Moderate Fault Zone","Low","Mine Gamma","7.32","68.85","28.02","4.19"
"561","2025-07-27","2025","July","Mine Alpha","Central Coalfield","Seam E","2.78","468.05","18831","90.16","25.31","11.31","6819","23.439062","85.300832","215.12","Stable Zone","Low","Mine Alpha","2.78","90.16","25.31","11.31"
"562","2026-08-09","2026","August","Mine Delta","Western Coal Basin","Seam B","7.98","274.79","18267","67.83","19.39","14.86","4747","22.919215","84.996895","327.78","Stable Zone","Medium","Mine Delta","7.98","67.83","19.39","14.86"
"563","2026-02-13","2026","February","Mine Beta","Eastern Coal Basin","Seam B","1.52","357.5","10058","75.0","24.92","10.12","6957","23.769506","86.142788","335.71","Stable Zone","Low","Mine Beta","1.52","75.0","24.92","10.12"
"564","2018-03-03","2018","March","Mine Beta","Eastern Coal Basin","Seam D","5.97","57.19","12512","71.82","25.76","5.62","5808","23.734394","86.188546","455.43","Boundary Zone","Low","Mine Beta","5.97","71.82","25.76","5.62"
"565","2025-12-28","2025","December","Mine Alpha","Central Coalfield","Seam E","6.98","603.33","33288","72.81","10.56","6.22","5834","23.438857","85.362455","696.84","Moderate Fault Zone","Low","Mine Alpha","6.98","72.81","10.56","6.22"
"566","2025-06-22","2025","June","Mine Gamma","Northern Coalfield","Seam D","1.69","60.59","12406","78.92","21.8","11.64","5363","24.140463","85.821329","194.21","Stable Zone","Low","Mine Gamma","1.69","78.92","21.8","11.64"
"567","2026-06-29","2026","June","Mine Delta","Western Coal Basin","Seam B","5.72","85.95","18927","74.2","12.1","4.66","3640","22.992341","84.989808","813.74","High Fault Zone","Low","Mine Delta","5.72","74.2","12.1","4.66"
"568","2025-03-21","2025","March","Mine Gamma","Northern Coalfield","Lower Seam","6.75","362.52","52864","85.09","15.79","2.31","6634","24.103127","85.844225","541.34","Moderate Fault Zone","Medium","Mine Gamma","6.75","85.09","15.79","2.31"
"569","2024-10-26","2024","October","Mine Beta","Eastern Coal Basin","Lower Seam","3.98","242.98","15194","65.19","31.49","2.91","4212","23.793437","86.114153","316.83","Stable Zone","Low","Mine Beta","3.98","65.19","31.49","2.91"
"570","2020-04-17","2020","April","Mine Omega","Southern Coalfield","Seam B","4.9","305.74","19615","70.09","13.33","7.51","5742","22.43031","85.647642","828.38","Moderate Fault Zone","Low","Mine Omega","4.9","70.09","13.33","7.51"
"571","2018-11-24","2018","November","Mine Delta","Western Coal Basin","Seam C","4.11","150.66","15660","80.66","27.84","11.88","6533","22.979356","84.931981","435.55","Stable Zone","Medium","Mine Delta","4.11","80.66","27.84","11.88"
"572","2024-09-03","2024","September","Mine Gamma","Northern Coalfield","Seam E","2.32","485.99","5637","79.37","20.25","6.88","5742","24.077194","85.833666","494.4","Moderate Fault Zone","High","Mine Gamma","2.32","79.37","20.25","6.88"
"573","2018-02-22","2018","February","Mine Alpha","Central Coalfield","Lower Seam","4.86","485.21","20343","93.7","33.39","14.62","4881","23.448955","85.334105","574.17","Folded Zone","Medium","Mine Alpha","4.86","93.7","33.39","14.62"
"574","2022-04-26","2022","April","Mine Alpha","Central Coalfield","Seam E","2.39","507.77","18351","88.91","28.29","6.53","6124","23.463498","85.306818","218.66","Folded Zone","High","Mine Alpha","2.39","88.91","28.29","6.53"
"575","2020-09-19","2020","September","Mine Beta","Eastern Coal Basin","Seam D","1.45","537.88","7587","85.97","26.83","10.39","4467","23.775547","86.168107","350.37","Boundary Zone","Low","Mine Beta","1.45","85.97","26.83","10.39"
"576","2018-02-20","2018","February","Mine Beta","Eastern Coal Basin","Seam A","6.83","436.64","50382","77.33","23.83","13.71","5419","23.748882","86.142294","735.93","High Fault Zone","Medium","Mine Beta","6.83","77.33","23.83","13.71"
"577","2023-12-24","2023","December","Mine Omega","Southern Coalfield","Upper Seam","7.67","401.65","46055","88.33","32.96","13.3","3904","22.457261","85.669753","725.53","High Fault Zone","Medium","Mine Omega","7.67","88.33","32.96","13.3"
"578","2025-11-03","2025","November","Mine Delta","Western Coal Basin","Seam C","1.25","151.04","5235","68.0","28.89","7.43","5042","22.928834","84.973095","298.19","Moderate Fault Zone","Medium","Mine Delta","1.25","68.0","28.89","7.43"
"579","2023-06-16","2023","June","Mine Beta","Eastern Coal Basin","Seam B","4.87","116.14","23148","71.59","13.43","11.75","6494","23.749188","86.198295","763.98","Folded Zone","Medium","Mine Beta","4.87","71.59","13.43","11.75"
"580","2019-03-24","2019","March","Mine Omega","Southern Coalfield","Lower Seam","5.85","97.89","6685","68.87","9.74","2.39","4369","22.448519","85.666053","186.37","High Fault Zone","Medium","Mine Omega","5.85","68.87","9.74","2.39"
"581","2025-06-18","2025","June","Mine Alpha","Central Coalfield","Seam E","6.96","75.12","14498","89.55","18.14","8.76","7060","23.426584","85.318593","687.13","Boundary Zone","Low","Mine Alpha","6.96","89.55","18.14","8.76"
"582","2025-08-24","2025","August","Mine Gamma","Northern Coalfield","Seam C","8.5","540.11","64238","85.62","18.22","2.74","4817","24.103026","85.830018","486.14","Folded Zone","Medium","Mine Gamma","8.5","85.62","18.22","2.74"
"583","2018-04-16","2018","April","Mine Beta","Eastern Coal Basin","Seam E","2.1","368.38","16029","88.29","14.71","7.87","6039","23.816985","86.151491","622.35","Stable Zone","High","Mine Beta","2.1","88.29","14.71","7.87"
"584","2018-03-10","2018","March","Mine Gamma","Northern Coalfield","Upper Seam","3.83","77.45","25112","75.09","20.0","9.89","4981","24.131259","85.828137","466.7","Folded Zone","High","Mine Gamma","3.83","75.09","20.0","9.89"
"585","2026-03-27","2026","March","Mine Alpha","Central Coalfield","Seam D","3.35","167.05","5272","81.12","23.44","13.14","5367","23.412786","85.349682","381.9","Boundary Zone","High","Mine Alpha","3.35","81.12","23.44","13.14"
"586","2019-11-20","2019","November","Mine Delta","Western Coal Basin","Seam D","8.17","339.3","37214","72.54","12.6","14.27","6090","22.910547","85.029336","199.58","High Fault Zone","High","Mine Delta","8.17","72.54","12.6","14.27"
"587","2020-06-21","2020","June","Mine Gamma","Northern Coalfield","Upper Seam","3.08","335.78","22273","68.82","11.67","8.95","6184","24.079044","85.889178","764.2","Boundary Zone","Medium","Mine Gamma","3.08","68.82","11.67","8.95"
"588","2018-09-22","2018","September","Mine Omega","Southern Coalfield","Upper Seam","3.71","596.1","22528","87.48","25.66","12.21","7075","22.443696","85.613337","353.59","High Fault Zone","Low","Mine Omega","3.71","87.48","25.66","12.21"
"589","2021-10-25","2021","October","Mine Alpha","Central Coalfield","Upper Seam","5.52","162.89","41759","82.76","11.44","6.07","4907","23.473692","85.30108","575.34","Moderate Fault Zone","Medium","Mine Alpha","5.52","82.76","11.44","6.07"
"590","2021-08-02","2021","August","Mine Delta","Western Coal Basin","Lower Seam","3.86","457.58","24991","81.11","24.24","4.89","4963","22.953829","84.97606","276.95","High Fault Zone","Medium","Mine Delta","3.86","81.11","24.24","4.89"
"591","2025-08-17","2025","August","Mine Delta","Western Coal Basin","Seam D","2.28","220.04","13915","91.32","30.35","2.45","4685","22.950238","84.99886","363.21","Boundary Zone","Low","Mine Delta","2.28","91.32","30.35","2.45"
"592","2023-07-21","2023","July","Mine Beta","Eastern Coal Basin","Seam C","6.34","276.03","49823","75.33","30.35","4.74","6211","23.811042","86.170041","215.22","Moderate Fault Zone","Medium","Mine Beta","6.34","75.33","30.35","4.74"
"593","2021-05-10","2021","May","Mine Delta","Western Coal Basin","Lower Seam","6.01","559.11","47677","81.99","17.11","10.81","7164","22.975771","84.969106","533.66","High Fault Zone","Low","Mine Delta","6.01","81.99","17.11","10.81"
"594","2025-11-11","2025","November","Mine Beta","Eastern Coal Basin","Lower Seam","5.2","108.39","15213","89.53","31.38","2.7","6958","23.760407","86.165463","566.7","Folded Zone","Medium","Mine Beta","5.2","89.53","31.38","2.7"
"595","2019-08-17","2019","August","Mine Gamma","Northern Coalfield","Seam B","2.79","499.03","16782","65.28","27.6","9.48","6010","24.168848","85.834761","816.77","Folded Zone","Medium","Mine Gamma","2.79","65.28","27.6","9.48"
"596","2018-08-19","2018","August","Mine Beta","Eastern Coal Basin","Seam A","3.8","334.33","28834","68.64","21.92","6.4","5105","23.744857","86.172255","344.15","Stable Zone","Low","Mine Beta","3.8","68.64","21.92","6.4"
"597","2021-05-24","2021","May","Mine Delta","Western Coal Basin","Upper Seam","5.55","153.49","33794","89.05","34.76","10.72","3832","22.946367","85.01182","436.01","Folded Zone","Low","Mine Delta","5.55","89.05","34.76","10.72"
"598","2019-04-23","2019","April","Mine Alpha","Central Coalfield","Seam A","2.09","434.85","15285","71.97","23.84","14.84","5274","23.469373","85.279455","577.23","Folded Zone","Low","Mine Alpha","2.09","71.97","23.84","14.84"
"599","2021-05-07","2021","May","Mine Delta","Western Coal Basin","Seam E","2.11","245.14","12350","91.73","22.51","7.27","6093","22.93938","85.011746","704.93","Boundary Zone","Low","Mine Delta","2.11","91.73","22.51","7.27"
"600","2024-07-23","2024","July","Mine Omega","Southern Coalfield","Seam E","6.41","524.04","9171","88.34","34.07","13.67","4168","22.45991","85.607994","551.66","High Fault Zone","Low","Mine Omega","6.41","88.34","34.07","13.67"
"601","2024-06-13","2024","June","Mine Beta","Eastern Coal Basin","Seam B","5.96","102.69","14457","88.35","10.28","3.62","4605","23.826628","86.11716","834.66","Stable Zone","Low","Mine Beta","5.96","88.35","10.28","3.62"
"602","2023-10-29","2023","October","Mine Alpha","Central Coalfield","Lower Seam","3.34","370.46","5173","80.2","16.45","13.84","7188","23.460617","85.321059","640.91","Stable Zone","Low","Mine Alpha","3.34","80.2","16.45","13.84"
"603","2019-08-04","2019","August","Mine Beta","Eastern Coal Basin","Seam C","7.45","179.13","11224","82.11","23.98","5.61","6198","23.772202","86.154985","354.65","Moderate Fault Zone","Low","Mine Beta","7.45","82.11","23.98","5.61"
"604","2020-11-07","2020","November","Mine Alpha","Central Coalfield","Upper Seam","4.31","466.71","19478","67.19","27.78","14.94","6078","23.419263","85.307214","620.4","Boundary Zone","Medium","Mine Alpha","4.31","67.19","27.78","14.94"
"605","2019-09-21","2019","September","Mine Delta","Western Coal Basin","Seam C","8.44","310.18","5860","83.71","10.09","3.62","3907","22.954837","84.936596","608.92","High Fault Zone","High","Mine Delta","8.44","83.71","10.09","3.62"
"606","2019-08-23","2019","August","Mine Gamma","Northern Coalfield","Lower Seam","7.03","214.19","8679","95.36","14.0","14.37","6396","24.08235","85.872648","766.59","Boundary Zone","Medium","Mine Gamma","7.03","95.36","14.0","14.37"
"607","2019-01-27","2019","January","Mine Delta","Western Coal Basin","Seam E","3.75","393.29","9806","73.4","10.67","2.62","4677","22.975187","84.948067","720.08","Boundary Zone","Low","Mine Delta","3.75","73.4","10.67","2.62"
"608","2023-05-08","2023","May","Mine Delta","Western Coal Basin","Seam E","2.13","55.7","9269","69.82","11.41","6.92","6221","22.905286","85.002542","832.91","Moderate Fault Zone","Medium","Mine Delta","2.13","69.82","11.41","6.92"
"609","2025-12-04","2025","December","Mine Delta","Western Coal Basin","Seam D","2.54","641.75","16481","80.57","15.45","7.56","6984","22.988139","85.011402","384.48","Stable Zone","High","Mine Delta","2.54","80.57","15.45","7.56"
"610","2026-08-23","2026","August","Mine Delta","Western Coal Basin","Seam C","7.37","430.81","7924","72.44","10.53","9.48","3813","22.928585","85.022959","721.59","Stable Zone","High","Mine Delta","7.37","72.44","10.53","9.48"
"611","2025-08-05","2025","August","Mine Delta","Western Coal Basin","Seam E","8.01","131.86","33911","86.24","26.27","8.92","3961","22.90139","84.949018","737.04","Stable Zone","Medium","Mine Delta","8.01","86.24","26.27","8.92"
"612","2026-05-29","2026","May","Mine Omega","Southern Coalfield","Seam C","2.98","493.39","22742","90.52","31.77","8.87","5754","22.460737","85.686465","631.93","Boundary Zone","High","Mine Omega","2.98","90.52","31.77","8.87"
"613","2018-11-04","2018","November","Mine Beta","Eastern Coal Basin","Seam C","7.33","358.21","56028","78.1","18.24","6.85","3919","23.821405","86.124977","541.21","Stable Zone","Low","Mine Beta","7.33","78.1","18.24","6.85"
"614","2021-04-17","2021","April","Mine Delta","Western Coal Basin","Seam C","2.76","492.82","13155","71.74","16.23","14.13","5879","22.982573","84.933543","490.25","Boundary Zone","Medium","Mine Delta","2.76","71.74","16.23","14.13"
"615","2021-12-28","2021","December","Mine Alpha","Central Coalfield","Seam A","5.69","247.13","17947","65.16","32.04","4.42","4812","23.410134","85.319205","236.78","Boundary Zone","Medium","Mine Alpha","5.69","65.16","32.04","4.42"
"616","2019-05-23","2019","May","Mine Delta","Western Coal Basin","Seam D","1.25","511.67","2970","79.59","18.11","6.74","6801","22.953643","84.956948","842.88","Folded Zone","Low","Mine Delta","1.25","79.59","18.11","6.74"
"617","2026-05-19","2026","May","Mine Gamma","Northern Coalfield","Seam D","1.24","580.15","7216","68.43","15.69","3.74","5058","24.103121","85.823161","626.36","Folded Zone","High","Mine Gamma","1.24","68.43","15.69","3.74"
"618","2019-05-02","2019","May","Mine Gamma","Northern Coalfield","Seam D","4.77","347.34","26774","68.95","28.28","12.14","4980","24.142599","85.894189","733.18","Moderate Fault Zone","Low","Mine Gamma","4.77","68.95","28.28","12.14"
"619","2018-03-28","2018","March","Mine Alpha","Central Coalfield","Seam B","2.34","350.0","14638","72.33","26.31","6.45","7113","23.473743","85.313433","373.94","Folded Zone","Low","Mine Alpha","2.34","72.33","26.31","6.45"
"620","2020-10-11","2020","October","Mine Delta","Western Coal Basin","Seam E","2.31","356.74","5477","88.77","31.33","14.93","4415","22.982061","84.949841","653.33","Stable Zone","Medium","Mine Delta","2.31","88.77","31.33","14.93"
"621","2024-11-08","2024","November","Mine Omega","Southern Coalfield","Seam B","2.58","562.92","13459","69.61","11.25","7.22","4513","22.419218","85.604621","191.83","Moderate Fault Zone","Low","Mine Omega","2.58","69.61","11.25","7.22"
"622","2022-04-07","2022","April","Mine Alpha","Central Coalfield","Seam D","5.03","470.1","39490","71.88","19.5","2.8","5080","23.405166","85.281005","423.6","High Fault Zone","Medium","Mine Alpha","5.03","71.88","19.5","2.8"
"623","2021-08-03","2021","August","Mine Beta","Eastern Coal Basin","Seam A","2.53","50.32","13797","74.97","15.7","5.64","5744","23.773091","86.125226","509.16","High Fault Zone","Low","Mine Beta","2.53","74.97","15.7","5.64"
"624","2025-07-03","2025","July","Mine Alpha","Central Coalfield","Seam A","6.19","512.28","9145","76.18","29.87","11.66","5679","23.460471","85.293825","364.88","Boundary Zone","Low","Mine Alpha","6.19","76.18","29.87","11.66"
"625","2019-06-19","2019","June","Mine Alpha","Central Coalfield","Upper Seam","6.62","122.21","32433","93.28","25.67","4.48","6107","23.49255","85.277488","546.21","High Fault Zone","Low","Mine Alpha","6.62","93.28","25.67","4.48"
"626","2026-07-15","2026","July","Mine Delta","Western Coal Basin","Seam B","5.09","142.2","7425","77.96","27.21","13.59","6310","22.984609","84.986035","412.72","High Fault Zone","Low","Mine Delta","5.09","77.96","27.21","13.59"
"627","2022-11-22","2022","November","Mine Alpha","Central Coalfield","Seam A","4.72","364.26","36077","89.52","12.51","5.56","7080","23.428966","85.36558","220.73","Moderate Fault Zone","Medium","Mine Alpha","4.72","89.52","12.51","5.56"
"628","2023-07-21","2023","July","Mine Delta","Western Coal Basin","Upper Seam","5.09","358.09","5408","78.57","21.75","9.31","4944","22.960722","84.950692","182.41","Boundary Zone","Low","Mine Delta","5.09","78.57","21.75","9.31"
"629","2023-10-02","2023","October","Mine Alpha","Central Coalfield","Seam D","4.88","482.35","11913","91.43","16.0","5.49","3941","23.422393","85.323357","375.54","Moderate Fault Zone","High","Mine Alpha","4.88","91.43","16.0","5.49"
"630","2019-06-29","2019","June","Mine Gamma","Northern Coalfield","Seam C","7.58","80.91","59504","95.68","13.67","3.51","5900","24.133268","85.917222","397.46","Boundary Zone","Low","Mine Gamma","7.58","95.68","13.67","3.51"
"631","2022-07-31","2022","July","Mine Beta","Eastern Coal Basin","Seam E","3.35","641.16","17402","65.32","17.6","11.5","4535","23.755599","86.101564","620.4","Boundary Zone","Low","Mine Beta","3.35","65.32","17.6","11.5"
"632","2025-05-02","2025","May","Mine Delta","Western Coal Basin","Seam C","7.55","430.58","34968","90.32","13.96","5.49","5652","22.980773","85.00529","284.28","Moderate Fault Zone","Medium","Mine Delta","7.55","90.32","13.96","5.49"
"633","2022-02-18","2022","February","Mine Delta","Western Coal Basin","Seam B","7.79","106.21","14500","70.74","31.28","4.46","5315","22.972948","84.994756","194.1","Moderate Fault Zone","Medium","Mine Delta","7.79","70.74","31.28","4.46"
"634","2025-09-16","2025","September","Mine Delta","Western Coal Basin","Seam E","2.57","136.11","9504","79.11","25.42","7.23","6180","22.913729","85.005044","187.9","Stable Zone","Low","Mine Delta","2.57","79.11","25.42","7.23"
"635","2019-03-27","2019","March","Mine Alpha","Central Coalfield","Lower Seam","1.3","548.31","9763","69.1","28.79","5.48","6973","23.459964","85.34924","186.3","Stable Zone","Low","Mine Alpha","1.3","69.1","28.79","5.48"
"636","2025-12-07","2025","December","Mine Gamma","Northern Coalfield","Seam A","2.68","338.26","12653","78.77","12.4","6.31","4072","24.075588","85.889204","600.42","Stable Zone","Low","Mine Gamma","2.68","78.77","12.4","6.31"
"637","2019-02-26","2019","February","Mine Alpha","Central Coalfield","Seam E","3.37","356.93","22827","69.4","32.63","2.31","5080","23.414738","85.335536","331.34","Folded Zone","Medium","Mine Alpha","3.37","69.4","32.63","2.31"
"638","2023-07-08","2023","July","Mine Alpha","Central Coalfield","Seam B","8.43","184.71","64688","73.74","10.06","6.34","4834","23.49247","85.27848","209.04","Moderate Fault Zone","Low","Mine Alpha","8.43","73.74","10.06","6.34"
"639","2021-10-03","2021","October","Mine Omega","Southern Coalfield","Seam E","2.52","305.15","18140","86.3","24.87","5.73","6739","22.427109","85.639925","427.31","High Fault Zone","Medium","Mine Omega","2.52","86.3","24.87","5.73"
"640","2018-01-09","2018","January","Mine Alpha","Central Coalfield","Lower Seam","8.01","139.19","43405","74.93","18.55","11.38","6407","23.447843","85.276731","567.15","High Fault Zone","Low","Mine Alpha","8.01","74.93","18.55","11.38"
"641","2019-06-07","2019","June","Mine Gamma","Northern Coalfield","Seam B","6.8","261.57","28605","79.92","34.27","9.82","5855","24.083822","85.914403","797.48","Folded Zone","Low","Mine Gamma","6.8","79.92","34.27","9.82"
"642","2024-01-16","2024","January","Mine Delta","Western Coal Basin","Seam E","4.8","371.73","10684","67.59","27.3","8.85","6373","22.981129","84.951933","238.46","High Fault Zone","Low","Mine Delta","4.8","67.59","27.3","8.85"
"643","2022-01-24","2022","January","Mine Alpha","Central Coalfield","Seam E","4.66","130.16","6180","93.25","17.74","13.04","6381","23.413935","85.316039","739.62","Boundary Zone","High","Mine Alpha","4.66","93.25","17.74","13.04"
"644","2020-09-20","2020","September","Mine Delta","Western Coal Basin","Seam B","7.24","83.52","11103","94.82","27.01","6.91","3597","22.996491","84.967168","649.94","Boundary Zone","Low","Mine Delta","7.24","94.82","27.01","6.91"
"645","2019-10-10","2019","October","Mine Omega","Southern Coalfield","Seam A","2.27","134.77","5307","65.39","30.44","7.41","6332","22.446976","85.604011","533.39","High Fault Zone","Low","Mine Omega","2.27","65.39","30.44","7.41"
"646","2022-12-24","2022","December","Mine Gamma","Northern Coalfield","Lower Seam","5.91","57.93","7887","66.86","25.35","9.85","4142","24.086035","85.859639","463.83","Folded Zone","Low","Mine Gamma","5.91","66.86","25.35","9.85"
"647","2024-06-01","2024","June","Mine Gamma","Northern Coalfield","Seam E","3.43","186.39","25677","73.43","10.48","6.91","7019","24.144313","85.86004","217.52","Folded Zone","Low","Mine Gamma","3.43","73.43","10.48","6.91"
"648","2024-10-14","2024","October","Mine Omega","Southern Coalfield","Lower Seam","1.76","465.46","7182","85.23","18.94","6.95","3702","22.437148","85.632422","360.85","Stable Zone","Low","Mine Omega","1.76","85.23","18.94","6.95"
"649","2021-10-06","2021","October","Mine Omega","Southern Coalfield","Seam A","2.95","147.66","3831","71.57","8.3","13.83","4195","22.420173","85.68292","341.02","Stable Zone","High","Mine Omega","2.95","71.57","8.3","13.83"
"650","2018-07-03","2018","July","Mine Omega","Southern Coalfield","Seam E","8.4","340.28","7227","67.89","16.33","14.75","6281","22.495874","85.640022","390.7","Folded Zone","Medium","Mine Omega","8.4","67.89","16.33","14.75"
"651","2025-11-18","2025","November","Mine Beta","Eastern Coal Basin","Upper Seam","1.91","294.37","11576","68.13","29.8","3.95","5673","23.768211","86.158636","750.86","High Fault Zone","Low","Mine Beta","1.91","68.13","29.8","3.95"
"652","2018-11-19","2018","November","Mine Delta","Western Coal Basin","Upper Seam","1.88","481.08","13410","90.03","25.66","11.99","4096","22.996367","84.98163","668.24","Boundary Zone","High","Mine Delta","1.88","90.03","25.66","11.99"
"653","2023-01-07","2023","January","Mine Gamma","Northern Coalfield","Lower Seam","2.16","224.5","11180","94.14","9.08","11.27","6027","24.093911","85.919701","586.61","Moderate Fault Zone","Low","Mine Gamma","2.16","94.14","9.08","11.27"
"654","2019-02-03","2019","February","Mine Delta","Western Coal Basin","Lower Seam","1.31","509.79","3696","91.89","29.53","13.64","5346","22.945481","84.946972","378.06","Stable Zone","Low","Mine Delta","1.31","91.89","29.53","13.64"
"655","2021-12-18","2021","December","Mine Gamma","Northern Coalfield","Seam A","1.72","476.39","6804","95.57","34.42","11.92","5136","24.162416","85.913983","831.03","Folded Zone","Low","Mine Gamma","1.72","95.57","34.42","11.92"
"656","2022-07-01","2022","July","Mine Gamma","Northern Coalfield","Seam D","7.46","600.28","10947","76.37","30.81","14.38","4883","24.13822","85.870594","356.09","Stable Zone","Medium","Mine Gamma","7.46","76.37","30.81","14.38"
"657","2026-04-24","2026","April","Mine Alpha","Central Coalfield","Lower Seam","2.99","542.74","1673","91.44","15.85","4.06","4977","23.407298","85.308822","489.73","Stable Zone","Low","Mine Alpha","2.99","91.44","15.85","4.06"
"658","2025-03-16","2025","March","Mine Delta","Western Coal Basin","Seam E","7.77","328.91","8886","87.69","32.77","13.99","6342","22.919947","84.962872","392.58","Boundary Zone","Low","Mine Delta","7.77","87.69","32.77","13.99"
"659","2019-04-14","2019","April","Mine Delta","Western Coal Basin","Seam C","4.52","377.05","34415","69.51","13.76","9.39","7155","22.977421","84.93624","721.72","Folded Zone","High","Mine Delta","4.52","69.51","13.76","9.39"
"660","2018-08-10","2018","August","Mine Beta","Eastern Coal Basin","Seam B","7.54","621.59","42432","73.37","25.16","3.09","3756","23.770507","86.129834","657.18","Folded Zone","Low","Mine Beta","7.54","73.37","25.16","3.09"
"661","2020-01-24","2020","January","Mine Gamma","Northern Coalfield","Lower Seam","1.59","586.97","5905","94.86","16.02","4.58","6985","24.118163","85.873551","705.18","Folded Zone","Low","Mine Gamma","1.59","94.86","16.02","4.58"
"662","2022-05-13","2022","May","Mine Omega","Southern Coalfield","Lower Seam","1.27","519.84","6323","67.41","26.03","10.01","4698","22.498637","85.683897","677.7","High Fault Zone","Low","Mine Omega","1.27","67.41","26.03","10.01"
"663","2019-08-28","2019","August","Mine Delta","Western Coal Basin","Seam D","7.51","118.16","58389","77.6","22.06","2.05","5167","22.983251","84.942572","481.05","Boundary Zone","Low","Mine Delta","7.51","77.6","22.06","2.05"
"664","2026-05-13","2026","May","Mine Beta","Eastern Coal Basin","Seam B","4.27","377.65","7454","76.7","17.4","14.38","7095","23.787684","86.101437","725.23","Stable Zone","Low","Mine Beta","4.27","76.7","17.4","14.38"
"665","2023-08-19","2023","August","Mine Gamma","Northern Coalfield","Lower Seam","7.53","469.59","40412","79.14","19.08","6.58","5507","24.122317","85.896508","255.96","Moderate Fault Zone","Low","Mine Gamma","7.53","79.14","19.08","6.58"
"666","2019-12-26","2019","December","Mine Gamma","Northern Coalfield","Seam E","5.54","375.66","18624","91.2","26.59","7.69","4548","24.132038","85.912514","754.19","Stable Zone","Medium","Mine Gamma","5.54","91.2","26.59","7.69"
"667","2019-01-03","2019","January","Mine Alpha","Central Coalfield","Upper Seam","1.32","609.5","1686","88.25","24.84","9.08","5844","23.450336","85.350587","627.37","Folded Zone","Low","Mine Alpha","1.32","88.25","24.84","9.08"
"668","2024-03-09","2024","March","Mine Delta","Western Coal Basin","Seam D","2.04","563.81","15563","75.87","29.43","8.03","6860","22.964486","85.008464","445.19","High Fault Zone","Medium","Mine Delta","2.04","75.87","29.43","8.03"
"669","2021-03-07","2021","March","Mine Omega","Southern Coalfield","Seam C","7.62","208.7","51729","89.65","19.2","5.14","6831","22.441456","85.591553","282.76","High Fault Zone","Medium","Mine Omega","7.62","89.65","19.2","5.14"
"670","2026-04-25","2026","April","Mine Omega","Southern Coalfield","Seam E","3.52","152.25","16866","78.33","23.0","7.09","5780","22.439332","85.595158","804.4","Folded Zone","Low","Mine Omega","3.52","78.33","23.0","7.09"
"671","2026-03-02","2026","March","Mine Delta","Western Coal Basin","Seam B","4.14","240.87","6990","72.16","27.17","3.64","3938","22.957693","84.969201","690.66","High Fault Zone","Medium","Mine Delta","4.14","72.16","27.17","3.64"
"672","2021-08-13","2021","August","Mine Beta","Eastern Coal Basin","Seam B","1.88","65.38","1103","88.87","12.13","10.04","5512","23.82724","86.157179","196.94","Moderate Fault Zone","High","Mine Beta","1.88","88.87","12.13","10.04"
"673","2020-02-04","2020","February","Mine Gamma","Northern Coalfield","Seam B","5.96","183.05","11644","91.05","27.61","12.49","4899","24.096048","85.825175","235.59","Moderate Fault Zone","Medium","Mine Gamma","5.96","91.05","27.61","12.49"
"674","2019-02-28","2019","February","Mine Omega","Southern Coalfield","Seam A","4.55","407.54","5929","73.76","32.15","3.21","5329","22.43614","85.673832","441.84","Folded Zone","Medium","Mine Omega","4.55","73.76","32.15","3.21"
"675","2018-10-29","2018","October","Mine Delta","Western Coal Basin","Seam D","8.2","95.79","46371","76.63","16.47","13.81","6492","22.917981","84.931014","299.71","Boundary Zone","Medium","Mine Delta","8.2","76.63","16.47","13.81"
"676","2019-04-26","2019","April","Mine Alpha","Central Coalfield","Seam C","8.45","340.35","43138","81.94","12.28","11.64","6928","23.419285","85.272956","195.44","Boundary Zone","Medium","Mine Alpha","8.45","81.94","12.28","11.64"
"677","2022-02-03","2022","February","Mine Beta","Eastern Coal Basin","Seam A","7.76","67.7","11944","67.59","26.67","3.65","4513","23.749924","86.109197","654.42","High Fault Zone","Low","Mine Beta","7.76","67.59","26.67","3.65"
"678","2022-11-22","2022","November","Mine Delta","Western Coal Basin","Seam E","8.11","603.41","19267","71.13","30.84","11.33","7059","22.910289","85.009315","573.68","Moderate Fault Zone","Medium","Mine Delta","8.11","71.13","30.84","11.33"
"679","2022-11-11","2022","November","Mine Delta","Western Coal Basin","Seam D","4.29","498.25","28396","84.31","24.4","7.58","5598","22.937396","84.99327","223.06","Moderate Fault Zone","Medium","Mine Delta","4.29","84.31","24.4","7.58"
"680","2020-11-02","2020","November","Mine Omega","Southern Coalfield","Seam E","4.19","412.33","29663","94.46","22.32","7.18","3924","22.480904","85.632939","304.56","Moderate Fault Zone","Low","Mine Omega","4.19","94.46","22.32","7.18"
"681","2022-03-04","2022","March","Mine Gamma","Northern Coalfield","Seam B","6.89","123.38","19908","65.34","16.88","8.05","6442","24.159874","85.876164","438.35","Boundary Zone","Low","Mine Gamma","6.89","65.34","16.88","8.05"
"682","2019-02-26","2019","February","Mine Beta","Eastern Coal Basin","Seam E","3.23","414.74","23014","91.66","10.02","13.6","5060","23.80562","86.131778","394.48","Moderate Fault Zone","Low","Mine Beta","3.23","91.66","10.02","13.6"
"683","2023-08-05","2023","August","Mine Delta","Western Coal Basin","Seam A","8.43","302.74","12061","70.31","16.83","6.98","5633","22.928504","84.994367","753.59","Stable Zone","High","Mine Delta","8.43","70.31","16.83","6.98"
"684","2019-06-21","2019","June","Mine Gamma","Northern Coalfield","Lower Seam","8.26","72.2","37178","81.35","17.11","2.21","5239","24.152985","85.861508","381.67","High Fault Zone","Medium","Mine Gamma","8.26","81.35","17.11","2.21"
"685","2018-11-23","2018","November","Mine Delta","Western Coal Basin","Seam E","6.85","346.29","5843","74.25","34.57","8.41","5872","22.991047","85.014308","808.26","Stable Zone","Low","Mine Delta","6.85","74.25","34.57","8.41"
"686","2018-02-12","2018","February","Mine Alpha","Central Coalfield","Seam B","1.97","243.72","11144","78.51","12.6","4.49","6838","23.436888","85.360288","843.01","Stable Zone","Low","Mine Alpha","1.97","78.51","12.6","4.49"
"687","2019-03-30","2019","March","Mine Alpha","Central Coalfield","Seam A","8.11","95.03","24086","84.0","29.94","5.51","4130","23.413776","85.316069","264.61","Moderate Fault Zone","Medium","Mine Alpha","8.11","84.0","29.94","5.51"
"688","2025-02-21","2025","February","Mine Delta","Western Coal Basin","Seam D","6.08","363.06","14008","79.82","21.23","5.65","6359","22.948271","84.93918","693.36","Stable Zone","Low","Mine Delta","6.08","79.82","21.23","5.65"
"689","2025-05-25","2025","May","Mine Beta","Eastern Coal Basin","Upper Seam","6.57","173.53","7129","95.12","9.63","2.17","4300","23.811851","86.118792","250.04","Moderate Fault Zone","Medium","Mine Beta","6.57","95.12","9.63","2.17"
"690","2023-10-07","2023","October","Mine Omega","Southern Coalfield","Lower Seam","3.49","616.63","20290","85.31","30.89","3.37","3981","22.49167","85.628558","483.13","Boundary Zone","Low","Mine Omega","3.49","85.31","30.89","3.37"
"691","2020-02-09","2020","February","Mine Delta","Western Coal Basin","Seam A","3.23","148.52","9056","91.96","25.51","3.91","6742","22.974503","84.954056","779.05","Moderate Fault Zone","Low","Mine Delta","3.23","91.96","25.51","3.91"
"692","2025-06-04","2025","June","Mine Delta","Western Coal Basin","Seam E","4.5","209.35","33534","67.61","19.65","3.96","5358","22.950793","84.935316","362.63","Stable Zone","Low","Mine Delta","4.5","67.61","19.65","3.96"
"693","2026-03-18","2026","March","Mine Delta","Western Coal Basin","Seam D","2.62","163.67","4781","73.55","24.4","8.74","3904","22.904987","84.954894","254.43","Stable Zone","Low","Mine Delta","2.62","73.55","24.4","8.74"
"694","2024-06-14","2024","June","Mine Alpha","Central Coalfield","Seam C","2.94","369.28","7544","92.36","26.89","7.26","4954","23.421989","85.352407","643.43","Folded Zone","Low","Mine Alpha","2.94","92.36","26.89","7.26"
"695","2021-11-24","2021","November","Mine Beta","Eastern Coal Basin","Upper Seam","3.3","407.79","19814","67.92","21.59","11.11","5264","23.760532","86.190667","339.88","High Fault Zone","Medium","Mine Beta","3.3","67.92","21.59","11.11"
"696","2020-02-07","2020","February","Mine Beta","Eastern Coal Basin","Seam C","7.77","135.1","4627","79.71","17.02","4.31","4476","23.737698","86.16792","751.57","Boundary Zone","Low","Mine Beta","7.77","79.71","17.02","4.31"
"697","2024-07-16","2024","July","Mine Delta","Western Coal Basin","Seam A","4.76","198.51","6285","90.39","23.32","14.88","6591","22.952527","84.94673","278.21","Stable Zone","Low","Mine Delta","4.76","90.39","23.32","14.88"
"698","2023-01-28","2023","January","Mine Gamma","Northern Coalfield","Seam D","6.56","643.88","15941","80.08","17.84","2.18","4805","24.141016","85.909137","698.93","Boundary Zone","Low","Mine Gamma","6.56","80.08","17.84","2.18"
"699","2025-09-09","2025","September","Mine Gamma","Northern Coalfield","Seam E","6.52","62.44","51115","91.54","25.8","3.84","5342","24.094437","85.894101","832.1","High Fault Zone","Low","Mine Gamma","6.52","91.54","25.8","3.84"
"700","2020-03-04","2020","March","Mine Alpha","Central Coalfield","Seam D","5.86","629.27","41480","86.04","32.28","7.84","7046","23.452691","85.296531","634.97","High Fault Zone","Low","Mine Alpha","5.86","86.04","32.28","7.84"
"701","2021-02-05","2021","February","Mine Delta","Western Coal Basin","Seam C","2.59","397.71","14928","90.86","11.32","12.34","5597","22.979253","84.9647","253.83","Stable Zone","Low","Mine Delta","2.59","90.86","11.32","12.34"
"702","2023-03-26","2023","March","Mine Beta","Eastern Coal Basin","Upper Seam","2.3","630.0","11910","85.59","16.2","5.75","6459","23.731559","86.104095","369.62","Boundary Zone","Low","Mine Beta","2.3","85.59","16.2","5.75"
"703","2021-06-06","2021","June","Mine Delta","Western Coal Basin","Seam A","4.34","446.15","2191","72.79","17.46","5.68","6678","22.966533","85.006889","283.87","Stable Zone","Medium","Mine Delta","4.34","72.79","17.46","5.68"
"704","2026-03-22","2026","March","Mine Beta","Eastern Coal Basin","Seam B","4.35","600.96","11662","66.0","33.19","5.23","6010","23.768624","86.139911","785.79","High Fault Zone","High","Mine Beta","4.35","66.0","33.19","5.23"
"705","2021-06-26","2021","June","Mine Omega","Southern Coalfield","Seam B","5.32","457.35","15527","82.92","26.45","4.59","4002","22.455428","85.620106","237.35","Boundary Zone","High","Mine Omega","5.32","82.92","26.45","4.59"
"706","2024-02-14","2024","February","Mine Delta","Western Coal Basin","Seam B","3.94","575.55","14880","69.3","19.93","6.07","6959","22.97126","84.976838","466.54","Folded Zone","High","Mine Delta","3.94","69.3","19.93","6.07"
"707","2018-04-24","2018","April","Mine Delta","Western Coal Basin","Seam E","1.39","510.06","1617","69.36","32.48","12.23","5647","22.937311","84.992089","782.94","High Fault Zone","Low","Mine Delta","1.39","69.36","32.48","12.23"
"708","2019-05-31","2019","May","Mine Delta","Western Coal Basin","Seam D","6.09","327.68","37895","81.06","30.66","3.1","4500","22.998617","84.940705","578.21","High Fault Zone","Low","Mine Delta","6.09","81.06","30.66","3.1"
"709","2018-09-07","2018","September","Mine Gamma","Northern Coalfield","Seam A","6.61","454.65","39959","66.64","13.54","3.87","6240","24.11953","85.842354","632.71","Moderate Fault Zone","Low","Mine Gamma","6.61","66.64","13.54","3.87"
"710","2026-01-24","2026","January","Mine Gamma","Northern Coalfield","Seam A","7.08","424.2","14197","67.08","12.13","13.44","5423","24.094721","85.830361","196.52","Boundary Zone","Low","Mine Gamma","7.08","67.08","12.13","13.44"
"711","2019-05-14","2019","May","Mine Alpha","Central Coalfield","Seam C","4.15","639.62","27606","91.09","22.76","12.68","6021","23.485931","85.331716","469.68","Stable Zone","Low","Mine Alpha","4.15","91.09","22.76","12.68"
"712","2019-12-01","2019","December","Mine Beta","Eastern Coal Basin","Seam E","6.61","378.01","26911","73.99","26.02","14.47","5324","23.79677","86.139119","647.43","Stable Zone","Low","Mine Beta","6.61","73.99","26.02","14.47"
"713","2019-08-30","2019","August","Mine Delta","Western Coal Basin","Seam A","3.27","122.08","11186","83.0","8.92","10.46","5932","22.944448","85.020811","417.67","Moderate Fault Zone","Low","Mine Delta","3.27","83.0","8.92","10.46"
"714","2021-02-08","2021","February","Mine Delta","Western Coal Basin","Seam A","8.37","264.65","57910","80.6","17.42","11.18","4945","22.906277","84.995592","415.75","Boundary Zone","Low","Mine Delta","8.37","80.6","17.42","11.18"
"715","2021-02-14","2021","February","Mine Beta","Eastern Coal Basin","Lower Seam","6.77","231.76","23387","93.4","25.42","6.89","5245","23.795897","86.157604","801.37","Boundary Zone","Low","Mine Beta","6.77","93.4","25.42","6.89"
"716","2024-08-08","2024","August","Mine Gamma","Northern Coalfield","Seam E","3.74","420.49","13196","66.39","31.0","4.07","3857","24.080622","85.913423","499.2","Moderate Fault Zone","High","Mine Gamma","3.74","66.39","31.0","4.07"
"717","2019-03-08","2019","March","Mine Beta","Eastern Coal Basin","Seam B","6.52","280.45","50855","93.59","9.67","5.26","3638","23.804993","86.144153","430.8","Stable Zone","High","Mine Beta","6.52","93.59","9.67","5.26"
"718","2019-03-17","2019","March","Mine Gamma","Northern Coalfield","Upper Seam","4.48","129.93","23656","82.25","13.28","8.38","6012","24.09255","85.894215","470.82","Boundary Zone","Medium","Mine Gamma","4.48","82.25","13.28","8.38"
"719","2018-12-19","2018","December","Mine Beta","Eastern Coal Basin","Seam E","1.38","625.9","1686","66.03","11.8","2.07","6365","23.78683","86.186449","408.28","Boundary Zone","Low","Mine Beta","1.38","66.03","11.8","2.07"
"720","2024-05-25","2024","May","Mine Beta","Eastern Coal Basin","Lower Seam","4.66","261.26","23946","82.32","11.72","2.87","5082","23.767612","86.107087","232.36","Boundary Zone","Low","Mine Beta","4.66","82.32","11.72","2.87"
"721","2023-08-05","2023","August","Mine Alpha","Central Coalfield","Seam B","1.58","374.32","1057","90.46","15.83","12.77","4945","23.435791","85.357244","285.77","High Fault Zone","Low","Mine Alpha","1.58","90.46","15.83","12.77"
"722","2020-09-15","2020","September","Mine Omega","Southern Coalfield","Lower Seam","4.98","416.75","14152","84.18","22.74","13.59","5656","22.493693","85.688493","617.67","Stable Zone","Low","Mine Omega","4.98","84.18","22.74","13.59"
"723","2020-04-01","2020","April","Mine Gamma","Northern Coalfield","Seam C","7.68","85.64","15604","90.32","16.9","11.85","6876","24.076233","85.869356","719.79","Boundary Zone","High","Mine Gamma","7.68","90.32","16.9","11.85"
"724","2021-11-17","2021","November","Mine Alpha","Central Coalfield","Seam A","8.13","408.89","41408","67.5","22.89","14.31","4501","23.404174","85.27356","520.09","High Fault Zone","Low","Mine Alpha","8.13","67.5","22.89","14.31"
"725","2020-07-21","2020","July","Mine Gamma","Northern Coalfield","Seam A","8.0","65.81","50909","71.08","24.42","6.93","6029","24.071809","85.868217","439.37","Folded Zone","Medium","Mine Gamma","8.0","71.08","24.42","6.93"
"726","2025-11-12","2025","November","Mine Delta","Western Coal Basin","Seam D","5.21","119.35","7216","84.09","32.4","6.57","4770","22.991807","84.953817","241.63","Stable Zone","Low","Mine Delta","5.21","84.09","32.4","6.57"
"727","2024-05-15","2024","May","Mine Omega","Southern Coalfield","Seam A","8.43","58.94","49726","90.19","10.07","3.65","4168","22.404372","85.624967","618.99","Moderate Fault Zone","High","Mine Omega","8.43","90.19","10.07","3.65"
"728","2024-10-18","2024","October","Mine Beta","Eastern Coal Basin","Seam D","4.69","123.43","5047","72.76","22.68","8.43","6220","23.765696","86.19151","327.59","High Fault Zone","High","Mine Beta","4.69","72.76","22.68","8.43"
"729","2021-04-13","2021","April","Mine Omega","Southern Coalfield","Lower Seam","5.97","366.11","14964","86.63","21.59","2.7","6832","22.47055","85.652187","367.46","Moderate Fault Zone","High","Mine Omega","5.97","86.63","21.59","2.7"
"730","2020-08-02","2020","August","Mine Omega","Southern Coalfield","Seam C","6.62","176.46","21799","90.31","11.83","14.71","6084","22.464991","85.635376","256.54","Folded Zone","Medium","Mine Omega","6.62","90.31","11.83","14.71"
"731","2021-02-12","2021","February","Mine Gamma","Northern Coalfield","Seam E","4.0","546.31","4535","73.65","24.46","8.44","6692","24.108466","85.824442","317.84","Moderate Fault Zone","Medium","Mine Gamma","4.0","73.65","24.46","8.44"
"732","2018-08-03","2018","August","Mine Omega","Southern Coalfield","Upper Seam","3.43","374.93","10662","65.81","24.44","13.61","6914","22.490745","85.671024","575.94","Stable Zone","Low","Mine Omega","3.43","65.81","24.44","13.61"
"733","2022-11-13","2022","November","Mine Omega","Southern Coalfield","Lower Seam","4.32","487.54","25987","66.77","10.95","7.05","6169","22.467797","85.675851","808.44","Folded Zone","Low","Mine Omega","4.32","66.77","10.95","7.05"
"734","2026-08-16","2026","August","Mine Omega","Southern Coalfield","Seam E","3.1","626.18","12415","95.77","14.43","13.8","4539","22.46826","85.617439","849.2","Boundary Zone","Low","Mine Omega","3.1","95.77","14.43","13.8"
"735","2022-06-05","2022","June","Mine Omega","Southern Coalfield","Seam A","5.69","267.02","30978","89.26","29.88","9.9","3960","22.456844","85.622099","357.23","Moderate Fault Zone","Low","Mine Omega","5.69","89.26","29.88","9.9"
"736","2022-12-07","2022","December","Mine Alpha","Central Coalfield","Seam A","4.61","629.53","18908","91.17","13.88","2.76","6974","23.427645","85.331033","390.4","Stable Zone","Low","Mine Alpha","4.61","91.17","13.88","2.76"
"737","2026-08-04","2026","August","Mine Gamma","Northern Coalfield","Lower Seam","3.22","571.43","4682","84.54","11.97","10.03","3683","24.081445","85.82385","638.58","Folded Zone","Low","Mine Gamma","3.22","84.54","11.97","10.03"
"738","2024-03-16","2024","March","Mine Alpha","Central Coalfield","Upper Seam","2.86","621.02","22708","95.23","8.44","12.98","6643","23.454044","85.274473","337.25","Stable Zone","Low","Mine Alpha","2.86","95.23","8.44","12.98"
"739","2019-04-09","2019","April","Mine Delta","Western Coal Basin","Seam E","1.77","172.43","8457","90.7","26.39","2.93","5078","22.928308","84.932469","586.67","High Fault Zone","Low","Mine Delta","1.77","90.7","26.39","2.93"
"740","2025-04-24","2025","April","Mine Delta","Western Coal Basin","Seam C","4.64","634.1","23963","69.97","9.2","14.09","6874","22.902554","84.990904","721.38","Boundary Zone","Medium","Mine Delta","4.64","69.97","9.2","14.09"
"741","2024-07-09","2024","July","Mine Omega","Southern Coalfield","Upper Seam","3.71","178.92","24970","66.01","27.61","6.95","7192","22.407844","85.597731","806.8","Moderate Fault Zone","Low","Mine Omega","3.71","66.01","27.61","6.95"
"742","2025-01-25","2025","January","Mine Omega","Southern Coalfield","Seam E","6.56","373.38","9245","92.23","29.55","9.89","5939","22.452034","85.621694","310.67","Boundary Zone","Low","Mine Omega","6.56","92.23","29.55","9.89"
"743","2021-09-08","2021","September","Mine Beta","Eastern Coal Basin","Seam B","7.03","636.48","15689","74.76","34.25","11.01","5147","23.825761","86.140993","233.39","Boundary Zone","Low","Mine Beta","7.03","74.76","34.25","11.01"
"744","2025-04-30","2025","April","Mine Gamma","Northern Coalfield","Seam D","5.62","319.38","20465","82.65","30.32","3.63","5489","24.147645","85.860762","571.79","Moderate Fault Zone","Medium","Mine Gamma","5.62","82.65","30.32","3.63"
"745","2021-10-31","2021","October","Mine Gamma","Northern Coalfield","Seam C","2.06","295.1","8833","69.6","21.34","13.46","4233","24.087992","85.865407","291.74","Folded Zone","Low","Mine Gamma","2.06","69.6","21.34","13.46"
"746","2025-12-23","2025","December","Mine Omega","Southern Coalfield","Seam D","6.62","125.84","5002","78.37","26.63","14.87","3990","22.486688","85.681862","785.85","High Fault Zone","Low","Mine Omega","6.62","78.37","26.63","14.87"
"747","2020-09-15","2020","September","Mine Omega","Southern Coalfield","Upper Seam","3.34","252.08","22329","75.44","24.44","3.4","6172","22.407375","85.682072","816.45","Folded Zone","Medium","Mine Omega","3.34","75.44","24.44","3.4"
"748","2021-03-30","2021","March","Mine Delta","Western Coal Basin","Lower Seam","4.68","130.76","8779","88.74","32.74","14.18","3810","22.98956","84.989355","427.82","Folded Zone","Low","Mine Delta","4.68","88.74","32.74","14.18"
"749","2019-12-25","2019","December","Mine Delta","Western Coal Basin","Seam E","6.47","217.58","40745","72.2","21.32","2.63","5415","22.952519","84.980823","801.79","High Fault Zone","Low","Mine Delta","6.47","72.2","21.32","2.63"
"750","2026-06-29","2026","June","Mine Gamma","Northern Coalfield","Seam B","8.16","75.16","61917","92.35","27.74","7.6","4530","24.157958","85.851437","412.72","Moderate Fault Zone","Low","Mine Gamma","8.16","92.35","27.74","7.6"
"751","2023-06-17","2023","June","Mine Gamma","Northern Coalfield","Seam D","2.83","151.59","21350","73.04","24.37","3.38","4357","24.097863","85.829598","549.95","Boundary Zone","Medium","Mine Gamma","2.83","73.04","24.37","3.38"
"752","2024-09-17","2024","September","Mine Alpha","Central Coalfield","Seam A","8.21","373.9","53303","65.21","30.48","2.34","4252","23.494181","85.327117","670.5","Boundary Zone","Low","Mine Alpha","8.21","65.21","30.48","2.34"
"753","2021-04-23","2021","April","Mine Delta","Western Coal Basin","Seam A","6.43","601.51","8999","92.56","21.32","3.13","4006","22.927845","84.996872","828.85","Stable Zone","Medium","Mine Delta","6.43","92.56","21.32","3.13"
"754","2026-02-27","2026","February","Mine Beta","Eastern Coal Basin","Seam A","3.59","354.24","9229","84.55","21.85","12.1","6115","23.761481","86.192473","470.36","Boundary Zone","Low","Mine Beta","3.59","84.55","21.85","12.1"
"755","2025-05-31","2025","May","Mine Omega","Southern Coalfield","Lower Seam","7.61","71.38","40019","65.25","11.7","6.89","6990","22.467335","85.616529","281.46","Moderate Fault Zone","Medium","Mine Omega","7.61","65.25","11.7","6.89"
"756","2019-06-24","2019","June","Mine Gamma","Northern Coalfield","Seam B","5.83","103.23","25490","87.42","13.78","7.65","5316","24.131122","85.890999","206.0","High Fault Zone","Medium","Mine Gamma","5.83","87.42","13.78","7.65"
"757","2020-08-19","2020","August","Mine Omega","Southern Coalfield","Upper Seam","3.75","368.28","28716","92.21","30.7","13.38","5972","22.449022","85.653003","580.55","Boundary Zone","Low","Mine Omega","3.75","92.21","30.7","13.38"
"758","2020-06-15","2020","June","Mine Alpha","Central Coalfield","Seam A","8.23","588.09","51269","78.01","20.07","5.22","5072","23.417619","85.365632","622.61","High Fault Zone","Medium","Mine Alpha","8.23","78.01","20.07","5.22"
"759","2023-06-05","2023","June","Mine Beta","Eastern Coal Basin","Lower Seam","7.07","343.5","25381","72.28","15.86","8.6","6792","23.808283","86.10608","697.11","High Fault Zone","Medium","Mine Beta","7.07","72.28","15.86","8.6"
"760","2022-05-23","2022","May","Mine Delta","Western Coal Basin","Lower Seam","4.43","289.21","32528","73.32","27.66","6.42","6529","22.930851","84.970981","563.58","Moderate Fault Zone","Low","Mine Delta","4.43","73.32","27.66","6.42"
"761","2024-11-17","2024","November","Mine Alpha","Central Coalfield","Seam E","3.61","412.98","2344","87.39","29.67","3.17","6108","23.491223","85.346684","550.44","Stable Zone","Low","Mine Alpha","3.61","87.39","29.67","3.17"
"762","2024-01-03","2024","January","Mine Gamma","Northern Coalfield","Seam B","8.39","552.89","29083","87.25","15.84","4.1","4883","24.11134","85.875295","346.63","Stable Zone","Low","Mine Gamma","8.39","87.25","15.84","4.1"
"763","2026-06-20","2026","June","Mine Alpha","Central Coalfield","Seam E","1.95","288.76","8067","69.87","16.14","4.99","6358","23.424731","85.297246","262.84","Folded Zone","Medium","Mine Alpha","1.95","69.87","16.14","4.99"
"764","2026-04-22","2026","April","Mine Beta","Eastern Coal Basin","Seam C","7.49","95.92","32086","86.81","27.78","2.26","6248","23.78417","86.191897","244.02","Boundary Zone","Medium","Mine Beta","7.49","86.81","27.78","2.26"
"765","2024-10-16","2024","October","Mine Beta","Eastern Coal Basin","Lower Seam","3.48","244.24","15112","65.73","15.4","4.63","4478","23.795605","86.14714","375.13","Stable Zone","Low","Mine Beta","3.48","65.73","15.4","4.63"
"766","2024-04-16","2024","April","Mine Delta","Western Coal Basin","Seam C","4.73","594.6","21280","72.58","8.46","8.46","4956","22.937274","84.984658","252.56","Moderate Fault Zone","Low","Mine Delta","4.73","72.58","8.46","8.46"
"767","2022-06-16","2022","June","Mine Alpha","Central Coalfield","Lower Seam","2.89","271.89","13651","84.93","16.98","12.53","7111","23.409539","85.286926","759.43","Folded Zone","Low","Mine Alpha","2.89","84.93","16.98","12.53"
"768","2019-08-02","2019","August","Mine Alpha","Central Coalfield","Seam D","5.7","334.11","33760","82.57","14.28","11.98","4432","23.431145","85.303787","280.91","High Fault Zone","Medium","Mine Alpha","5.7","82.57","14.28","11.98"
"769","2022-07-24","2022","July","Mine Omega","Southern Coalfield","Lower Seam","1.24","464.24","7642","89.64","22.73","6.07","5912","22.432184","85.660887","524.67","Stable Zone","High","Mine Omega","1.24","89.64","22.73","6.07"
"770","2025-11-04","2025","November","Mine Delta","Western Coal Basin","Seam A","3.94","504.13","6760","88.19","12.49","7.69","7096","22.903906","84.972418","294.38","Boundary Zone","Low","Mine Delta","3.94","88.19","12.49","7.69"
"771","2022-09-09","2022","September","Mine Omega","Southern Coalfield","Seam D","1.27","120.55","10119","87.32","31.77","5.52","4693","22.488955","85.646381","291.18","High Fault Zone","Low","Mine Omega","1.27","87.32","31.77","5.52"
"772","2024-11-19","2024","November","Mine Beta","Eastern Coal Basin","Upper Seam","3.91","412.71","15800","71.53","16.91","11.71","7186","23.822784","86.116424","659.1","Folded Zone","Low","Mine Beta","3.91","71.53","16.91","11.71"
"773","2020-01-05","2020","January","Mine Delta","Western Coal Basin","Seam B","4.63","645.99","2510","86.75","13.38","3.22","5197","22.909471","84.992497","578.28","Stable Zone","Low","Mine Delta","4.63","86.75","13.38","3.22"
"774","2020-07-14","2020","July","Mine Omega","Southern Coalfield","Seam C","5.79","606.73","14819","90.44","31.44","9.6","4631","22.46245","85.630327","350.68","Boundary Zone","Medium","Mine Omega","5.79","90.44","31.44","9.6"
"775","2018-11-14","2018","November","Mine Beta","Eastern Coal Basin","Seam E","2.31","488.39","6006","73.15","10.76","12.36","5673","23.806605","86.133016","697.23","Boundary Zone","Medium","Mine Beta","2.31","73.15","10.76","12.36"
"776","2025-07-01","2025","July","Mine Omega","Southern Coalfield","Seam D","2.73","51.6","6112","71.71","33.1","9.99","4030","22.447546","85.590025","232.12","Stable Zone","Low","Mine Omega","2.73","71.71","33.1","9.99"
"777","2022-10-09","2022","October","Mine Delta","Western Coal Basin","Upper Seam","4.64","231.53","28768","72.46","18.62","12.06","6113","22.935499","85.013865","392.37","Stable Zone","Medium","Mine Delta","4.64","72.46","18.62","12.06"
"778","2019-11-12","2019","November","Mine Beta","Eastern Coal Basin","Upper Seam","7.29","476.81","49565","82.38","21.23","12.26","6036","23.785791","86.143541","413.28","Stable Zone","Medium","Mine Beta","7.29","82.38","21.23","12.26"
"779","2026-08-23","2026","August","Mine Delta","Western Coal Basin","Upper Seam","3.73","304.45","19125","92.17","32.86","4.48","4885","22.993319","85.029544","311.21","High Fault Zone","Low","Mine Delta","3.73","92.17","32.86","4.48"
"780","2024-07-29","2024","July","Mine Alpha","Central Coalfield","Seam C","3.6","596.62","26527","80.59","8.35","5.55","5895","23.464167","85.309829","847.14","High Fault Zone","Low","Mine Alpha","3.6","80.59","8.35","5.55"
"781","2024-06-01","2024","June","Mine Alpha","Central Coalfield","Lower Seam","1.42","480.82","5724","83.83","20.27","4.26","6275","23.464755","85.324559","249.6","High Fault Zone","Low","Mine Alpha","1.42","83.83","20.27","4.26"
"782","2025-11-30","2025","November","Mine Beta","Eastern Coal Basin","Upper Seam","2.49","560.57","2792","90.86","11.22","7.76","6129","23.761424","86.185789","365.91","Moderate Fault Zone","Medium","Mine Beta","2.49","90.86","11.22","7.76"
"783","2021-09-24","2021","September","Mine Alpha","Central Coalfield","Lower Seam","6.11","589.8","44194","70.25","34.63","11.39","4855","23.401417","85.33645","458.97","Stable Zone","Low","Mine Alpha","6.11","70.25","34.63","11.39"
"784","2019-08-28","2019","August","Mine Omega","Southern Coalfield","Upper Seam","3.15","153.55","2627","83.86","26.6","7.32","5851","22.484212","85.684109","388.48","Boundary Zone","Low","Mine Omega","3.15","83.86","26.6","7.32"
"785","2023-03-25","2023","March","Mine Gamma","Northern Coalfield","Seam E","7.3","101.66","54582","67.73","32.79","4.37","3820","24.10175","85.882662","193.47","Moderate Fault Zone","Medium","Mine Gamma","7.3","67.73","32.79","4.37"
"786","2025-02-26","2025","February","Mine Beta","Eastern Coal Basin","Seam C","4.56","576.32","34539","74.54","26.38","14.25","6699","23.804741","86.173811","388.03","Folded Zone","Medium","Mine Beta","4.56","74.54","26.38","14.25"
"787","2021-02-16","2021","February","Mine Beta","Eastern Coal Basin","Seam B","5.32","298.39","35987","73.46","13.38","14.73","4460","23.77396","86.109241","417.95","High Fault Zone","Low","Mine Beta","5.32","73.46","13.38","14.73"
"788","2023-01-16","2023","January","Mine Omega","Southern Coalfield","Lower Seam","5.81","549.04","4506","90.88","18.41","8.99","4279","22.470219","85.624692","723.31","High Fault Zone","Low","Mine Omega","5.81","90.88","18.41","8.99"
"789","2024-03-09","2024","March","Mine Omega","Southern Coalfield","Lower Seam","6.62","211.37","28794","71.53","13.89","5.39","6911","22.451703","85.653111","498.39","Folded Zone","Low","Mine Omega","6.62","71.53","13.89","5.39"
"790","2024-04-28","2024","April","Mine Gamma","Northern Coalfield","Seam D","6.01","590.76","17536","68.24","17.69","13.71","4087","24.11755","85.853667","785.0","Moderate Fault Zone","High","Mine Gamma","6.01","68.24","17.69","13.71"
"791","2019-10-29","2019","October","Mine Gamma","Northern Coalfield","Seam D","5.19","501.23","19683","84.11","24.03","11.03","6205","24.117357","85.844359","664.66","Boundary Zone","Low","Mine Gamma","5.19","84.11","24.03","11.03"
"792","2021-05-14","2021","May","Mine Delta","Western Coal Basin","Seam A","8.29","576.46","51595","92.93","21.69","7.47","6364","22.995398","84.970075","199.13","Boundary Zone","Low","Mine Delta","8.29","92.93","21.69","7.47"
"793","2024-09-10","2024","September","Mine Gamma","Northern Coalfield","Upper Seam","8.08","169.08","62969","88.31","11.51","6.33","7052","24.167033","85.850927","693.1","High Fault Zone","Low","Mine Gamma","8.08","88.31","11.51","6.33"
"794","2023-03-02","2023","March","Mine Beta","Eastern Coal Basin","Seam A","6.01","170.24","10761","74.53","12.98","13.15","5115","23.802413","86.115414","552.08","High Fault Zone","Low","Mine Beta","6.01","74.53","12.98","13.15"
"795","2021-11-12","2021","November","Mine Beta","Eastern Coal Basin","Seam A","4.64","462.07","26638","93.3","26.05","12.81","6113","23.806306","86.109582","266.1","Moderate Fault Zone","Low","Mine Beta","4.64","93.3","26.05","12.81"
"796","2021-03-05","2021","March","Mine Gamma","Northern Coalfield","Lower Seam","6.13","573.61","30509","81.56","17.37","10.71","7090","24.07269","85.908559","299.37","Moderate Fault Zone","Low","Mine Gamma","6.13","81.56","17.37","10.71"
"797","2023-08-16","2023","August","Mine Gamma","Northern Coalfield","Lower Seam","1.21","409.5","4218","67.4","14.21","8.5","3664","24.100194","85.829285","437.32","Moderate Fault Zone","Low","Mine Gamma","1.21","67.4","14.21","8.5"
"798","2021-06-28","2021","June","Mine Gamma","Northern Coalfield","Seam D","6.13","338.39","15065","94.61","12.85","7.18","5414","24.080643","85.900623","412.01","Stable Zone","Medium","Mine Gamma","6.13","94.61","12.85","7.18"
"799","2018-02-20","2018","February","Mine Delta","Western Coal Basin","Seam B","3.53","394.81","11931","79.1","21.13","14.48","4986","22.977136","84.960295","353.29","Stable Zone","Medium","Mine Delta","3.53","79.1","21.13","14.48"
"800","2023-08-19","2023","August","Mine Delta","Western Coal Basin","Seam C","6.9","477.21","47136","95.12","11.02","4.32","5069","22.975961","85.017031","233.61","Stable Zone","Low","Mine Delta","6.9","95.12","11.02","4.32"
"801","2020-11-22","2020","November","Mine Omega","Southern Coalfield","Seam B","4.96","418.71","34926","78.48","20.55","2.52","6711","22.446025","85.595007","581.55","High Fault Zone","Low","Mine Omega","4.96","78.48","20.55","2.52"
"802","2025-07-27","2025","July","Mine Gamma","Northern Coalfield","Seam C","6.8","64.12","17029","74.09","19.26","7.81","4601","24.073562","85.831168","670.38","Boundary Zone","Medium","Mine Gamma","6.8","74.09","19.26","7.81"
"803","2019-12-19","2019","December","Mine Beta","Eastern Coal Basin","Seam A","5.11","125.63","8098","80.3","32.1","6.49","5195","23.791724","86.191878","785.4","Boundary Zone","Low","Mine Beta","5.11","80.3","32.1","6.49"
"804","2018-11-10","2018","November","Mine Alpha","Central Coalfield","Seam C","3.92","138.05","30679","84.77","31.81","6.96","7127","23.407876","85.362744","682.01","Folded Zone","Low","Mine Alpha","3.92","84.77","31.81","6.96"
"805","2026-05-17","2026","May","Mine Beta","Eastern Coal Basin","Seam C","6.47","495.61","7082","93.28","34.06","12.32","5612","23.829492","86.161558","541.24","Moderate Fault Zone","Medium","Mine Beta","6.47","93.28","34.06","12.32"
"806","2022-03-13","2022","March","Mine Alpha","Central Coalfield","Seam E","4.65","506.43","17563","88.15","29.01","5.6","5984","23.460462","85.360975","634.4","High Fault Zone","Low","Mine Alpha","4.65","88.15","29.01","5.6"
"807","2018-03-18","2018","March","Mine Beta","Eastern Coal Basin","Lower Seam","4.22","127.86","10562","83.57","34.35","6.14","4319","23.731807","86.132461","222.69","High Fault Zone","Medium","Mine Beta","4.22","83.57","34.35","6.14"
"808","2023-03-02","2023","March","Mine Omega","Southern Coalfield","Seam E","4.27","407.14","19475","79.74","23.06","6.46","4683","22.482263","85.605178","752.42","Folded Zone","Low","Mine Omega","4.27","79.74","23.06","6.46"
"809","2025-07-19","2025","July","Mine Beta","Eastern Coal Basin","Seam D","3.07","69.36","21159","95.0","25.05","9.3","4778","23.750755","86.198487","427.36","High Fault Zone","Medium","Mine Beta","3.07","95.0","25.05","9.3"
"810","2025-07-25","2025","July","Mine Delta","Western Coal Basin","Seam D","1.42","424.92","2486","75.9","19.65","14.95","3587","22.997336","84.985644","508.81","Moderate Fault Zone","Low","Mine Delta","1.42","75.9","19.65","14.95"
"811","2019-06-24","2019","June","Mine Omega","Southern Coalfield","Seam D","5.63","559.8","6910","71.77","34.79","9.42","4161","22.415912","85.667752","672.09","Folded Zone","Low","Mine Omega","5.63","71.77","34.79","9.42"
"812","2026-06-05","2026","June","Mine Gamma","Northern Coalfield","Seam B","4.25","409.55","12306","76.26","10.85","13.5","7053","24.146175","85.851778","538.87","Folded Zone","Low","Mine Gamma","4.25","76.26","10.85","13.5"
"813","2023-07-20","2023","July","Mine Delta","Western Coal Basin","Lower Seam","4.59","545.68","17768","93.64","12.8","5.75","5471","22.933405","84.976402","295.42","Stable Zone","Low","Mine Delta","4.59","93.64","12.8","5.75"
"814","2022-09-10","2022","September","Mine Delta","Western Coal Basin","Seam D","2.58","67.42","5628","83.9","21.59","3.05","5611","22.940878","84.932283","588.57","Moderate Fault Zone","Low","Mine Delta","2.58","83.9","21.59","3.05"
"815","2025-09-04","2025","September","Mine Delta","Western Coal Basin","Seam A","8.15","63.63","40832","89.49","18.51","8.65","4214","22.991321","84.975777","664.45","Moderate Fault Zone","Low","Mine Delta","8.15","89.49","18.51","8.65"
"816","2021-08-14","2021","August","Mine Beta","Eastern Coal Basin","Seam B","3.34","586.67","6856","79.3","14.62","9.84","7162","23.809675","86.197281","515.14","Stable Zone","Medium","Mine Beta","3.34","79.3","14.62","9.84"
"817","2019-10-15","2019","October","Mine Gamma","Northern Coalfield","Seam B","4.57","627.48","2521","66.0","26.28","13.27","7183","24.156217","85.827037","459.45","High Fault Zone","Medium","Mine Gamma","4.57","66.0","26.28","13.27"
"818","2019-05-11","2019","May","Mine Omega","Southern Coalfield","Upper Seam","6.87","438.25","30958","65.74","20.98","11.44","4584","22.43984","85.672232","695.07","High Fault Zone","Low","Mine Omega","6.87","65.74","20.98","11.44"
"819","2025-01-21","2025","January","Mine Omega","Southern Coalfield","Upper Seam","4.41","522.45","5632","91.26","28.46","9.54","6429","22.472199","85.626646","619.88","Moderate Fault Zone","High","Mine Omega","4.41","91.26","28.46","9.54"
"820","2020-05-10","2020","May","Mine Delta","Western Coal Basin","Seam C","1.91","435.22","2016","92.88","21.27","5.18","4462","22.929529","84.974467","707.54","High Fault Zone","Low","Mine Delta","1.91","92.88","21.27","5.18"
"821","2018-05-27","2018","May","Mine Omega","Southern Coalfield","Lower Seam","2.22","363.07","1542","92.29","23.22","11.28","4635","22.471584","85.646764","384.18","Folded Zone","Medium","Mine Omega","2.22","92.29","23.22","11.28"
"822","2026-05-05","2026","May","Mine Beta","Eastern Coal Basin","Lower Seam","6.27","137.92","16882","76.91","25.19","2.36","4283","23.760296","86.158423","353.81","Boundary Zone","Medium","Mine Beta","6.27","76.91","25.19","2.36"
"823","2022-07-21","2022","July","Mine Omega","Southern Coalfield","Seam D","5.71","152.25","17596","69.83","31.02","6.09","4885","22.486541","85.638525","293.31","Boundary Zone","Low","Mine Omega","5.71","69.83","31.02","6.09"
"824","2022-04-05","2022","April","Mine Delta","Western Coal Basin","Seam A","6.08","88.85","13292","71.4","12.05","9.91","6196","22.911959","84.949694","514.19","Boundary Zone","High","Mine Delta","6.08","71.4","12.05","9.91"
"825","2026-05-15","2026","May","Mine Alpha","Central Coalfield","Lower Seam","7.18","522.61","51955","87.98","17.82","2.43","5818","23.495203","85.320742","361.89","Boundary Zone","Medium","Mine Alpha","7.18","87.98","17.82","2.43"
"826","2018-11-22","2018","November","Mine Omega","Southern Coalfield","Lower Seam","1.61","390.02","3799","72.94","27.96","10.97","5908","22.424509","85.658964","485.56","Stable Zone","High","Mine Omega","1.61","72.94","27.96","10.97"
"827","2024-03-10","2024","March","Mine Gamma","Northern Coalfield","Seam C","1.87","164.01","12585","66.97","32.38","8.79","3725","24.092759","85.878568","569.45","Folded Zone","Low","Mine Gamma","1.87","66.97","32.38","8.79"
"828","2021-07-30","2021","July","Mine Alpha","Central Coalfield","Lower Seam","5.83","167.86","8005","67.58","13.33","9.05","4295","23.448723","85.326933","569.75","Stable Zone","Medium","Mine Alpha","5.83","67.58","13.33","9.05"
"829","2025-03-17","2025","March","Mine Delta","Western Coal Basin","Seam B","5.5","430.96","33916","95.76","14.8","7.29","4502","22.963113","84.962864","503.8","High Fault Zone","High","Mine Delta","5.5","95.76","14.8","7.29"
"830","2020-12-18","2020","December","Mine Gamma","Northern Coalfield","Lower Seam","5.08","254.69","28366","80.59","24.9","3.45","6299","24.088218","85.820652","778.56","Boundary Zone","Low","Mine Gamma","5.08","80.59","24.9","3.45"
"831","2020-01-03","2020","January","Mine Beta","Eastern Coal Basin","Seam A","6.75","453.79","8163","91.72","17.25","10.93","6543","23.74936","86.110871","335.31","High Fault Zone","Low","Mine Beta","6.75","91.72","17.25","10.93"
"832","2026-08-06","2026","August","Mine Gamma","Northern Coalfield","Seam E","4.64","460.85","34599","71.52","26.14","6.21","4210","24.109624","85.837178","285.82","Moderate Fault Zone","Low","Mine Gamma","4.64","71.52","26.14","6.21"
"833","2023-04-25","2023","April","Mine Omega","Southern Coalfield","Upper Seam","5.55","300.15","33014","72.09","15.1","14.15","6587","22.437079","85.620623","666.9","High Fault Zone","Low","Mine Omega","5.55","72.09","15.1","14.15"
"834","2024-04-26","2024","April","Mine Delta","Western Coal Basin","Seam D","6.77","53.4","51113","66.71","19.04","10.4","4018","22.945689","84.957421","728.42","Moderate Fault Zone","Low","Mine Delta","6.77","66.71","19.04","10.4"
"835","2021-04-22","2021","April","Mine Gamma","Northern Coalfield","Lower Seam","3.93","243.11","25277","75.1","23.12","4.59","4295","24.120294","85.90564","251.58","Moderate Fault Zone","Low","Mine Gamma","3.93","75.1","23.12","4.59"
"836","2026-02-02","2026","February","Mine Delta","Western Coal Basin","Seam E","4.63","632.68","3912","85.44","26.57","13.82","5302","22.928014","84.99067","431.26","Stable Zone","Low","Mine Delta","4.63","85.44","26.57","13.82"
"837","2021-02-04","2021","February","Mine Gamma","Northern Coalfield","Seam E","3.9","604.16","5198","69.16","28.25","6.22","6368","24.111378","85.835177","280.78","High Fault Zone","Low","Mine Gamma","3.9","69.16","28.25","6.22"
"838","2018-12-27","2018","December","Mine Omega","Southern Coalfield","Seam D","2.99","393.64","18601","73.08","22.34","5.79","3581","22.47721","85.5968","706.55","High Fault Zone","High","Mine Omega","2.99","73.08","22.34","5.79"
"839","2026-08-31","2026","August","Mine Gamma","Northern Coalfield","Seam D","6.66","178.89","19377","72.06","17.78","4.59","7094","24.095903","85.880362","804.9","Moderate Fault Zone","Low","Mine Gamma","6.66","72.06","17.78","4.59"
"840","2022-10-17","2022","October","Mine Delta","Western Coal Basin","Seam D","7.08","528.86","47702","66.87","34.72","6.86","5593","22.999565","85.025979","764.96","High Fault Zone","Medium","Mine Delta","7.08","66.87","34.72","6.86"
"841","2021-03-03","2021","March","Mine Delta","Western Coal Basin","Seam E","3.64","90.27","3883","67.86","23.07","3.46","4085","22.95135","85.015149","564.53","Folded Zone","Medium","Mine Delta","3.64","67.86","23.07","3.46"
"842","2026-06-07","2026","June","Mine Beta","Eastern Coal Basin","Seam A","6.8","308.57","17520","78.99","31.77","11.61","5907","23.737303","86.164784","407.67","Boundary Zone","Medium","Mine Beta","6.8","78.99","31.77","11.61"
"843","2018-03-29","2018","March","Mine Delta","Western Coal Basin","Seam D","5.4","53.81","36243","65.59","14.08","7.55","4458","22.922289","84.997454","398.83","Folded Zone","Medium","Mine Delta","5.4","65.59","14.08","7.55"
"844","2026-08-20","2026","August","Mine Beta","Eastern Coal Basin","Lower Seam","5.39","262.79","38282","91.88","12.12","12.05","4263","23.748159","86.102622","583.29","Stable Zone","Medium","Mine Beta","5.39","91.88","12.12","12.05"
"845","2021-11-28","2021","November","Mine Omega","Southern Coalfield","Seam A","3.59","239.2","7991","71.47","16.18","7.52","4503","22.49363","85.611724","418.08","Moderate Fault Zone","Medium","Mine Omega","3.59","71.47","16.18","7.52"
"846","2019-05-20","2019","May","Mine Delta","Western Coal Basin","Lower Seam","8.12","65.25","56893","91.48","13.63","2.64","5123","22.919864","85.007098","575.45","Stable Zone","Low","Mine Delta","8.12","91.48","13.63","2.64"
"847","2023-09-07","2023","September","Mine Beta","Eastern Coal Basin","Seam E","6.49","123.02","40073","68.73","21.21","9.86","6274","23.761688","86.119098","840.05","Boundary Zone","Low","Mine Beta","6.49","68.73","21.21","9.86"
"848","2023-09-15","2023","September","Mine Gamma","Northern Coalfield","Seam A","8.1","59.69","27137","78.02","33.96","3.3","4833","24.100998","85.826531","813.78","High Fault Zone","Low","Mine Gamma","8.1","78.02","33.96","3.3"
"849","2025-04-18","2025","April","Mine Alpha","Central Coalfield","Upper Seam","7.11","575.57","4400","94.89","27.7","13.67","3668","23.484741","85.287736","186.21","Boundary Zone","Low","Mine Alpha","7.11","94.89","27.7","13.67"
"850","2026-07-20","2026","July","Mine Delta","Western Coal Basin","Seam A","1.65","531.43","11546","85.49","18.04","7.39","4083","22.917242","85.023629","826.75","Moderate Fault Zone","Low","Mine Delta","1.65","85.49","18.04","7.39"
"851","2019-10-28","2019","October","Mine Alpha","Central Coalfield","Seam A","4.83","233.64","25067","93.18","15.16","6.17","6398","23.433158","85.358882","202.93","Moderate Fault Zone","High","Mine Alpha","4.83","93.18","15.16","6.17"
"852","2024-01-19","2024","January","Mine Alpha","Central Coalfield","Seam D","6.77","483.51","12004","68.1","17.41","4.9","5054","23.406633","85.366873","491.17","Folded Zone","Medium","Mine Alpha","6.77","68.1","17.41","4.9"
"853","2022-12-09","2022","December","Mine Omega","Southern Coalfield","Seam B","7.46","535.66","3770","79.76","32.29","5.34","4695","22.453999","85.685691","627.85","Stable Zone","Low","Mine Omega","7.46","79.76","32.29","5.34"
"854","2020-03-14","2020","March","Mine Omega","Southern Coalfield","Seam B","2.8","127.88","21188","71.99","10.22","3.23","4994","22.488692","85.600523","331.57","Moderate Fault Zone","Medium","Mine Omega","2.8","71.99","10.22","3.23"
"855","2021-09-08","2021","September","Mine Gamma","Northern Coalfield","Upper Seam","8.31","451.01","36559","82.89","31.86","11.88","3987","24.112202","85.88612","568.18","Stable Zone","Medium","Mine Gamma","8.31","82.89","31.86","11.88"
"856","2025-02-01","2025","February","Mine Delta","Western Coal Basin","Seam A","7.0","637.72","4252","84.67","30.56","5.09","4968","22.901171","84.978078","754.65","Moderate Fault Zone","Medium","Mine Delta","7.0","84.67","30.56","5.09"
"857","2022-07-20","2022","July","Mine Omega","Southern Coalfield","Seam D","8.45","321.92","20880","78.64","28.11","10.52","5404","22.433735","85.689669","304.83","High Fault Zone","Medium","Mine Omega","8.45","78.64","28.11","10.52"
"858","2026-08-29","2026","August","Mine Delta","Western Coal Basin","Seam E","4.53","107.9","31355","88.66","15.1","12.17","5078","22.902541","84.984332","243.37","Folded Zone","Medium","Mine Delta","4.53","88.66","15.1","12.17"
"859","2024-03-04","2024","March","Mine Alpha","Central Coalfield","Upper Seam","3.36","573.98","9417","78.52","34.58","3.08","6708","23.450472","85.309756","810.64","Boundary Zone","Low","Mine Alpha","3.36","78.52","34.58","3.08"
"860","2018-03-10","2018","March","Mine Beta","Eastern Coal Basin","Seam B","6.55","262.36","32796","69.7","31.22","8.83","6461","23.766266","86.123042","814.6","Boundary Zone","Low","Mine Beta","6.55","69.7","31.22","8.83"
"861","2019-02-15","2019","February","Mine Beta","Eastern Coal Basin","Upper Seam","2.41","430.59","12379","91.14","28.28","3.98","6986","23.790967","86.18583","366.54","Folded Zone","Low","Mine Beta","2.41","91.14","28.28","3.98"
"862","2022-09-22","2022","September","Mine Omega","Southern Coalfield","Seam D","4.62","131.67","34817","65.01","14.79","9.22","4653","22.492305","85.651312","822.71","Stable Zone","Medium","Mine Omega","4.62","65.01","14.79","9.22"
"863","2019-08-12","2019","August","Mine Beta","Eastern Coal Basin","Seam D","7.2","508.76","47177","94.48","14.55","12.22","5891","23.7691","86.119337","739.0","Stable Zone","Low","Mine Beta","7.2","94.48","14.55","12.22"
"864","2019-07-30","2019","July","Mine Gamma","Northern Coalfield","Seam D","2.1","493.79","15923","69.71","19.97","10.74","6314","24.071077","85.831729","388.48","Stable Zone","Medium","Mine Gamma","2.1","69.71","19.97","10.74"
"865","2023-04-14","2023","April","Mine Omega","Southern Coalfield","Seam B","6.02","229.29","8648","88.03","20.27","2.92","7122","22.491051","85.624138","362.31","Stable Zone","Low","Mine Omega","6.02","88.03","20.27","2.92"
"866","2019-04-08","2019","April","Mine Gamma","Northern Coalfield","Upper Seam","4.61","400.99","32601","86.43","29.45","11.86","4331","24.080305","85.919761","584.22","Boundary Zone","Medium","Mine Gamma","4.61","86.43","29.45","11.86"
"867","2025-06-16","2025","June","Mine Beta","Eastern Coal Basin","Seam D","7.31","627.95","26773","84.78","31.36","5.64","6179","23.757587","86.125167","520.24","Folded Zone","Medium","Mine Beta","7.31","84.78","31.36","5.64"
"868","2021-12-31","2021","December","Mine Gamma","Northern Coalfield","Seam A","1.29","477.86","5343","83.16","13.98","7.64","4483","24.16973","85.902626","506.87","Boundary Zone","Medium","Mine Gamma","1.29","83.16","13.98","7.64"
"869","2024-10-20","2024","October","Mine Delta","Western Coal Basin","Seam E","7.55","450.53","6159","68.34","30.63","10.35","3865","22.909491","85.026673","339.87","Boundary Zone","Medium","Mine Delta","7.55","68.34","30.63","10.35"
"870","2022-09-24","2022","September","Mine Omega","Southern Coalfield","Lower Seam","4.07","496.59","12636","89.43","31.01","9.45","5434","22.49402","85.671316","600.84","Folded Zone","Medium","Mine Omega","4.07","89.43","31.01","9.45"
"871","2020-06-03","2020","June","Mine Alpha","Central Coalfield","Seam E","2.52","428.31","7477","74.06","19.13","2.37","5190","23.489094","85.305859","637.62","High Fault Zone","High","Mine Alpha","2.52","74.06","19.13","2.37"
"872","2021-02-07","2021","February","Mine Beta","Eastern Coal Basin","Seam D","6.92","244.71","39744","84.68","28.75","4.09","5566","23.816348","86.164829","676.27","High Fault Zone","Medium","Mine Beta","6.92","84.68","28.75","4.09"
"873","2023-08-10","2023","August","Mine Beta","Eastern Coal Basin","Lower Seam","1.85","261.08","8393","89.96","34.08","6.11","4632","23.821417","86.109043","452.06","Boundary Zone","Low","Mine Beta","1.85","89.96","34.08","6.11"
"874","2026-06-26","2026","June","Mine Beta","Eastern Coal Basin","Seam D","2.68","563.59","11097","75.45","19.82","6.7","4089","23.746854","86.101593","307.16","High Fault Zone","High","Mine Beta","2.68","75.45","19.82","6.7"
"875","2021-04-28","2021","April","Mine Omega","Southern Coalfield","Lower Seam","5.29","156.74","27183","67.35","10.52","11.25","6884","22.466319","85.675221","277.66","High Fault Zone","Low","Mine Omega","5.29","67.35","10.52","11.25"
"876","2019-06-29","2019","June","Mine Delta","Western Coal Basin","Seam D","1.96","623.64","12954","92.51","15.94","9.41","3804","22.999944","84.974254","207.32","Boundary Zone","Low","Mine Delta","1.96","92.51","15.94","9.41"
"877","2018-04-18","2018","April","Mine Gamma","Northern Coalfield","Seam D","2.84","467.05","6084","92.13","19.89","12.55","4038","24.099679","85.916459","754.55","Folded Zone","Medium","Mine Gamma","2.84","92.13","19.89","12.55"
"878","2024-03-28","2024","March","Mine Delta","Western Coal Basin","Seam E","8.49","165.34","16092","81.08","18.79","9.48","6839","22.93871","84.956149","713.85","High Fault Zone","Medium","Mine Delta","8.49","81.08","18.79","9.48"
"879","2022-11-02","2022","November","Mine Gamma","Northern Coalfield","Seam C","3.86","605.3","8725","81.75","10.08","11.01","4690","24.152745","85.890243","713.02","Boundary Zone","Low","Mine Gamma","3.86","81.75","10.08","11.01"
"880","2025-12-11","2025","December","Mine Omega","Southern Coalfield","Seam D","5.11","112.88","34223","72.06","17.41","11.13","7113","22.482108","85.612396","360.32","Stable Zone","Low","Mine Omega","5.11","72.06","17.41","11.13"
"881","2023-07-30","2023","July","Mine Delta","Western Coal Basin","Seam E","4.38","621.9","7819","82.36","23.09","2.75","4786","22.986758","84.944788","636.94","Stable Zone","High","Mine Delta","4.38","82.36","23.09","2.75"
"882","2024-05-22","2024","May","Mine Gamma","Northern Coalfield","Seam C","8.12","486.66","47519","80.22","27.01","14.26","7149","24.09152","85.865211","540.73","High Fault Zone","Low","Mine Gamma","8.12","80.22","27.01","14.26"
"883","2023-09-12","2023","September","Mine Omega","Southern Coalfield","Seam D","2.25","373.77","12622","74.75","8.18","9.92","6135","22.435835","85.601968","834.83","Boundary Zone","Low","Mine Omega","2.25","74.75","8.18","9.92"
"884","2026-03-11","2026","March","Mine Delta","Western Coal Basin","Seam B","6.55","199.28","32825","88.52","12.84","4.36","5903","22.949498","84.94195","239.7","Folded Zone","Low","Mine Delta","6.55","88.52","12.84","4.36"
"885","2022-07-28","2022","July","Mine Delta","Western Coal Basin","Seam D","6.28","133.11","19309","67.97","17.59","11.19","6753","22.949968","84.948457","448.96","Moderate Fault Zone","Low","Mine Delta","6.28","67.97","17.59","11.19"
"886","2021-10-23","2021","October","Mine Alpha","Central Coalfield","Seam D","6.69","364.32","4369","83.79","34.51","2.77","4881","23.416851","85.36636","534.51","Stable Zone","Low","Mine Alpha","6.69","83.79","34.51","2.77"
"887","2018-04-24","2018","April","Mine Gamma","Northern Coalfield","Lower Seam","7.81","388.02","54242","94.63","13.09","10.07","4173","24.091837","85.854525","764.31","Moderate Fault Zone","Low","Mine Gamma","7.81","94.63","13.09","10.07"
"888","2019-12-26","2019","December","Mine Omega","Southern Coalfield","Seam D","6.36","577.8","11646","69.61","30.11","2.39","3643","22.453759","85.685803","810.27","High Fault Zone","High","Mine Omega","6.36","69.61","30.11","2.39"
"889","2021-11-30","2021","November","Mine Alpha","Central Coalfield","Upper Seam","2.52","361.09","18274","80.43","24.29","14.97","6904","23.493782","85.362861","547.15","Folded Zone","Medium","Mine Alpha","2.52","80.43","24.29","14.97"
"890","2025-07-02","2025","July","Mine Alpha","Central Coalfield","Seam E","1.68","197.73","2621","94.77","21.25","12.32","3654","23.405862","85.368235","501.88","Boundary Zone","Low","Mine Alpha","1.68","94.77","21.25","12.32"
"891","2019-01-08","2019","January","Mine Omega","Southern Coalfield","Upper Seam","5.98","597.12","28240","86.77","22.09","11.84","5880","22.428256","85.603548","691.56","High Fault Zone","High","Mine Omega","5.98","86.77","22.09","11.84"
"892","2022-07-14","2022","July","Mine Delta","Western Coal Basin","Seam D","3.95","344.28","16528","74.97","21.07","7.05","5341","22.978636","84.958719","638.32","Stable Zone","Low","Mine Delta","3.95","74.97","21.07","7.05"
"893","2020-02-10","2020","February","Mine Alpha","Central Coalfield","Seam A","3.44","402.48","24947","81.83","25.31","11.61","5477","23.404721","85.300295","306.12","Boundary Zone","Low","Mine Alpha","3.44","81.83","25.31","11.61"
"894","2026-04-14","2026","April","Mine Delta","Western Coal Basin","Seam E","5.03","156.97","16504","86.67","32.59","3.28","7015","22.989236","85.001241","228.89","Moderate Fault Zone","Low","Mine Delta","5.03","86.67","32.59","3.28"
"895","2025-03-08","2025","March","Mine Omega","Southern Coalfield","Seam E","1.31","603.25","2679","86.37","32.96","2.06","4389","22.481364","85.67313","839.55","Folded Zone","Medium","Mine Omega","1.31","86.37","32.96","2.06"
"896","2022-07-05","2022","July","Mine Gamma","Northern Coalfield","Seam A","2.34","409.25","12082","73.0","32.9","10.85","6128","24.160209","85.850974","809.98","High Fault Zone","Low","Mine Gamma","2.34","73.0","32.9","10.85"
"897","2022-08-31","2022","August","Mine Alpha","Central Coalfield","Lower Seam","4.22","216.85","30629","90.32","21.18","9.8","5818","23.439547","85.3396","480.92","Moderate Fault Zone","Low","Mine Alpha","4.22","90.32","21.18","9.8"
"898","2019-04-18","2019","April","Mine Alpha","Central Coalfield","Seam B","7.79","343.12","14608","75.15","33.47","5.33","6019","23.493062","85.30982","539.29","High Fault Zone","Medium","Mine Alpha","7.79","75.15","33.47","5.33"
"899","2019-03-21","2019","March","Mine Gamma","Northern Coalfield","Lower Seam","2.07","543.73","14760","94.46","22.98","8.47","3970","24.169556","85.866896","253.26","Moderate Fault Zone","Low","Mine Gamma","2.07","94.46","22.98","8.47"
"900","2020-01-26","2020","January","Mine Delta","Western Coal Basin","Seam A","6.77","533.85","15660","84.07","19.83","3.86","5709","22.904105","85.023362","693.75","Moderate Fault Zone","Medium","Mine Delta","6.77","84.07","19.83","3.86"
"901","2018-06-29","2018","June","Mine Gamma","Northern Coalfield","Seam E","1.3","141.63","9030","72.77","12.74","8.01","6836","24.075643","85.858003","814.37","Boundary Zone","Low","Mine Gamma","1.3","72.77","12.74","8.01"
"902","2025-01-13","2025","January","Mine Beta","Eastern Coal Basin","Seam B","3.65","482.71","2518","78.66","30.77","9.82","4565","23.74611","86.154712","392.76","Stable Zone","Medium","Mine Beta","3.65","78.66","30.77","9.82"
"903","2023-10-23","2023","October","Mine Delta","Western Coal Basin","Seam E","1.33","482.29","7888","74.97","9.04","13.72","6032","22.90059","84.930342","219.14","Folded Zone","Medium","Mine Delta","1.33","74.97","9.04","13.72"
"904","2020-07-08","2020","July","Mine Alpha","Central Coalfield","Lower Seam","5.79","388.18","6105","85.11","32.59","14.18","5886","23.428247","85.331605","481.28","Moderate Fault Zone","Medium","Mine Alpha","5.79","85.11","32.59","14.18"
"905","2020-10-21","2020","October","Mine Omega","Southern Coalfield","Seam C","8.35","432.02","34180","92.86","20.26","13.43","4328","22.428686","85.663098","825.24","Folded Zone","High","Mine Omega","8.35","92.86","20.26","13.43"
"906","2022-02-16","2022","February","Mine Beta","Eastern Coal Basin","Upper Seam","1.35","533.27","2133","79.26","27.19","9.04","4340","23.770223","86.184014","416.47","Folded Zone","Low","Mine Beta","1.35","79.26","27.19","9.04"
"907","2023-03-02","2023","March","Mine Delta","Western Coal Basin","Upper Seam","4.5","621.42","17894","75.47","25.97","3.73","5461","22.924601","85.001259","560.82","Boundary Zone","Low","Mine Delta","4.5","75.47","25.97","3.73"
"908","2024-02-24","2024","February","Mine Delta","Western Coal Basin","Lower Seam","6.78","294.92","36137","71.62","11.82","3.41","5913","22.930032","85.013289","698.97","Boundary Zone","Low","Mine Delta","6.78","71.62","11.82","3.41"
"909","2020-06-08","2020","June","Mine Beta","Eastern Coal Basin","Seam C","5.23","144.03","17689","81.04","12.87","7.76","6068","23.768597","86.166699","363.12","Boundary Zone","Medium","Mine Beta","5.23","81.04","12.87","7.76"
"910","2024-06-13","2024","June","Mine Delta","Western Coal Basin","Lower Seam","7.05","140.41","20259","72.62","27.94","11.91","5301","22.961036","85.006339","535.49","Stable Zone","Medium","Mine Delta","7.05","72.62","27.94","11.91"
"911","2018-12-18","2018","December","Mine Alpha","Central Coalfield","Seam A","1.26","567.35","1129","91.43","16.46","13.72","4251","23.41506","85.291301","743.25","High Fault Zone","Medium","Mine Alpha","1.26","91.43","16.46","13.72"
"912","2024-07-17","2024","July","Mine Gamma","Northern Coalfield","Lower Seam","4.46","253.17","8091","74.4","29.66","4.08","6758","24.086326","85.831844","789.86","Folded Zone","Low","Mine Gamma","4.46","74.4","29.66","4.08"
"913","2025-01-19","2025","January","Mine Omega","Southern Coalfield","Seam D","6.31","218.74","43286","72.73","11.06","14.29","6864","22.409707","85.593938","769.76","Folded Zone","Low","Mine Omega","6.31","72.73","11.06","14.29"
"914","2026-08-09","2026","August","Mine Beta","Eastern Coal Basin","Seam A","5.48","642.66","17634","78.67","23.44","7.82","3573","23.779177","86.167176","410.37","High Fault Zone","High","Mine Beta","5.48","78.67","23.44","7.82"
"915","2018-10-10","2018","October","Mine Gamma","Northern Coalfield","Seam B","2.19","230.06","7560","69.63","34.81","12.28","5975","24.166158","85.85207","656.64","Stable Zone","Low","Mine Gamma","2.19","69.63","34.81","12.28"
"916","2018-03-07","2018","March","Mine Delta","Western Coal Basin","Seam E","7.7","300.64","13613","91.39","13.18","5.64","5426","22.991593","84.978961","786.9","Stable Zone","Medium","Mine Delta","7.7","91.39","13.18","5.64"
"917","2020-12-13","2020","December","Mine Gamma","Northern Coalfield","Seam D","8.47","252.51","21567","95.85","25.73","10.57","4732","24.073137","85.907204","800.79","Stable Zone","Medium","Mine Gamma","8.47","95.85","25.73","10.57"
"918","2021-05-24","2021","May","Mine Alpha","Central Coalfield","Seam D","2.66","332.07","9079","86.55","15.3","6.88","4857","23.451258","85.369365","464.42","High Fault Zone","Low","Mine Alpha","2.66","86.55","15.3","6.88"
"919","2026-01-24","2026","January","Mine Gamma","Northern Coalfield","Seam C","5.23","343.3","13075","93.31","32.81","3.1","5965","24.101861","85.870879","256.06","Moderate Fault Zone","Medium","Mine Gamma","5.23","93.31","32.81","3.1"
"920","2020-09-22","2020","September","Mine Alpha","Central Coalfield","Seam A","2.49","88.98","11925","72.35","10.36","2.98","6175","23.47365","85.304113","788.97","Stable Zone","Low","Mine Alpha","2.49","72.35","10.36","2.98"
"921","2025-01-28","2025","January","Mine Delta","Western Coal Basin","Lower Seam","3.62","448.96","18441","66.74","11.75","13.93","6928","22.918557","85.001825","241.36","Folded Zone","Medium","Mine Delta","3.62","66.74","11.75","13.93"
"922","2020-05-11","2020","May","Mine Beta","Eastern Coal Basin","Seam A","6.43","282.14","33377","70.97","30.07","11.21","5333","23.800627","86.146921","670.15","Boundary Zone","Medium","Mine Beta","6.43","70.97","30.07","11.21"
"923","2022-12-18","2022","December","Mine Alpha","Central Coalfield","Seam B","4.91","97.73","38330","73.16","31.71","9.48","4201","23.412401","85.346167","306.09","High Fault Zone","Medium","Mine Alpha","4.91","73.16","31.71","9.48"
"924","2019-10-28","2019","October","Mine Beta","Eastern Coal Basin","Seam D","5.84","405.38","29268","80.71","15.71","7.54","6551","23.803544","86.153055","618.74","High Fault Zone","Low","Mine Beta","5.84","80.71","15.71","7.54"
"925","2018-09-22","2018","September","Mine Beta","Eastern Coal Basin","Seam A","1.66","256.53","9955","84.22","30.08","3.04","6328","23.801611","86.1012","678.66","Stable Zone","Low","Mine Beta","1.66","84.22","30.08","3.04"
"926","2025-10-30","2025","October","Mine Gamma","Northern Coalfield","Upper Seam","5.62","625.58","26802","87.54","16.61","6.66","6501","24.107044","85.850025","507.69","Boundary Zone","High","Mine Gamma","5.62","87.54","16.61","6.66"
"927","2020-07-23","2020","July","Mine Beta","Eastern Coal Basin","Seam E","2.45","464.52","8754","92.28","16.76","12.35","6997","23.770324","86.186868","491.14","Moderate Fault Zone","Low","Mine Beta","2.45","92.28","16.76","12.35"
"928","2022-09-15","2022","September","Mine Delta","Western Coal Basin","Seam A","7.58","522.96","25476","91.98","12.03","6.75","5107","22.98174","85.020536","281.2","Moderate Fault Zone","Low","Mine Delta","7.58","91.98","12.03","6.75"
"929","2022-05-22","2022","May","Mine Alpha","Central Coalfield","Seam D","2.29","252.39","1517","77.16","16.2","14.42","5533","23.422774","85.318653","664.9","Folded Zone","Low","Mine Alpha","2.29","77.16","16.2","14.42"
"930","2023-06-20","2023","June","Mine Beta","Eastern Coal Basin","Upper Seam","1.64","626.86","1643","75.02","20.87","5.76","4370","23.824334","86.180362","458.95","Stable Zone","High","Mine Beta","1.64","75.02","20.87","5.76"
"931","2021-10-18","2021","October","Mine Beta","Eastern Coal Basin","Upper Seam","3.47","421.09","17653","83.57","22.3","6.43","4881","23.798851","86.112813","558.77","Folded Zone","Low","Mine Beta","3.47","83.57","22.3","6.43"
"932","2022-02-24","2022","February","Mine Delta","Western Coal Basin","Seam D","3.0","616.75","16986","93.21","32.37","10.24","6837","22.947619","84.958053","408.31","High Fault Zone","Medium","Mine Delta","3.0","93.21","32.37","10.24"
"933","2021-08-11","2021","August","Mine Beta","Eastern Coal Basin","Lower Seam","5.82","632.68","12903","83.38","14.4","12.66","5308","23.776975","86.10194","522.34","Stable Zone","Low","Mine Beta","5.82","83.38","14.4","12.66"
"934","2024-12-29","2024","December","Mine Beta","Eastern Coal Basin","Seam C","1.79","344.56","8985","92.62","33.87","5.46","5163","23.807743","86.179128","365.06","Moderate Fault Zone","Low","Mine Beta","1.79","92.62","33.87","5.46"
"935","2023-04-25","2023","April","Mine Alpha","Central Coalfield","Seam B","2.83","51.83","8975","84.24","23.17","12.19","7040","23.44847","85.301417","771.75","Moderate Fault Zone","Medium","Mine Alpha","2.83","84.24","23.17","12.19"
"936","2024-09-13","2024","September","Mine Beta","Eastern Coal Basin","Seam E","2.08","490.05","12514","71.04","29.57","5.67","6426","23.772299","86.181859","187.31","High Fault Zone","Low","Mine Beta","2.08","71.04","29.57","5.67"
"937","2018-04-14","2018","April","Mine Gamma","Northern Coalfield","Seam A","5.96","507.42","6498","79.41","32.56","3.92","5816","24.125526","85.879385","688.17","Stable Zone","High","Mine Gamma","5.96","79.41","32.56","3.92"
"938","2021-02-04","2021","February","Mine Delta","Western Coal Basin","Seam B","6.36","322.0","10950","68.98","33.81","3.61","6711","22.955258","84.966882","391.23","Folded Zone","Low","Mine Delta","6.36","68.98","33.81","3.61"
"939","2025-04-01","2025","April","Mine Delta","Western Coal Basin","Seam C","4.09","245.97","27692","66.07","15.64","9.35","5604","22.988326","84.935586","660.57","Moderate Fault Zone","Low","Mine Delta","4.09","66.07","15.64","9.35"
"940","2019-07-28","2019","July","Mine Alpha","Central Coalfield","Seam B","1.95","148.03","11415","67.85","17.73","6.64","3800","23.434357","85.276958","448.38","Stable Zone","Low","Mine Alpha","1.95","67.85","17.73","6.64"
"941","2025-10-16","2025","October","Mine Delta","Western Coal Basin","Seam B","5.2","103.68","10683","69.93","28.59","13.29","4341","22.905651","84.998352","196.23","Moderate Fault Zone","Low","Mine Delta","5.2","69.93","28.59","13.29"
"942","2020-06-16","2020","June","Mine Alpha","Central Coalfield","Lower Seam","2.9","141.58","20383","80.52","16.72","11.83","5980","23.401926","85.346554","509.79","Folded Zone","Low","Mine Alpha","2.9","80.52","16.72","11.83"
"943","2020-03-30","2020","March","Mine Alpha","Central Coalfield","Seam E","1.46","187.7","6112","75.83","10.18","13.46","5384","23.482904","85.309718","282.01","Stable Zone","High","Mine Alpha","1.46","75.83","10.18","13.46"
"944","2021-02-26","2021","February","Mine Omega","Southern Coalfield","Seam C","5.26","356.53","8937","71.25","24.41","6.35","4710","22.426034","85.601917","371.21","Stable Zone","Low","Mine Omega","5.26","71.25","24.41","6.35"
"945","2026-08-20","2026","August","Mine Omega","Southern Coalfield","Seam D","2.69","117.62","9162","68.31","33.19","4.67","6311","22.47357","85.619861","642.13","Moderate Fault Zone","Medium","Mine Omega","2.69","68.31","33.19","4.67"
"946","2022-01-18","2022","January","Mine Gamma","Northern Coalfield","Seam D","1.6","425.67","7602","92.42","14.81","8.64","4647","24.091642","85.838092","403.73","Folded Zone","High","Mine Gamma","1.6","92.42","14.81","8.64"
"947","2026-01-27","2026","January","Mine Delta","Western Coal Basin","Seam C","4.54","284.45","27939","93.55","20.96","9.76","6442","22.966702","85.023783","232.04","Stable Zone","Medium","Mine Delta","4.54","93.55","20.96","9.76"
"948","2024-12-11","2024","December","Mine Alpha","Central Coalfield","Seam A","7.46","618.07","55772","74.41","18.3","9.39","4090","23.405354","85.291531","307.83","Folded Zone","Medium","Mine Alpha","7.46","74.41","18.3","9.39"
"949","2018-11-08","2018","November","Mine Gamma","Northern Coalfield","Seam C","4.25","63.44","26683","92.85","16.16","5.42","6941","24.158736","85.900056","317.13","Stable Zone","Medium","Mine Gamma","4.25","92.85","16.16","5.42"
"950","2019-12-17","2019","December","Mine Delta","Western Coal Basin","Seam A","2.02","484.89","7907","92.48","26.76","5.55","3583","22.956323","84.936328","643.51","Moderate Fault Zone","Low","Mine Delta","2.02","92.48","26.76","5.55"
"951","2018-05-03","2018","May","Mine Delta","Western Coal Basin","Seam A","4.83","548.27","17355","95.16","23.57","2.57","3733","22.976953","84.958082","368.65","Folded Zone","Low","Mine Delta","4.83","95.16","23.57","2.57"
"952","2018-04-10","2018","April","Mine Gamma","Northern Coalfield","Upper Seam","3.19","573.19","7213","78.89","8.05","10.45","6732","24.153539","85.863534","817.94","Folded Zone","Medium","Mine Gamma","3.19","78.89","8.05","10.45"
"953","2021-03-19","2021","March","Mine Alpha","Central Coalfield","Seam C","1.85","270.38","12312","81.88","18.08","13.72","6187","23.454077","85.302071","608.34","Folded Zone","Low","Mine Alpha","1.85","81.88","18.08","13.72"
"954","2022-03-05","2022","March","Mine Delta","Western Coal Basin","Seam D","8.38","510.39","13469","85.85","32.01","10.78","5009","22.996139","84.938645","349.64","Moderate Fault Zone","Low","Mine Delta","8.38","85.85","32.01","10.78"
"955","2025-03-28","2025","March","Mine Gamma","Northern Coalfield","Seam D","4.49","373.53","25155","92.58","17.27","13.94","7136","24.084505","85.854165","603.91","Moderate Fault Zone","Medium","Mine Gamma","4.49","92.58","17.27","13.94"
"956","2019-07-26","2019","July","Mine Omega","Southern Coalfield","Lower Seam","6.98","544.81","24239","90.53","31.78","14.88","5513","22.451957","85.647546","350.66","Boundary Zone","Medium","Mine Omega","6.98","90.53","31.78","14.88"
"957","2026-04-18","2026","April","Mine Beta","Eastern Coal Basin","Seam B","6.19","522.63","25805","75.09","30.58","6.85","6967","23.782312","86.181936","326.78","High Fault Zone","Medium","Mine Beta","6.19","75.09","30.58","6.85"
"958","2020-07-13","2020","July","Mine Alpha","Central Coalfield","Upper Seam","5.9","143.42","33657","88.35","27.34","13.61","7086","23.479994","85.31952","793.62","High Fault Zone","Low","Mine Alpha","5.9","88.35","27.34","13.61"
"959","2021-05-25","2021","May","Mine Delta","Western Coal Basin","Lower Seam","2.73","432.95","20848","70.92","8.44","5.85","4266","22.982766","84.998048","224.9","Folded Zone","High","Mine Delta","2.73","70.92","8.44","5.85"
"960","2022-01-04","2022","January","Mine Delta","Western Coal Basin","Upper Seam","4.14","468.69","11392","77.02","13.63","7.57","5682","22.947844","84.99148","208.06","Folded Zone","High","Mine Delta","4.14","77.02","13.63","7.57"
"961","2021-08-02","2021","August","Mine Delta","Western Coal Basin","Seam C","1.43","470.38","9951","76.9","22.55","3.27","6048","22.962023","84.965105","830.81","Folded Zone","High","Mine Delta","1.43","76.9","22.55","3.27"
"962","2018-06-08","2018","June","Mine Delta","Western Coal Basin","Seam D","6.74","102.1","16117","67.85","14.63","12.8","5836","22.909401","84.967985","406.05","Boundary Zone","High","Mine Delta","6.74","67.85","14.63","12.8"
"963","2021-08-15","2021","August","Mine Alpha","Central Coalfield","Seam C","5.23","472.42","20313","84.03","10.56","10.89","5696","23.467524","85.272824","519.22","Stable Zone","Low","Mine Alpha","5.23","84.03","10.56","10.89"
"964","2021-01-30","2021","January","Mine Delta","Western Coal Basin","Upper Seam","5.32","530.78","24033","87.45","14.84","3.53","5412","22.917392","84.975173","751.88","Stable Zone","Low","Mine Delta","5.32","87.45","14.84","3.53"
"965","2022-10-14","2022","October","Mine Gamma","Northern Coalfield","Seam A","6.21","631.14","6683","79.95","14.72","7.03","6255","24.135387","85.837663","432.4","High Fault Zone","Low","Mine Gamma","6.21","79.95","14.72","7.03"
"966","2025-08-29","2025","August","Mine Gamma","Northern Coalfield","Seam E","7.37","187.24","28264","86.72","32.61","3.32","4015","24.144036","85.914667","557.06","Folded Zone","Low","Mine Gamma","7.37","86.72","32.61","3.32"
"967","2018-03-26","2018","March","Mine Delta","Western Coal Basin","Upper Seam","5.03","466.29","26464","68.3","20.79","5.63","5562","22.942226","84.936518","356.06","High Fault Zone","Low","Mine Delta","5.03","68.3","20.79","5.63"
"968","2020-09-23","2020","September","Mine Omega","Southern Coalfield","Seam B","2.08","147.2","9939","85.6","20.04","14.95","4881","22.426301","85.596682","709.3","Moderate Fault Zone","Low","Mine Omega","2.08","85.6","20.04","14.95"
"969","2024-04-11","2024","April","Mine Alpha","Central Coalfield","Seam A","2.9","138.43","4347","86.75","8.3","2.78","6416","23.411275","85.336591","572.33","Stable Zone","Low","Mine Alpha","2.9","86.75","8.3","2.78"
"970","2021-08-01","2021","August","Mine Beta","Eastern Coal Basin","Seam B","7.48","530.74","14324","79.72","20.93","3.29","4935","23.79334","86.15414","718.59","Moderate Fault Zone","Medium","Mine Beta","7.48","79.72","20.93","3.29"
"971","2019-08-19","2019","August","Mine Omega","Southern Coalfield","Lower Seam","6.75","336.61","53487","67.25","12.45","10.15","5030","22.462562","85.683761","734.74","Folded Zone","Low","Mine Omega","6.75","67.25","12.45","10.15"
"972","2018-06-25","2018","June","Mine Delta","Western Coal Basin","Lower Seam","3.54","286.78","6884","87.52","18.09","7.85","6595","22.922472","85.020751","501.18","Boundary Zone","Medium","Mine Delta","3.54","87.52","18.09","7.85"
"973","2020-09-15","2020","September","Mine Beta","Eastern Coal Basin","Seam E","5.01","348.28","5325","83.59","19.27","9.3","6107","23.807705","86.177292","206.77","High Fault Zone","Low","Mine Beta","5.01","83.59","19.27","9.3"
"974","2025-04-17","2025","April","Mine Delta","Western Coal Basin","Lower Seam","8.4","254.89","56888","83.76","32.82","13.12","5239","22.948779","85.005742","742.47","Boundary Zone","Medium","Mine Delta","8.4","83.76","32.82","13.12"
"975","2024-09-20","2024","September","Mine Omega","Southern Coalfield","Upper Seam","6.94","132.36","21015","86.43","34.33","8.93","5781","22.406293","85.652912","805.89","High Fault Zone","Low","Mine Omega","6.94","86.43","34.33","8.93"
"976","2021-07-06","2021","July","Mine Beta","Eastern Coal Basin","Seam C","7.82","389.61","24350","74.5","30.29","8.73","5023","23.756391","86.142385","621.6","Boundary Zone","Medium","Mine Beta","7.82","74.5","30.29","8.73"
"977","2026-08-20","2026","August","Mine Beta","Eastern Coal Basin","Upper Seam","3.35","462.26","10757","81.83","16.67","12.37","5652","23.747342","86.172459","767.02","Moderate Fault Zone","Low","Mine Beta","3.35","81.83","16.67","12.37"
"978","2020-01-20","2020","January","Mine Gamma","Northern Coalfield","Upper Seam","7.11","275.0","24439","87.23","33.18","7.97","4763","24.095473","85.827205","263.37","Folded Zone","Medium","Mine Gamma","7.11","87.23","33.18","7.97"
"979","2018-01-14","2018","January","Mine Delta","Western Coal Basin","Seam A","2.58","610.47","19243","79.1","34.75","9.59","4525","22.956745","84.949919","214.17","Folded Zone","Medium","Mine Delta","2.58","79.1","34.75","9.59"
"980","2024-09-04","2024","September","Mine Delta","Western Coal Basin","Seam A","4.68","282.13","6533","70.61","17.76","12.42","3702","22.984717","84.957736","547.49","High Fault Zone","Low","Mine Delta","4.68","70.61","17.76","12.42"
"981","2026-05-02","2026","May","Mine Alpha","Central Coalfield","Upper Seam","4.29","73.96","23390","66.86","11.01","14.7","6162","23.428419","85.294068","327.69","Boundary Zone","Low","Mine Alpha","4.29","66.86","11.01","14.7"
"982","2024-03-13","2024","March","Mine Gamma","Northern Coalfield","Seam C","7.34","141.02","34152","74.82","13.94","12.47","6553","24.090314","85.88163","819.5","Stable Zone","Low","Mine Gamma","7.34","74.82","13.94","12.47"
"983","2021-01-09","2021","January","Mine Omega","Southern Coalfield","Lower Seam","4.75","107.41","32492","71.85","20.41","4.15","4142","22.422034","85.600739","339.98","High Fault Zone","Low","Mine Omega","4.75","71.85","20.41","4.15"
"984","2022-05-03","2022","May","Mine Omega","Southern Coalfield","Seam D","2.76","110.22","3077","87.09","19.95","11.61","4923","22.461505","85.628016","542.65","High Fault Zone","Low","Mine Omega","2.76","87.09","19.95","11.61"
"985","2022-11-24","2022","November","Mine Delta","Western Coal Basin","Lower Seam","7.59","255.37","4974","80.73","18.47","7.75","4260","22.914452","84.937736","740.75","Folded Zone","Low","Mine Delta","7.59","80.73","18.47","7.75"
"986","2020-04-28","2020","April","Mine Delta","Western Coal Basin","Seam B","3.49","293.06","8256","74.01","14.23","9.81","5238","22.902428","85.023527","343.53","Stable Zone","Low","Mine Delta","3.49","74.01","14.23","9.81"
"987","2022-05-12","2022","May","Mine Alpha","Central Coalfield","Seam E","3.72","278.58","15558","87.45","32.55","3.16","4443","23.422856","85.306659","848.06","Folded Zone","Low","Mine Alpha","3.72","87.45","32.55","3.16"
"988","2024-07-26","2024","July","Mine Beta","Eastern Coal Basin","Upper Seam","4.98","368.56","9800","66.13","18.3","2.62","4346","23.80071","86.115875","592.35","Boundary Zone","Low","Mine Beta","4.98","66.13","18.3","2.62"
"989","2023-11-22","2023","November","Mine Alpha","Central Coalfield","Seam C","4.51","225.89","31294","73.63","32.73","4.98","4653","23.452051","85.293182","241.82","Stable Zone","Low","Mine Alpha","4.51","73.63","32.73","4.98"
"990","2021-03-26","2021","March","Mine Beta","Eastern Coal Basin","Seam E","4.63","303.96","8146","65.53","33.96","9.83","3785","23.807284","86.126904","704.71","Boundary Zone","Low","Mine Beta","4.63","65.53","33.96","9.83"
"991","2024-03-16","2024","March","Mine Delta","Western Coal Basin","Lower Seam","3.89","157.35","17514","70.79","29.25","6.23","4136","22.927234","85.011331","515.61","Stable Zone","Low","Mine Delta","3.89","70.79","29.25","6.23"
"992","2018-07-18","2018","July","Mine Beta","Eastern Coal Basin","Seam D","2.34","129.37","16293","90.86","23.49","5.63","4409","23.747515","86.110988","346.3","Boundary Zone","Medium","Mine Beta","2.34","90.86","23.49","5.63"
"993","2022-03-26","2022","March","Mine Alpha","Central Coalfield","Seam B","1.2","326.46","7790","86.0","18.67","9.04","4994","23.452505","85.36621","812.0","High Fault Zone","Medium","Mine Alpha","1.2","86.0","18.67","9.04"
"994","2026-01-21","2026","January","Mine Omega","Southern Coalfield","Lower Seam","6.67","500.98","29522","77.64","21.59","8.5","6478","22.420689","85.64998","426.23","High Fault Zone","Low","Mine Omega","6.67","77.64","21.59","8.5"
"995","2022-04-17","2022","April","Mine Delta","Western Coal Basin","Seam D","3.39","64.33","14083","88.26","13.82","12.08","6276","22.944994","84.989043","688.37","Moderate Fault Zone","Medium","Mine Delta","3.39","88.26","13.82","12.08"
"996","2022-06-12","2022","June","Mine Gamma","Northern Coalfield","Seam B","2.24","590.3","16302","72.84","18.78","11.27","4875","24.090469","85.833041","822.94","Moderate Fault Zone","High","Mine Gamma","2.24","72.84","18.78","11.27"
"997","2021-04-25","2021","April","Mine Alpha","Central Coalfield","Seam C","1.59","329.05","5405","85.26","19.7","9.78","4813","23.451256","85.317711","805.76","Folded Zone","Low","Mine Alpha","1.59","85.26","19.7","9.78"
"998","2020-03-03","2020","March","Mine Gamma","Northern Coalfield","Seam C","7.93","149.57","62970","69.52","27.2","5.5","3591","24.091869","85.872109","196.17","Folded Zone","Low","Mine Gamma","7.93","69.52","27.2","5.5"
"999","2023-03-01","2023","March","Mine Omega","Southern Coalfield","Seam C","5.74","220.96","5062","81.03","11.33","7.7","5304","22.476364","85.593616","702.14","Boundary Zone","Low","Mine Omega","5.74","81.03","11.33","7.7"
"1000","2022-03-28","2022","March","Mine Beta","Eastern Coal Basin","Seam C","6.02","313.92","35633","73.28","11.84","13.89","3845","23.768389","86.13944","208.07","High Fault Zone","Low","Mine Beta","6.02","73.28","11.84","13.89"
