record_id,date,year,month,mine_name,location,state,seam,coal_thickness_m,thickness_m,depth_m,production_tonnes,recovery_percent,recovery,ash_percent,ash_content,moisture_percent,moisture,calorific_value_kcal_kg,geological_reserve_mt,grade,exploration_grade,risk_level,source,source_status,source_url
1,01-01-25,2025,January,Machhakata (Revised),Odisha,Odisha,XI,0.2,0.2,16.37,707,72,72,8.0,8.0,2.5,2.5,4300,10.77,E-G,E-G,Low,CMPDI/MSTC — Machhakata Geological Report — DERIVED ANALYTICAL RECORD,SOURCE_DERIVED_ANALYTICAL,https://mstcecommerce.com/auctionhome/coalblock/RenderFileCoalBlock.jsp?file=com-Machhakata-and-Mahanadi.pdf
2,02-01-25,2025,January,Machhakata (Revised),Odisha,Odisha,X,0.59,0.59,39.7,406,79,79,14.05,14.05,4.25,4.25,4323,5.13,E-G,E-G,Low,CMPDI/MSTC — Machhakata Geological Report — DERIVED ANALYTICAL RECORD,SOURCE_DERIVED_ANALYTICAL,https://mstcecommerce.com/auctionhome/coalblock/RenderFileCoalBlock.jsp?file=com-Machhakata-and-Mahanadi.pdf
3,03-01-25,2025,January,Machhakata (Revised),Odisha,Odisha,IX TOP,1.36,1.36,69.81,1086,86,86,20.1,20.1,6.0,6.0,4346,11.7,E-G,E-G,Medium,CMPDI/MSTC — Machhakata Geological Report — DERIVED ANALYTICAL RECORD,SOURCE_DERIVED_ANALYTICAL,https://mstcecommerce.com/auctionhome/coalblock/RenderFileCoalBlock.jsp?file=com-Machhakata-and-Mahanadi.pdf
4,04-01-25,2025,January,Machhakata (Revised),Odisha,Odisha,IX BOT,2.73,2.73,102.08,4952,93,93,12.95,12.95,2.5,2.5,4369,64.48,E-G,E-G,Medium,CMPDI/MSTC — Machhakata Geological Report — DERIVED ANALYTICAL RECORD,SOURCE_DERIVED_ANALYTICAL,https://mstcecommerce.com/auctionhome/coalblock/RenderFileCoalBlock.jsp?file=com-Machhakata-and-Mahanadi.pdf
5,05-01-25,2025,January,Machhakata (Revised),Odisha,Odisha,VIII,7.47,7.47,97.12,11093,76,76,19.0,19.0,4.25,4.25,4392,122.71,F-G,F-G,High,CMPDI/MSTC — Machhakata Geological Report — DERIVED ANALYTICAL RECORD,SOURCE_DERIVED_ANALYTICAL,https://mstcecommerce.com/auctionhome/coalblock/RenderFileCoalBlock.jsp?file=com-Machhakata-and-Mahanadi.pdf
6,06-01-25,2025,January,Machhakata (Revised),Odisha,Odisha,VII TOP,8.29,8.29,134.65,8931,83,83,11.85,11.85,6.0,6.0,4415,120.04,E-G,E-G,High,CMPDI/MSTC — Machhakata Geological Report — DERIVED ANALYTICAL RECORD,SOURCE_DERIVED_ANALYTICAL,https://mstcecommerce.com/auctionhome/coalblock/RenderFileCoalBlock.jsp?file=com-Machhakata-and-Mahanadi.pdf
7,07-01-25,2025,January,Machhakata (Revised),Odisha,Odisha,VII BOT,4.2,4.2,34.58,661,90,90,17.9,17.9,2.5,2.5,4438,7.51,E-G,E-G,Low,CMPDI/MSTC — Machhakata Geological Report — DERIVED ANALYTICAL RECORD,SOURCE_DERIVED_ANALYTICAL,https://mstcecommerce.com/auctionhome/coalblock/RenderFileCoalBlock.jsp?file=com-Machhakata-and-Mahanadi.pdf
8,08-01-25,2025,January,Machhakata (Revised),Odisha,Odisha,VI TOP,7.5,7.5,56.93,5831,73,73,10.75,10.75,4.25,4.25,4461,80.98,E-G,E-G,Low,CMPDI/MSTC — Machhakata Geological Report — DERIVED ANALYTICAL RECORD,SOURCE_DERIVED_ANALYTICAL,https://mstcecommerce.com/auctionhome/coalblock/RenderFileCoalBlock.jsp?file=com-Machhakata-and-Mahanadi.pdf
9,09-01-25,2025,January,Machhakata (Revised),Odisha,Odisha,VI BOT,0.7,0.7,99.18,6716,80,80,16.8,16.8,6.0,6.0,4484,78.46,E-G,E-G,Medium,CMPDI/MSTC — Machhakata Geological Report — DERIVED ANALYTICAL RECORD,SOURCE_DERIVED_ANALYTICAL,https://mstcecommerce.com/auctionhome/coalblock/RenderFileCoalBlock.jsp?file=com-Machhakata-and-Mahanadi.pdf
10,10-01-25,2025,January,Machhakata (Revised),Odisha,Odisha,IV/V,1.1,1.1,130.83,3948,87,87,9.65,9.65,2.5,2.5,4507,56.73,D-G,D-G,Medium,CMPDI/MSTC — Machhakata Geological Report — DERIVED ANALYTICAL RECORD,SOURCE_DERIVED_ANALYTICAL,https://mstcecommerce.com/auctionhome/coalblock/RenderFileCoalBlock.jsp?file=com-Machhakata-and-Mahanadi.pdf
11,11-01-25,2025,January,Machhakata (Revised),Odisha,Odisha,III TOP TOP,5.67,5.67,165.8,13148,94,94,15.7,15.7,4.25,4.25,4530,158.03,E-G,E-G,High,CMPDI/MSTC — Machhakata Geological Report — DERIVED ANALYTICAL RECORD,SOURCE_DERIVED_ANALYTICAL,https://mstcecommerce.com/auctionhome/coalblock/RenderFileCoalBlock.jsp?file=com-Machhakata-and-Mahanadi.pdf
12,12-01-25,2025,January,Machhakata (Revised),Odisha,Odisha,III MID,6.92,6.92,56.17,14593,77,77,8.55,8.55,6.0,6.0,4553,217.16,D-G,D-G,Low,CMPDI/MSTC — Machhakata Geological Report — DERIVED ANALYTICAL RECORD,SOURCE_DERIVED_ANALYTICAL,https://mstcecommerce.com/auctionhome/coalblock/RenderFileCoalBlock.jsp?file=com-Machhakata-and-Mahanadi.pdf
13,13-01-25,2025,January,Machhakata (Revised),Odisha,Odisha,III BOT TOP,3.43,3.43,90.49,5880,84,84,14.6,14.6,2.5,2.5,4576,72.77,C-G,C-G,Medium,CMPDI/MSTC — Machhakata Geological Report — DERIVED ANALYTICAL RECORD,SOURCE_DERIVED_ANALYTICAL,https://mstcecommerce.com/auctionhome/coalblock/RenderFileCoalBlock.jsp?file=com-Machhakata-and-Mahanadi.pdf
14,14-01-25,2025,January,Machhakata (Revised),Odisha,Odisha,III BOT BOT,4.09,4.09,117.59,1019,91,91,20.65,20.65,4.25,4.25,4599,10.79,F-G,F-G,Medium,CMPDI/MSTC — Machhakata Geological Report — DERIVED ANALYTICAL RECORD,SOURCE_DERIVED_ANALYTICAL,https://mstcecommerce.com/auctionhome/coalblock/RenderFileCoalBlock.jsp?file=com-Machhakata-and-Mahanadi.pdf
15,15-01-25,2025,January,Machhakata (Revised),Odisha,Odisha,LOCAL 1,2.16,2.16,171.01,1495,74,74,13.5,13.5,6.0,6.0,4622,19.07,D-G,D-G,High,CMPDI/MSTC — Machhakata Geological Report — DERIVED ANALYTICAL RECORD,SOURCE_DERIVED_ANALYTICAL,https://mstcecommerce.com/auctionhome/coalblock/RenderFileCoalBlock.jsp?file=com-Machhakata-and-Mahanadi.pdf
16,16-01-25,2025,January,Machhakata (Revised),Odisha,Odisha,LOCAL 2,2.49,2.49,209.85,1344,81,81,19.55,19.55,2.5,2.5,4645,14.61,E-G,E-G,High,CMPDI/MSTC — Machhakata Geological Report — DERIVED ANALYTICAL RECORD,SOURCE_DERIVED_ANALYTICAL,https://mstcecommerce.com/auctionhome/coalblock/RenderFileCoalBlock.jsp?file=com-Machhakata-and-Mahanadi.pdf
17,17-01-25,2025,January,Machhakata (Revised),Odisha,Odisha,II TOP,0.55,0.55,76.92,3273,88,88,12.4,12.4,4.25,4.25,4668,43.07,E-G,E-G,Low,CMPDI/MSTC — Machhakata Geological Report — DERIVED ANALYTICAL RECORD,SOURCE_DERIVED_ANALYTICAL,https://mstcecommerce.com/auctionhome/coalblock/RenderFileCoalBlock.jsp?file=com-Machhakata-and-Mahanadi.pdf
18,18-01-25,2025,January,Machhakata (Revised),Odisha,Odisha,II MID,0.53,0.53,63.81,735,95,95,18.45,18.45,6.0,6.0,4691,8.2,E-G,E-G,Low,CMPDI/MSTC — Machhakata Geological Report — DERIVED ANALYTICAL RECORD,SOURCE_DERIVED_ANALYTICAL,https://mstcecommerce.com/auctionhome/coalblock/RenderFileCoalBlock.jsp?file=com-Machhakata-and-Mahanadi.pdf
19,19-01-25,2025,January,Machhakata (Revised),Odisha,Odisha,II BOT,0.98,0.98,150.29,439,78,78,11.3,11.3,2.5,2.5,4714,5.96,D-G,D-G,Medium,CMPDI/MSTC — Machhakata Geological Report — DERIVED ANALYTICAL RECORD,SOURCE_DERIVED_ANALYTICAL,https://mstcecommerce.com/auctionhome/coalblock/RenderFileCoalBlock.jsp?file=com-Machhakata-and-Mahanadi.pdf
20,20-01-25,2025,January,Machhakata (Revised),Odisha,Odisha,I A TOP,1.39,1.39,190.65,1066,85,85,17.35,17.35,4.25,4.25,4737,12.22,E-G,E-G,High,CMPDI/MSTC — Machhakata Geological Report — DERIVED ANALYTICAL RECORD,SOURCE_DERIVED_ANALYTICAL,https://mstcecommerce.com/auctionhome/coalblock/RenderFileCoalBlock.jsp?file=com-Machhakata-and-Mahanadi.pdf
21,21-01-25,2025,January,Machhakata (Revised),Odisha,Odisha,I A BOT,3.14,3.14,214.03,2736,92,92,10.2,10.2,6.0,6.0,4760,38.42,D-G,D-G,High,CMPDI/MSTC — Machhakata Geological Report — DERIVED ANALYTICAL RECORD,SOURCE_DERIVED_ANALYTICAL,https://mstcecommerce.com/auctionhome/coalblock/RenderFileCoalBlock.jsp?file=com-Machhakata-and-Mahanadi.pdf
22,22-01-25,2025,January,Machhakata (Revised),Odisha,Odisha,I B,9.3,9.3,248.75,15279,75,75,16.25,16.25,2.5,2.5,4783,180.18,C-G,C-G,High,CMPDI/MSTC — Machhakata Geological Report — DERIVED ANALYTICAL RECORD,SOURCE_DERIVED_ANALYTICAL,https://mstcecommerce.com/auctionhome/coalblock/RenderFileCoalBlock.jsp?file=com-Machhakata-and-Mahanadi.pdf
23,23-01-25,2025,January,Machhakata (Revised),Odisha,Odisha,I C,4.19,4.19,155.52,645,82,82,9.1,9.1,4.25,4.25,4806,9.37,C-G,C-G,Medium,CMPDI/MSTC — Machhakata Geological Report — DERIVED ANALYTICAL RECORD,SOURCE_DERIVED_ANALYTICAL,https://mstcecommerce.com/auctionhome/coalblock/RenderFileCoalBlock.jsp?file=com-Machhakata-and-Mahanadi.pdf
24,24-01-25,2025,January,Machhakata (Revised),Odisha,Odisha,I D,8.68,8.68,190.66,4309,89,89,15.15,15.15,6.0,6.0,4829,52.29,B-G,B-G,Medium,CMPDI/MSTC — Machhakata Geological Report — DERIVED ANALYTICAL RECORD,SOURCE_DERIVED_ANALYTICAL,https://mstcecommerce.com/auctionhome/coalblock/RenderFileCoalBlock.jsp?file=com-Machhakata-and-Mahanadi.pdf
25,25-01-25,2025,January,Machhakata (Revised),Odisha,Odisha,XI,1.05,1.05,85.26,715,72,72,8.0,8.0,2.5,2.5,4852,10.77,E-G,E-G,Medium,CMPDI/MSTC — Machhakata Geological Report — DERIVED ANALYTICAL RECORD,SOURCE_DERIVED_ANALYTICAL,https://mstcecommerce.com/auctionhome/coalblock/RenderFileCoalBlock.jsp?file=com-Machhakata-and-Mahanadi.pdf
26,26-01-25,2025,January,Machhakata (Revised),Odisha,Odisha,X,1.03,1.03,113.95,410,79,79,14.05,14.05,4.25,4.25,4875,5.13,E-G,E-G,High,CMPDI/MSTC — Machhakata Geological Report — DERIVED ANALYTICAL RECORD,SOURCE_DERIVED_ANALYTICAL,https://mstcecommerce.com/auctionhome/coalblock/RenderFileCoalBlock.jsp?file=com-Machhakata-and-Mahanadi.pdf
27,27-01-25,2025,January,Machhakata (Revised),Odisha,Odisha,IX TOP,1.95,1.95,152.06,1095,86,86,20.1,20.1,6.0,6.0,4898,11.7,E-G,E-G,High,CMPDI/MSTC — Machhakata Geological Report — DERIVED ANALYTICAL RECORD,SOURCE_DERIVED_ANALYTICAL,https://mstcecommerce.com/auctionhome/coalblock/RenderFileCoalBlock.jsp?file=com-Machhakata-and-Mahanadi.pdf
28,28-01-25,2025,January,Machhakata (Revised),Odisha,Odisha,IX BOT,3.44,3.44,34.66,5004,93,93,12.95,12.95,2.5,2.5,4921,64.48,E-G,E-G,Low,CMPDI/MSTC — Machhakata Geological Report — DERIVED ANALYTICAL RECORD,SOURCE_DERIVED_ANALYTICAL,https://mstcecommerce.com/auctionhome/coalblock/RenderFileCoalBlock.jsp?file=com-Machhakata-and-Mahanadi.pdf
29,29-01-25,2025,January,Machhakata (Revised),Odisha,Odisha,VIII,9.09,9.09,50.25,11191,76,76,19.0,19.0,4.25,4.25,4944,122.71,F-G,F-G,Medium,CMPDI/MSTC — Machhakata Geological Report — DERIVED ANALYTICAL RECORD,SOURCE_DERIVED_ANALYTICAL,https://mstcecommerce.com/auctionhome/coalblock/RenderFileCoalBlock.jsp?file=com-Machhakata-and-Mahanadi.pdf
30,30-01-25,2025,January,Machhakata (Revised),Odisha,Odisha,VII TOP,9.77,9.77,79.23,9027,83,83,11.85,11.85,6.0,6.0,4967,120.04,E-G,E-G,Medium,CMPDI/MSTC — Machhakata Geological Report — DERIVED ANALYTICAL RECORD,SOURCE_DERIVED_ANALYTICAL,https://mstcecommerce.com/auctionhome/coalblock/RenderFileCoalBlock.jsp?file=com-Machhakata-and-Mahanadi.pdf
31,31-01-25,2025,January,Machhakata (Revised),Odisha,Odisha,VII BOT,4.84,4.84,105.67,667,90,90,17.9,17.9,2.5,2.5,4990,7.51,E-G,E-G,High,CMPDI/MSTC — Machhakata Geological Report — DERIVED ANALYTICAL RECORD,SOURCE_DERIVED_ANALYTICAL,https://mstcecommerce.com/auctionhome/coalblock/RenderFileCoalBlock.jsp?file=com-Machhakata-and-Mahanadi.pdf
32,01-02-25,2025,February,Machhakata (Revised),Odisha,Odisha,VI TOP,0.58,0.58,136.39,5895,73,73,10.75,10.75,4.25,4.25,5013,80.98,E-G,E-G,High,CMPDI/MSTC — Machhakata Geological Report — DERIVED ANALYTICAL RECORD,SOURCE_DERIVED_ANALYTICAL,https://mstcecommerce.com/auctionhome/coalblock/RenderFileCoalBlock.jsp?file=com-Machhakata-and-Mahanadi.pdf
33,02-02-25,2025,February,Machhakata (Revised),Odisha,Odisha,VI BOT,2.18,2.18,30.13,6779,80,80,16.8,16.8,6.0,6.0,5036,78.46,E-G,E-G,Low,CMPDI/MSTC — Machhakata Geological Report — DERIVED ANALYTICAL RECORD,SOURCE_DERIVED_ANALYTICAL,https://mstcecommerce.com/auctionhome/coalblock/RenderFileCoalBlock.jsp?file=com-Machhakata-and-Mahanadi.pdf
34,03-02-25,2025,February,Machhakata (Revised),Odisha,Odisha,IV/V,1.79,1.79,61.99,3994,87,87,9.65,9.65,2.5,2.5,5059,56.73,D-G,D-G,Low,CMPDI/MSTC — Machhakata Geological Report — DERIVED ANALYTICAL RECORD,SOURCE_DERIVED_ANALYTICAL,https://mstcecommerce.com/auctionhome/coalblock/RenderFileCoalBlock.jsp?file=com-Machhakata-and-Mahanadi.pdf
35,04-02-25,2025,February,Machhakata (Revised),Odisha,Odisha,III TOP TOP,7.04,7.04,98.92,13275,94,94,15.7,15.7,4.25,4.25,5082,158.03,E-G,E-G,Medium,CMPDI/MSTC — Machhakata Geological Report — DERIVED ANALYTICAL RECORD,SOURCE_DERIVED_ANALYTICAL,https://mstcecommerce.com/auctionhome/coalblock/RenderFileCoalBlock.jsp?file=com-Machhakata-and-Mahanadi.pdf
36,05-02-25,2025,February,Machhakata (Revised),Odisha,Odisha,III MID,7.74,7.74,146.47,14767,77,77,8.55,8.55,6.0,6.0,5105,217.16,D-G,D-G,Medium,CMPDI/MSTC — Machhakata Geological Report — DERIVED ANALYTICAL RECORD,SOURCE_DERIVED_ANALYTICAL,https://mstcecommerce.com/auctionhome/coalblock/RenderFileCoalBlock.jsp?file=com-Machhakata-and-Mahanadi.pdf
37,06-02-25,2025,February,Machhakata (Revised),Odisha,Odisha,III BOT TOP,4.09,4.09,180.21,5938,84,84,14.6,14.6,2.5,2.5,5128,72.77,C-G,C-G,High,CMPDI/MSTC — Machhakata Geological Report — DERIVED ANALYTICAL RECORD,SOURCE_DERIVED_ANALYTICAL,https://mstcecommerce.com/auctionhome/coalblock/RenderFileCoalBlock.jsp?file=com-Machhakata-and-Mahanadi.pdf
38,07-02-25,2025,February,Machhakata (Revised),Odisha,Odisha,III BOT BOT,4.8,4.8,49.63,708,91,91,20.65,20.65,4.25,4.25,5151,10.79,F-G,F-G,Low,CMPDI/MSTC — Machhakata Geological Report — DERIVED ANALYTICAL RECORD,SOURCE_DERIVED_ANALYTICAL,https://mstcecommerce.com/auctionhome/coalblock/RenderFileCoalBlock.jsp?file=com-Machhakata-and-Mahanadi.pdf
39,08-02-25,2025,February,Machhakata (Revised),Odisha,Odisha,LOCAL 1,2.47,2.47,90.54,1510,74,74,13.5,13.5,6.0,6.0,5174,19.07,D-G,D-G,Medium,CMPDI/MSTC — Machhakata Geological Report — DERIVED ANALYTICAL RECORD,SOURCE_DERIVED_ANALYTICAL,https://mstcecommerce.com/auctionhome/coalblock/RenderFileCoalBlock.jsp?file=com-Machhakata-and-Mahanadi.pdf
40,09-02-25,2025,February,Machhakata (Revised),Odisha,Odisha,LOCAL 2,0.26,0.26,133.37,1356,81,81,19.55,19.55,2.5,2.5,5197,14.61,E-G,E-G,Medium,CMPDI/MSTC — Machhakata Geological Report — DERIVED ANALYTICAL RECORD,SOURCE_DERIVED_ANALYTICAL,https://mstcecommerce.com/auctionhome/coalblock/RenderFileCoalBlock.jsp?file=com-Machhakata-and-Mahanadi.pdf
41,10-02-25,2025,February,Machhakata (Revised),Odisha,Odisha,II TOP,1.19,1.19,173.17,3308,88,88,12.4,12.4,4.25,4.25,5220,43.07,E-G,E-G,Medium,CMPDI/MSTC — Machhakata Geological Report — DERIVED ANALYTICAL RECORD,SOURCE_DERIVED_ANALYTICAL,https://mstcecommerce.com/auctionhome/coalblock/RenderFileCoalBlock.jsp?file=com-Machhakata-and-Mahanadi.pdf
42,11-02-25,2025,February,Machhakata (Revised),Odisha,Odisha,II MID,0.8,0.8,197.39,741,95,95,18.45,18.45,6.0,6.0,5243,8.2,E-G,E-G,High,CMPDI/MSTC — Machhakata Geological Report — DERIVED ANALYTICAL RECORD,SOURCE_DERIVED_ANALYTICAL,https://mstcecommerce.com/auctionhome/coalblock/RenderFileCoalBlock.jsp?file=com-Machhakata-and-Mahanadi.pdf
43,12-02-25,2025,February,Machhakata (Revised),Odisha,Odisha,II BOT,1.31,1.31,230.84,443,78,78,11.3,11.3,2.5,2.5,5266,5.96,D-G,D-G,High,CMPDI/MSTC — Machhakata Geological Report — DERIVED ANALYTICAL RECORD,SOURCE_DERIVED_ANALYTICAL,https://mstcecommerce.com/auctionhome/coalblock/RenderFileCoalBlock.jsp?file=com-Machhakata-and-Mahanadi.pdf
44,13-02-25,2025,February,Machhakata (Revised),Odisha,Odisha,I A TOP,1.69,1.69,143.16,1075,85,85,17.35,17.35,4.25,4.25,5289,12.22,E-G,E-G,Medium,CMPDI/MSTC — Machhakata Geological Report — DERIVED ANALYTICAL RECORD,SOURCE_DERIVED_ANALYTICAL,https://mstcecommerce.com/auctionhome/coalblock/RenderFileCoalBlock.jsp?file=com-Machhakata-and-Mahanadi.pdf
45,14-02-25,2025,February,Machhakata (Revised),Odisha,Odisha,I A BOT,3.75,3.75,158.78,2766,92,92,10.2,10.2,6.0,6.0,5312,38.42,D-G,D-G,Medium,CMPDI/MSTC — Machhakata Geological Report — DERIVED ANALYTICAL RECORD,SOURCE_DERIVED_ANALYTICAL,https://mstcecommerce.com/auctionhome/coalblock/RenderFileCoalBlock.jsp?file=com-Machhakata-and-Mahanadi.pdf
46,15-02-25,2025,February,Machhakata (Revised),Odisha,Odisha,I B,10.57,10.57,193.83,15423,75,75,16.25,16.25,2.5,2.5,5335,180.18,C-G,C-G,High,CMPDI/MSTC — Machhakata Geological Report — DERIVED ANALYTICAL RECORD,SOURCE_DERIVED_ANALYTICAL,https://mstcecommerce.com/auctionhome/coalblock/RenderFileCoalBlock.jsp?file=com-Machhakata-and-Mahanadi.pdf
47,16-02-25,2025,February,Machhakata (Revised),Odisha,Odisha,I C,4.76,4.76,225.98,652,82,82,9.1,9.1,4.25,4.25,5358,9.37,C-G,C-G,High,CMPDI/MSTC — Machhakata Geological Report — DERIVED ANALYTICAL RECORD,SOURCE_DERIVED_ANALYTICAL,https://mstcecommerce.com/auctionhome/coalblock/RenderFileCoalBlock.jsp?file=com-Machhakata-and-Mahanadi.pdf
48,17-02-25,2025,February,Machhakata (Revised),Odisha,Odisha,I D,1.05,1.05,262.78,4351,89,89,15.15,15.15,6.0,6.0,5381,52.29,B-G,B-G,High,CMPDI/MSTC — Machhakata Geological Report — DERIVED ANALYTICAL RECORD,SOURCE_DERIVED_ANALYTICAL,https://mstcecommerce.com/auctionhome/coalblock/RenderFileCoalBlock.jsp?file=com-Machhakata-and-Mahanadi.pdf
49,18-02-25,2025,February,Machhakata (Revised),Odisha,Odisha,XI,1.9,1.9,31.13,724,72,72,8.0,8.0,2.5,2.5,5404,10.77,E-G,E-G,Low,CMPDI/MSTC — Machhakata Geological Report — DERIVED ANALYTICAL RECORD,SOURCE_DERIVED_ANALYTICAL,https://mstcecommerce.com/auctionhome/coalblock/RenderFileCoalBlock.jsp?file=com-Machhakata-and-Mahanadi.pdf
50,19-02-25,2025,February,Machhakata (Revised),Odisha,Odisha,X,1.47,1.47,55.61,415,79,79,14.05,14.05,4.25,4.25,5427,5.13,E-G,E-G,Medium,CMPDI/MSTC — Machhakata Geological Report — DERIVED ANALYTICAL RECORD,SOURCE_DERIVED_ANALYTICAL,https://mstcecommerce.com/auctionhome/coalblock/RenderFileCoalBlock.jsp?file=com-Machhakata-and-Mahanadi.pdf
51,20-02-25,2025,February,Machhakata (Revised),Odisha,Odisha,IX TOP,2.53,2.53,87.44,1104,86,86,20.1,20.1,6.0,6.0,5450,11.7,E-G,E-G,Medium,CMPDI/MSTC — Machhakata Geological Report — DERIVED ANALYTICAL RECORD,SOURCE_DERIVED_ANALYTICAL,https://mstcecommerce.com/auctionhome/coalblock/RenderFileCoalBlock.jsp?file=com-Machhakata-and-Mahanadi.pdf
52,21-02-25,2025,February,Machhakata (Revised),Odisha,Odisha,IX BOT,4.16,4.16,120.47,5055,93,93,12.95,12.95,2.5,2.5,5473,64.48,E-G,E-G,Medium,CMPDI/MSTC — Machhakata Geological Report — DERIVED ANALYTICAL RECORD,SOURCE_DERIVED_ANALYTICAL,https://mstcecommerce.com/auctionhome/coalblock/RenderFileCoalBlock.jsp?file=com-Machhakata-and-Mahanadi.pdf
53,22-02-25,2025,February,Machhakata (Revised),Odisha,Odisha,VIII,10.7,10.7,109.9,11289,76,76,19.0,19.0,4.25,4.25,5496,122.71,F-G,F-G,High,CMPDI/MSTC — Machhakata Geological Report — DERIVED ANALYTICAL RECORD,SOURCE_DERIVED_ANALYTICAL,https://mstcecommerce.com/auctionhome/coalblock/RenderFileCoalBlock.jsp?file=com-Machhakata-and-Mahanadi.pdf
54,23-02-25,2025,February,Machhakata (Revised),Odisha,Odisha,VII TOP,11.25,11.25,23.82,9123,83,83,11.85,11.85,6.0,6.0,5519,120.04,E-G,E-G,Low,CMPDI/MSTC — Machhakata Geological Report — DERIVED ANALYTICAL RECORD,SOURCE_DERIVED_ANALYTICAL,https://mstcecommerce.com/auctionhome/coalblock/RenderFileCoalBlock.jsp?file=com-Machhakata-and-Mahanadi.pdf
55,24-02-25,2025,February,Machhakata (Revised),Odisha,Odisha,VII BOT,0.18,0.18,49.82,673,90,90,17.9,17.9,2.5,2.5,5542,7.51,E-G,E-G,Medium,CMPDI/MSTC — Machhakata Geological Report — DERIVED ANALYTICAL RECORD,SOURCE_DERIVED_ANALYTICAL,https://mstcecommerce.com/auctionhome/coalblock/RenderFileCoalBlock.jsp?file=com-Machhakata-and-Mahanadi.pdf
56,25-02-25,2025,February,Machhakata (Revised),Odisha,Odisha,VI TOP,1.52,1.52,73.96,5960,73,73,10.75,10.75,4.25,4.25,5565,80.98,E-G,E-G,Medium,CMPDI/MSTC — Machhakata Geological Report — DERIVED ANALYTICAL RECORD,SOURCE_DERIVED_ANALYTICAL,https://mstcecommerce.com/auctionhome/coalblock/RenderFileCoalBlock.jsp?file=com-Machhakata-and-Mahanadi.pdf
57,26-02-25,2025,February,Machhakata (Revised),Odisha,Odisha,VI BOT,3.67,3.67,118.01,6842,80,80,16.8,16.8,6.0,6.0,5588,78.46,E-G,E-G,High,CMPDI/MSTC — Machhakata Geological Report — DERIVED ANALYTICAL RECORD,SOURCE_DERIVED_ANALYTICAL,https://mstcecommerce.com/auctionhome/coalblock/RenderFileCoalBlock.jsp?file=com-Machhakata-and-Mahanadi.pdf
58,27-02-25,2025,February,Machhakata (Revised),Odisha,Odisha,IV/V,2.48,2.48,149.6,4039,87,87,9.65,9.65,2.5,2.5,5611,56.73,D-G,D-G,High,CMPDI/MSTC — Machhakata Geological Report — DERIVED ANALYTICAL RECORD,SOURCE_DERIVED_ANALYTICAL,https://mstcecommerce.com/auctionhome/coalblock/RenderFileCoalBlock.jsp?file=com-Machhakata-and-Mahanadi.pdf
59,28-02-25,2025,February,Machhakata (Revised),Odisha,Odisha,III TOP TOP,8.41,8.41,32.04,13401,94,94,15.7,15.7,4.25,4.25,5634,158.03,E-G,E-G,Low,CMPDI/MSTC — Machhakata Geological Report — DERIVED ANALYTICAL RECORD,SOURCE_DERIVED_ANALYTICAL,https://mstcecommerce.com/auctionhome/coalblock/RenderFileCoalBlock.jsp?file=com-Machhakata-and-Mahanadi.pdf
60,01-03-25,2025,March,Machhakata (Revised),Odisha,Odisha,III MID,8.56,8.56,75.52,14941,77,77,8.55,8.55,6.0,6.0,5657,217.16,D-G,D-G,Low,CMPDI/MSTC — Machhakata Geological Report — DERIVED ANALYTICAL RECORD,SOURCE_DERIVED_ANALYTICAL,https://mstcecommerce.com/auctionhome/coalblock/RenderFileCoalBlock.jsp?file=com-Machhakata-and-Mahanadi.pdf
61,02-03-25,2025,March,Machhakata (Revised),Odisha,Odisha,III BOT TOP,4.74,4.74,109.72,5996,84,84,14.6,14.6,2.5,2.5,5680,72.77,C-G,C-G,Medium,CMPDI/MSTC — Machhakata Geological Report — DERIVED ANALYTICAL RECORD,SOURCE_DERIVED_ANALYTICAL,https://mstcecommerce.com/auctionhome/coalblock/RenderFileCoalBlock.jsp?file=com-Machhakata-and-Mahanadi.pdf
62,03-03-25,2025,March,Machhakata (Revised),Odisha,Odisha,III BOT BOT,5.5,5.5,136.12,716,91,91,20.65,20.65,4.25,4.25,5703,10.79,F-G,F-G,High,CMPDI/MSTC — Machhakata Geological Report — DERIVED ANALYTICAL RECORD,SOURCE_DERIVED_ANALYTICAL,https://mstcecommerce.com/auctionhome/coalblock/RenderFileCoalBlock.jsp?file=com-Machhakata-and-Mahanadi.pdf
63,04-03-25,2025,March,Machhakata (Revised),Odisha,Odisha,LOCAL 1,0.2,0.2,192.95,1526,74,74,13.5,13.5,6.0,6.0,5726,19.07,D-G,D-G,High,CMPDI/MSTC — Machhakata Geological Report — DERIVED ANALYTICAL RECORD,SOURCE_DERIVED_ANALYTICAL,https://mstcecommerce.com/auctionhome/coalblock/RenderFileCoalBlock.jsp?file=com-Machhakata-and-Mahanadi.pdf
64,05-03-25,2025,March,Machhakata (Revised),Odisha,Odisha,LOCAL 2,0.56,0.56,230.71,1367,81,81,19.55,19.55,2.5,2.5,5749,14.61,E-G,E-G,High,CMPDI/MSTC — Machhakata Geological Report — DERIVED ANALYTICAL RECORD,SOURCE_DERIVED_ANALYTICAL,https://mstcecommerce.com/auctionhome/coalblock/RenderFileCoalBlock.jsp?file=com-Machhakata-and-Mahanadi.pdf
65,06-03-25,2025,March,Machhakata (Revised),Odisha,Odisha,II TOP,1.83,1.83,97.55,3342,88,88,12.4,12.4,4.25,4.25,5772,43.07,E-G,E-G,Low,CMPDI/MSTC — Machhakata Geological Report — DERIVED ANALYTICAL RECORD,SOURCE_DERIVED_ANALYTICAL,https://mstcecommerce.com/auctionhome/coalblock/RenderFileCoalBlock.jsp?file=com-Machhakata-and-Mahanadi.pdf
66,07-03-25,2025,March,Machhakata (Revised),Odisha,Odisha,II MID,1.07,1.07,92.44,748,95,95,18.45,18.45,6.0,6.0,5795,8.2,E-G,E-G,Medium,CMPDI/MSTC — Machhakata Geological Report — DERIVED ANALYTICAL RECORD,SOURCE_DERIVED_ANALYTICAL,https://mstcecommerce.com/auctionhome/coalblock/RenderFileCoalBlock.jsp?file=com-Machhakata-and-Mahanadi.pdf
67,08-03-25,2025,March,Machhakata (Revised),Odisha,Odisha,II BOT,1.63,1.63,167.55,448,78,78,11.3,11.3,2.5,2.5,4318,5.96,D-G,D-G,Medium,CMPDI/MSTC — Machhakata Geological Report — DERIVED ANALYTICAL RECORD,SOURCE_DERIVED_ANALYTICAL,https://mstcecommerce.com/auctionhome/coalblock/RenderFileCoalBlock.jsp?file=com-Machhakata-and-Mahanadi.pdf
68,09-03-25,2025,March,Machhakata (Revised),Odisha,Odisha,I A TOP,2.0,2.0,203.61,1085,85,85,17.35,17.35,4.25,4.25,4341,12.22,E-G,E-G,High,CMPDI/MSTC — Machhakata Geological Report — DERIVED ANALYTICAL RECORD,SOURCE_DERIVED_ANALYTICAL,https://mstcecommerce.com/auctionhome/coalblock/RenderFileCoalBlock.jsp?file=com-Machhakata-and-Mahanadi.pdf
69,10-03-25,2025,March,Machhakata (Revised),Odisha,Odisha,I A BOT,4.36,4.36,229.1,2797,92,92,10.2,10.2,6.0,6.0,4364,38.42,D-G,D-G,High,CMPDI/MSTC — Machhakata Geological Report — DERIVED ANALYTICAL RECORD,SOURCE_DERIVED_ANALYTICAL,https://mstcecommerce.com/auctionhome/coalblock/RenderFileCoalBlock.jsp?file=com-Machhakata-and-Mahanadi.pdf
70,11-03-25,2025,March,Machhakata (Revised),Odisha,Odisha,I B,11.83,11.83,138.9,15568,75,75,16.25,16.25,2.5,2.5,4387,180.18,C-G,C-G,Medium,CMPDI/MSTC — Machhakata Geological Report — DERIVED ANALYTICAL RECORD,SOURCE_DERIVED_ANALYTICAL,https://mstcecommerce.com/auctionhome/coalblock/RenderFileCoalBlock.jsp?file=com-Machhakata-and-Mahanadi.pdf
71,12-03-25,2025,March,Machhakata (Revised),Odisha,Odisha,I C,0.57,0.57,170.62,660,82,82,9.1,9.1,4.25,4.25,4410,9.37,C-G,C-G,Medium,CMPDI/MSTC — Machhakata Geological Report — DERIVED ANALYTICAL RECORD,SOURCE_DERIVED_ANALYTICAL,https://mstcecommerce.com/auctionhome/coalblock/RenderFileCoalBlock.jsp?file=com-Machhakata-and-Mahanadi.pdf
72,13-03-25,2025,March,Machhakata (Revised),Odisha,Odisha,I D,2.09,2.09,206.11,4392,89,89,15.15,15.15,6.0,6.0,4433,52.29,B-G,B-G,High,CMPDI/MSTC — Machhakata Geological Report — DERIVED ANALYTICAL RECORD,SOURCE_DERIVED_ANALYTICAL,https://mstcecommerce.com/auctionhome/coalblock/RenderFileCoalBlock.jsp?file=com-Machhakata-and-Mahanadi.pdf
73,14-03-25,2025,March,Machhakata (Revised),Odisha,Odisha,XI,2.75,2.75,100.02,732,72,72,8.0,8.0,2.5,2.5,4456,10.77,E-G,E-G,Medium,CMPDI/MSTC — Machhakata Geological Report — DERIVED ANALYTICAL RECORD,SOURCE_DERIVED_ANALYTICAL,https://mstcecommerce.com/auctionhome/coalblock/RenderFileCoalBlock.jsp?file=com-Machhakata-and-Mahanadi.pdf
74,15-03-25,2025,March,Machhakata (Revised),Odisha,Odisha,X,1.91,1.91,129.86,419,79,79,14.05,14.05,4.25,4.25,4479,5.13,E-G,E-G,High,CMPDI/MSTC — Machhakata Geological Report — DERIVED ANALYTICAL RECORD,SOURCE_DERIVED_ANALYTICAL,https://mstcecommerce.com/auctionhome/coalblock/RenderFileCoalBlock.jsp?file=com-Machhakata-and-Mahanadi.pdf
75,16-03-25,2025,March,Machhakata (Revised),Odisha,Odisha,IX TOP,3.11,3.11,22.81,768,86,86,20.1,20.1,6.0,6.0,4502,11.7,E-G,E-G,Low,CMPDI/MSTC — Machhakata Geological Report — DERIVED ANALYTICAL RECORD,SOURCE_DERIVED_ANALYTICAL,https://mstcecommerce.com/auctionhome/coalblock/RenderFileCoalBlock.jsp?file=com-Machhakata-and-Mahanadi.pdf
76,17-03-25,2025,March,Machhakata (Revised),Odisha,Odisha,IX BOT,4.88,4.88,53.05,5107,93,93,12.95,12.95,2.5,2.5,4525,64.48,E-G,E-G,Low,CMPDI/MSTC — Machhakata Geological Report — DERIVED ANALYTICAL RECORD,SOURCE_DERIVED_ANALYTICAL,https://mstcecommerce.com/auctionhome/coalblock/RenderFileCoalBlock.jsp?file=com-Machhakata-and-Mahanadi.pdf
77,18-03-25,2025,March,Machhakata (Revised),Odisha,Odisha,VIII,12.31,12.31,63.03,11387,76,76,19.0,19.0,4.25,4.25,4548,122.71,F-G,F-G,Medium,CMPDI/MSTC — Machhakata Geological Report — DERIVED ANALYTICAL RECORD,SOURCE_DERIVED_ANALYTICAL,https://mstcecommerce.com/auctionhome/coalblock/RenderFileCoalBlock.jsp?file=com-Machhakata-and-Mahanadi.pdf
78,19-03-25,2025,March,Machhakata (Revised),Odisha,Odisha,VII TOP,0.41,0.41,94.35,9219,83,83,11.85,11.85,6.0,6.0,4571,120.04,E-G,E-G,Medium,CMPDI/MSTC — Machhakata Geological Report — DERIVED ANALYTICAL RECORD,SOURCE_DERIVED_ANALYTICAL,https://mstcecommerce.com/auctionhome/coalblock/RenderFileCoalBlock.jsp?file=com-Machhakata-and-Mahanadi.pdf
79,20-03-25,2025,March,Machhakata (Revised),Odisha,Odisha,VII BOT,0.81,0.81,120.91,679,90,90,17.9,17.9,2.5,2.5,4594,7.51,E-G,E-G,High,CMPDI/MSTC — Machhakata Geological Report — DERIVED ANALYTICAL RECORD,SOURCE_DERIVED_ANALYTICAL,https://mstcecommerce.com/auctionhome/coalblock/RenderFileCoalBlock.jsp?file=com-Machhakata-and-Mahanadi.pdf
80,21-03-25,2025,March,Machhakata (Revised),Odisha,Odisha,VI TOP,2.46,2.46,11.53,6025,73,73,10.75,10.75,4.25,4.25,4617,80.98,E-G,E-G,Low,CMPDI/MSTC — Machhakata Geological Report — DERIVED ANALYTICAL RECORD,SOURCE_DERIVED_ANALYTICAL,https://mstcecommerce.com/auctionhome/coalblock/RenderFileCoalBlock.jsp?file=com-Machhakata-and-Mahanadi.pdf
81,22-03-25,2025,March,Machhakata (Revised),Odisha,Odisha,VI BOT,5.15,5.15,48.96,6904,80,80,16.8,16.8,6.0,6.0,4640,78.46,E-G,E-G,Low,CMPDI/MSTC — Machhakata Geological Report — DERIVED ANALYTICAL RECORD,SOURCE_DERIVED_ANALYTICAL,https://mstcecommerce.com/auctionhome/coalblock/RenderFileCoalBlock.jsp?file=com-Machhakata-and-Mahanadi.pdf
82,23-03-25,2025,March,Machhakata (Revised),Odisha,Odisha,IV/V,3.16,3.16,80.77,4085,87,87,9.65,9.65,2.5,2.5,4663,56.73,D-G,D-G,Medium,CMPDI/MSTC — Machhakata Geological Report — DERIVED ANALYTICAL RECORD,SOURCE_DERIVED_ANALYTICAL,https://mstcecommerce.com/auctionhome/coalblock/RenderFileCoalBlock.jsp?file=com-Machhakata-and-Mahanadi.pdf
83,24-03-25,2025,March,Machhakata (Revised),Odisha,Odisha,III TOP TOP,9.77,9.77,117.16,13527,94,94,15.7,15.7,4.25,4.25,4686,158.03,E-G,E-G,Medium,CMPDI/MSTC — Machhakata Geological Report — DERIVED ANALYTICAL RECORD,SOURCE_DERIVED_ANALYTICAL,https://mstcecommerce.com/auctionhome/coalblock/RenderFileCoalBlock.jsp?file=com-Machhakata-and-Mahanadi.pdf
84,25-03-25,2025,March,Machhakata (Revised),Odisha,Odisha,III MID,9.38,9.38,165.81,15114,77,77,8.55,8.55,6.0,6.0,4709,217.16,D-G,D-G,High,CMPDI/MSTC — Machhakata Geological Report — DERIVED ANALYTICAL RECORD,SOURCE_DERIVED_ANALYTICAL,https://mstcecommerce.com/auctionhome/coalblock/RenderFileCoalBlock.jsp?file=com-Machhakata-and-Mahanadi.pdf
85,26-03-25,2025,March,Machhakata (Revised),Odisha,Odisha,III BOT TOP,5.4,5.4,199.44,6054,84,84,14.6,14.6,2.5,2.5,4732,72.77,C-G,C-G,High,CMPDI/MSTC — Machhakata Geological Report — DERIVED ANALYTICAL RECORD,SOURCE_DERIVED_ANALYTICAL,https://mstcecommerce.com/auctionhome/coalblock/RenderFileCoalBlock.jsp?file=com-Machhakata-and-Mahanadi.pdf
86,27-03-25,2025,March,Machhakata (Revised),Odisha,Odisha,III BOT BOT,0.34,0.34,68.17,725,91,91,20.65,20.65,4.25,4.25,4755,10.79,F-G,F-G,Medium,CMPDI/MSTC — Machhakata Geological Report — DERIVED ANALYTICAL RECORD,SOURCE_DERIVED_ANALYTICAL,https://mstcecommerce.com/auctionhome/coalblock/RenderFileCoalBlock.jsp?file=com-Machhakata-and-Mahanadi.pdf
87,28-03-25,2025,March,Machhakata (Revised),Odisha,Odisha,LOCAL 1,0.51,0.51,112.48,1541,74,74,13.5,13.5,6.0,6.0,4778,19.07,D-G,D-G,Medium,CMPDI/MSTC — Machhakata Geological Report — DERIVED ANALYTICAL RECORD,SOURCE_DERIVED_ANALYTICAL,https://mstcecommerce.com/auctionhome/coalblock/RenderFileCoalBlock.jsp?file=com-Machhakata-and-Mahanadi.pdf
88,29-03-25,2025,March,Machhakata (Revised),Odisha,Odisha,LOCAL 2,0.87,0.87,154.22,1379,81,81,19.55,19.55,2.5,2.5,4801,14.61,E-G,E-G,High,CMPDI/MSTC — Machhakata Geological Report — DERIVED ANALYTICAL RECORD,SOURCE_DERIVED_ANALYTICAL,https://mstcecommerce.com/auctionhome/coalblock/RenderFileCoalBlock.jsp?file=com-Machhakata-and-Mahanadi.pdf
89,30-03-25,2025,March,Machhakata (Revised),Odisha,Odisha,II TOP,2.47,2.47,193.79,3377,88,88,12.4,12.4,4.25,4.25,4824,43.07,E-G,E-G,High,CMPDI/MSTC — Machhakata Geological Report — DERIVED ANALYTICAL RECORD,SOURCE_DERIVED_ANALYTICAL,https://mstcecommerce.com/auctionhome/coalblock/RenderFileCoalBlock.jsp?file=com-Machhakata-and-Mahanadi.pdf
90,31-03-25,2025,March,Machhakata (Revised),Odisha,Odisha,II MID,1.34,1.34,226.01,754,95,95,18.45,18.45,6.0,6.0,4847,8.2,E-G,E-G,High,CMPDI/MSTC — Machhakata Geological Report — DERIVED ANALYTICAL RECORD,SOURCE_DERIVED_ANALYTICAL,https://mstcecommerce.com/auctionhome/coalblock/RenderFileCoalBlock.jsp?file=com-Machhakata-and-Mahanadi.pdf
91,01-04-25,2025,April,Machhakata (Revised),Odisha,Odisha,II BOT,1.95,1.95,104.26,453,78,78,11.3,11.3,2.5,2.5,4870,5.96,D-G,D-G,Medium,CMPDI/MSTC — Machhakata Geological Report — DERIVED ANALYTICAL RECORD,SOURCE_DERIVED_ANALYTICAL,https://mstcecommerce.com/auctionhome/coalblock/RenderFileCoalBlock.jsp?file=com-Machhakata-and-Mahanadi.pdf
92,02-04-25,2025,April,Machhakata (Revised),Odisha,Odisha,I A TOP,2.31,2.31,156.11,1095,85,85,17.35,17.35,4.25,4.25,4893,12.22,E-G,E-G,High,CMPDI/MSTC — Machhakata Geological Report — DERIVED ANALYTICAL RECORD,SOURCE_DERIVED_ANALYTICAL,https://mstcecommerce.com/auctionhome/coalblock/RenderFileCoalBlock.jsp?file=com-Machhakata-and-Mahanadi.pdf
93,03-04-25,2025,April,Machhakata (Revised),Odisha,Odisha,I A BOT,4.97,4.97,173.85,2828,92,92,10.2,10.2,6.0,6.0,4916,38.42,D-G,D-G,Medium,CMPDI/MSTC — Machhakata Geological Report — DERIVED ANALYTICAL RECORD,SOURCE_DERIVED_ANALYTICAL,https://mstcecommerce.com/auctionhome/coalblock/RenderFileCoalBlock.jsp?file=com-Machhakata-and-Mahanadi.pdf
94,04-04-25,2025,April,Machhakata (Revised),Odisha,Odisha,I B,2.55,2.55,208.81,15712,75,75,16.25,16.25,2.5,2.5,4939,180.18,C-G,C-G,High,CMPDI/MSTC — Machhakata Geological Report — DERIVED ANALYTICAL RECORD,SOURCE_DERIVED_ANALYTICAL,https://mstcecommerce.com/auctionhome/coalblock/RenderFileCoalBlock.jsp?file=com-Machhakata-and-Mahanadi.pdf
95,05-04-25,2025,April,Machhakata (Revised),Odisha,Odisha,I C,1.14,1.14,241.08,667,82,82,9.1,9.1,4.25,4.25,4962,9.37,C-G,C-G,High,CMPDI/MSTC — Machhakata Geological Report — DERIVED ANALYTICAL RECORD,SOURCE_DERIVED_ANALYTICAL,https://mstcecommerce.com/auctionhome/coalblock/RenderFileCoalBlock.jsp?file=com-Machhakata-and-Mahanadi.pdf
96,06-04-25,2025,April,Machhakata (Revised),Odisha,Odisha,I D,3.13,3.13,149.44,4434,89,89,15.15,15.15,6.0,6.0,4985,52.29,B-G,B-G,Medium,CMPDI/MSTC — Machhakata Geological Report — DERIVED ANALYTICAL RECORD,SOURCE_DERIVED_ANALYTICAL,https://mstcecommerce.com/auctionhome/coalblock/RenderFileCoalBlock.jsp?file=com-Machhakata-and-Mahanadi.pdf
97,07-04-25,2025,April,Machhakata (Revised),Odisha,Odisha,XI,3.59,3.59,45.89,741,72,72,8.0,8.0,2.5,2.5,5008,10.77,E-G,E-G,Low,CMPDI/MSTC — Machhakata Geological Report — DERIVED ANALYTICAL RECORD,SOURCE_DERIVED_ANALYTICAL,https://mstcecommerce.com/auctionhome/coalblock/RenderFileCoalBlock.jsp?file=com-Machhakata-and-Mahanadi.pdf
98,08-04-25,2025,April,Machhakata (Revised),Odisha,Odisha,X,2.35,2.35,71.52,423,79,79,14.05,14.05,4.25,4.25,5031,5.13,E-G,E-G,Medium,CMPDI/MSTC — Machhakata Geological Report — DERIVED ANALYTICAL RECORD,SOURCE_DERIVED_ANALYTICAL,https://mstcecommerce.com/auctionhome/coalblock/RenderFileCoalBlock.jsp?file=com-Machhakata-and-Mahanadi.pdf
99,09-04-25,2025,April,Machhakata (Revised),Odisha,Odisha,IX TOP,3.7,3.7,105.06,777,86,86,20.1,20.1,6.0,6.0,5054,11.7,E-G,E-G,High,CMPDI/MSTC — Machhakata Geological Report — DERIVED ANALYTICAL RECORD,SOURCE_DERIVED_ANALYTICAL,https://mstcecommerce.com/auctionhome/coalblock/RenderFileCoalBlock.jsp?file=com-Machhakata-and-Mahanadi.pdf
100,10-04-25,2025,April,Machhakata (Revised),Odisha,Odisha,IX BOT,5.59,5.59,138.86,5158,93,93,12.95,12.95,2.5,2.5,5077,64.48,E-G,E-G,High,CMPDI/MSTC — Machhakata Geological Report — DERIVED ANALYTICAL RECORD,SOURCE_DERIVED_ANALYTICAL,https://mstcecommerce.com/auctionhome/coalblock/RenderFileCoalBlock.jsp?file=com-Machhakata-and-Mahanadi.pdf
101,11-04-25,2025,April,Machhakata (Revised),Odisha,Odisha,VIII,0.49,0.49,16.16,11486,76,76,19.0,19.0,4.25,4.25,5100,122.71,F-G,F-G,Low,CMPDI/MSTC — Machhakata Geological Report — DERIVED ANALYTICAL RECORD,SOURCE_DERIVED_ANALYTICAL,https://mstcecommerce.com/auctionhome/coalblock/RenderFileCoalBlock.jsp?file=com-Machhakata-and-Mahanadi.pdf
102,12-04-25,2025,April,Machhakata (Revised),Odisha,Odisha,VII TOP,1.89,1.89,38.93,9315,83,83,11.85,11.85,6.0,6.0,5123,120.04,E-G,E-G,Low,CMPDI/MSTC — Machhakata Geological Report — DERIVED ANALYTICAL RECORD,SOURCE_DERIVED_ANALYTICAL,https://mstcecommerce.com/auctionhome/coalblock/RenderFileCoalBlock.jsp?file=com-Machhakata-and-Mahanadi.pdf
103,13-04-25,2025,April,Machhakata (Revised),Odisha,Odisha,VII BOT,1.45,1.45,65.05,685,90,90,17.9,17.9,2.5,2.5,5146,7.51,E-G,E-G,Medium,CMPDI/MSTC — Machhakata Geological Report — DERIVED ANALYTICAL RECORD,SOURCE_DERIVED_ANALYTICAL,https://mstcecommerce.com/auctionhome/coalblock/RenderFileCoalBlock.jsp?file=com-Machhakata-and-Mahanadi.pdf
104,14-04-25,2025,April,Machhakata (Revised),Odisha,Odisha,VI TOP,3.41,3.41,90.99,6090,73,73,10.75,10.75,4.25,4.25,5169,80.98,E-G,E-G,Medium,CMPDI/MSTC — Machhakata Geological Report — DERIVED ANALYTICAL RECORD,SOURCE_DERIVED_ANALYTICAL,https://mstcecommerce.com/auctionhome/coalblock/RenderFileCoalBlock.jsp?file=com-Machhakata-and-Mahanadi.pdf
105,15-04-25,2025,April,Machhakata (Revised),Odisha,Odisha,VI BOT,6.64,6.64,136.84,6967,80,80,16.8,16.8,6.0,6.0,5192,78.46,E-G,E-G,High,CMPDI/MSTC — Machhakata Geological Report — DERIVED ANALYTICAL RECORD,SOURCE_DERIVED_ANALYTICAL,https://mstcecommerce.com/auctionhome/coalblock/RenderFileCoalBlock.jsp?file=com-Machhakata-and-Mahanadi.pdf
106,16-04-25,2025,April,Machhakata (Revised),Odisha,Odisha,IV/V,3.85,3.85,168.38,4130,87,87,9.65,9.65,2.5,2.5,5215,56.73,D-G,D-G,High,CMPDI/MSTC — Machhakata Geological Report — DERIVED ANALYTICAL RECORD,SOURCE_DERIVED_ANALYTICAL,https://mstcecommerce.com/auctionhome/coalblock/RenderFileCoalBlock.jsp?file=com-Machhakata-and-Mahanadi.pdf
107,17-04-25,2025,April,Machhakata (Revised),Odisha,Odisha,III TOP TOP,11.14,11.14,50.28,13654,94,94,15.7,15.7,4.25,4.25,5238,158.03,E-G,E-G,Low,CMPDI/MSTC — Machhakata Geological Report — DERIVED ANALYTICAL RECORD,SOURCE_DERIVED_ANALYTICAL,https://mstcecommerce.com/auctionhome/coalblock/RenderFileCoalBlock.jsp?file=com-Machhakata-and-Mahanadi.pdf
108,18-04-25,2025,April,Machhakata (Revised),Odisha,Odisha,III MID,10.2,10.2,94.87,15288,77,77,8.55,8.55,6.0,6.0,5261,217.16,D-G,D-G,Medium,CMPDI/MSTC — Machhakata Geological Report — DERIVED ANALYTICAL RECORD,SOURCE_DERIVED_ANALYTICAL,https://mstcecommerce.com/auctionhome/coalblock/RenderFileCoalBlock.jsp?file=com-Machhakata-and-Mahanadi.pdf
109,19-04-25,2025,April,Machhakata (Revised),Odisha,Odisha,III BOT TOP,0.58,0.58,128.94,6113,84,84,14.6,14.6,2.5,2.5,5284,72.77,C-G,C-G,Medium,CMPDI/MSTC — Machhakata Geological Report — DERIVED ANALYTICAL RECORD,SOURCE_DERIVED_ANALYTICAL,https://mstcecommerce.com/auctionhome/coalblock/RenderFileCoalBlock.jsp?file=com-Machhakata-and-Mahanadi.pdf
110,20-04-25,2025,April,Machhakata (Revised),Odisha,Odisha,III BOT BOT,1.05,1.05,154.65,734,91,91,20.65,20.65,4.25,4.25,5307,10.79,F-G,F-G,High,CMPDI/MSTC — Machhakata Geological Report — DERIVED ANALYTICAL RECORD,SOURCE_DERIVED_ANALYTICAL,https://mstcecommerce.com/auctionhome/coalblock/RenderFileCoalBlock.jsp?file=com-Machhakata-and-Mahanadi.pdf
111,21-04-25,2025,April,Machhakata (Revised),Odisha,Odisha,LOCAL 1,0.82,0.82,214.9,1556,74,74,13.5,13.5,6.0,6.0,5330,19.07,D-G,D-G,High,CMPDI/MSTC — Machhakata Geological Report — DERIVED ANALYTICAL RECORD,SOURCE_DERIVED_ANALYTICAL,https://mstcecommerce.com/auctionhome/coalblock/RenderFileCoalBlock.jsp?file=com-Machhakata-and-Mahanadi.pdf
112,22-04-25,2025,April,Machhakata (Revised),Odisha,Odisha,LOCAL 2,1.17,1.17,77.74,958,81,81,19.55,19.55,2.5,2.5,5353,14.61,E-G,E-G,Medium,CMPDI/MSTC — Machhakata Geological Report — DERIVED ANALYTICAL RECORD,SOURCE_DERIVED_ANALYTICAL,https://mstcecommerce.com/auctionhome/coalblock/RenderFileCoalBlock.jsp?file=com-Machhakata-and-Mahanadi.pdf
113,23-04-25,2025,April,Machhakata (Revised),Odisha,Odisha,II TOP,3.12,3.12,118.17,3411,88,88,12.4,12.4,4.25,4.25,5376,43.07,E-G,E-G,Medium,CMPDI/MSTC — Machhakata Geological Report — DERIVED ANALYTICAL RECORD,SOURCE_DERIVED_ANALYTICAL,https://mstcecommerce.com/auctionhome/coalblock/RenderFileCoalBlock.jsp?file=com-Machhakata-and-Mahanadi.pdf
114,24-04-25,2025,April,Machhakata (Revised),Odisha,Odisha,II MID,1.61,1.61,121.06,761,95,95,18.45,18.45,6.0,6.0,5399,8.2,E-G,E-G,Medium,CMPDI/MSTC — Machhakata Geological Report — DERIVED ANALYTICAL RECORD,SOURCE_DERIVED_ANALYTICAL,https://mstcecommerce.com/auctionhome/coalblock/RenderFileCoalBlock.jsp?file=com-Machhakata-and-Mahanadi.pdf
115,25-04-25,2025,April,Machhakata (Revised),Odisha,Odisha,II BOT,2.28,2.28,184.81,458,78,78,11.3,11.3,2.5,2.5,5422,5.96,D-G,D-G,High,CMPDI/MSTC — Machhakata Geological Report — DERIVED ANALYTICAL RECORD,SOURCE_DERIVED_ANALYTICAL,https://mstcecommerce.com/auctionhome/coalblock/RenderFileCoalBlock.jsp?file=com-Machhakata-and-Mahanadi.pdf
116,26-04-25,2025,April,Machhakata (Revised),Odisha,Odisha,I A TOP,2.61,2.61,216.56,1105,85,85,17.35,17.35,4.25,4.25,5445,12.22,E-G,E-G,High,CMPDI/MSTC — Machhakata Geological Report — DERIVED ANALYTICAL RECORD,SOURCE_DERIVED_ANALYTICAL,https://mstcecommerce.com/auctionhome/coalblock/RenderFileCoalBlock.jsp?file=com-Machhakata-and-Mahanadi.pdf
117,27-04-25,2025,April,Machhakata (Revised),Odisha,Odisha,I A BOT,0.51,0.51,118.59,2858,92,92,10.2,10.2,6.0,6.0,5468,38.42,D-G,D-G,Medium,CMPDI/MSTC — Machhakata Geological Report — DERIVED ANALYTICAL RECORD,SOURCE_DERIVED_ANALYTICAL,https://mstcecommerce.com/auctionhome/coalblock/RenderFileCoalBlock.jsp?file=com-Machhakata-and-Mahanadi.pdf
118,28-04-25,2025,April,Machhakata (Revised),Odisha,Odisha,I B,3.82,3.82,153.88,15856,75,75,16.25,16.25,2.5,2.5,5491,180.18,C-G,C-G,Medium,CMPDI/MSTC — Machhakata Geological Report — DERIVED ANALYTICAL RECORD,SOURCE_DERIVED_ANALYTICAL,https://mstcecommerce.com/auctionhome/coalblock/RenderFileCoalBlock.jsp?file=com-Machhakata-and-Mahanadi.pdf
119,29-04-25,2025,April,Machhakata (Revised),Odisha,Odisha,I C,1.71,1.71,185.72,675,82,82,9.1,9.1,4.25,4.25,5514,9.37,C-G,C-G,Medium,CMPDI/MSTC — Machhakata Geological Report — DERIVED ANALYTICAL RECORD,SOURCE_DERIVED_ANALYTICAL,https://mstcecommerce.com/auctionhome/coalblock/RenderFileCoalBlock.jsp?file=com-Machhakata-and-Mahanadi.pdf
120,30-04-25,2025,April,Machhakata (Revised),Odisha,Odisha,I D,4.17,4.17,221.57,4476,89,89,15.15,15.15,6.0,6.0,5537,52.29,B-G,B-G,High,CMPDI/MSTC — Machhakata Geological Report — DERIVED ANALYTICAL RECORD,SOURCE_DERIVED_ANALYTICAL,https://mstcecommerce.com/auctionhome/coalblock/RenderFileCoalBlock.jsp?file=com-Machhakata-and-Mahanadi.pdf
121,01-05-25,2025,May,Machhakata (Revised),Odisha,Odisha,XI,4.44,4.44,114.78,750,72,72,8.0,8.0,2.5,2.5,5560,10.77,E-G,E-G,High,CMPDI/MSTC — Machhakata Geological Report — DERIVED ANALYTICAL RECORD,SOURCE_DERIVED_ANALYTICAL,https://mstcecommerce.com/auctionhome/coalblock/RenderFileCoalBlock.jsp?file=com-Machhakata-and-Mahanadi.pdf
122,02-05-25,2025,May,Machhakata (Revised),Odisha,Odisha,X,2.78,2.78,145.77,427,79,79,14.05,14.05,4.25,4.25,5583,5.13,E-G,E-G,High,CMPDI/MSTC — Machhakata Geological Report — DERIVED ANALYTICAL RECORD,SOURCE_DERIVED_ANALYTICAL,https://mstcecommerce.com/auctionhome/coalblock/RenderFileCoalBlock.jsp?file=com-Machhakata-and-Mahanadi.pdf
123,03-05-25,2025,May,Machhakata (Revised),Odisha,Odisha,IX TOP,4.28,4.28,40.44,786,86,86,20.1,20.1,6.0,6.0,5606,11.7,E-G,E-G,Low,CMPDI/MSTC — Machhakata Geological Report — DERIVED ANALYTICAL RECORD,SOURCE_DERIVED_ANALYTICAL,https://mstcecommerce.com/auctionhome/coalblock/RenderFileCoalBlock.jsp?file=com-Machhakata-and-Mahanadi.pdf
124,04-05-25,2025,May,Machhakata (Revised),Odisha,Odisha,IX BOT,6.31,6.31,71.44,5210,93,93,12.95,12.95,2.5,2.5,5629,64.48,E-G,E-G,Low,CMPDI/MSTC — Machhakata Geological Report — DERIVED ANALYTICAL RECORD,SOURCE_DERIVED_ANALYTICAL,https://mstcecommerce.com/auctionhome/coalblock/RenderFileCoalBlock.jsp?file=com-Machhakata-and-Mahanadi.pdf
125,05-05-25,2025,May,Machhakata (Revised),Odisha,Odisha,VIII,2.1,2.1,75.81,11584,76,76,19.0,19.0,4.25,4.25,5652,122.71,F-G,F-G,High,CMPDI/MSTC — Machhakata Geological Report — DERIVED ANALYTICAL RECORD,SOURCE_DERIVED_ANALYTICAL,https://mstcecommerce.com/auctionhome/coalblock/RenderFileCoalBlock.jsp?file=com-Machhakata-and-Mahanadi.pdf
126,06-05-25,2025,May,Machhakata (Revised),Odisha,Odisha,VII TOP,3.37,3.37,109.46,9411,83,83,11.85,11.85,6.0,6.0,5675,120.04,E-G,E-G,High,CMPDI/MSTC — Machhakata Geological Report — DERIVED ANALYTICAL RECORD,SOURCE_DERIVED_ANALYTICAL,https://mstcecommerce.com/auctionhome/coalblock/RenderFileCoalBlock.jsp?file=com-Machhakata-and-Mahanadi.pdf
127,07-05-25,2025,May,Machhakata (Revised),Odisha,Odisha,VII BOT,2.08,2.08,136.14,691,90,90,17.9,17.9,2.5,2.5,5698,7.51,E-G,E-G,High,CMPDI/MSTC — Machhakata Geological Report — DERIVED ANALYTICAL RECORD,SOURCE_DERIVED_ANALYTICAL,https://mstcecommerce.com/auctionhome/coalblock/RenderFileCoalBlock.jsp?file=com-Machhakata-and-Mahanadi.pdf
128,08-05-25,2025,May,Machhakata (Revised),Odisha,Odisha,VI TOP,4.35,4.35,28.56,6154,73,73,10.75,10.75,4.25,4.25,5721,80.98,E-G,E-G,Low,CMPDI/MSTC — Machhakata Geological Report — DERIVED ANALYTICAL RECORD,SOURCE_DERIVED_ANALYTICAL,https://mstcecommerce.com/auctionhome/coalblock/RenderFileCoalBlock.jsp?file=com-Machhakata-and-Mahanadi.pdf
129,09-05-25,2025,May,Machhakata (Revised),Odisha,Odisha,VI BOT,8.12,8.12,67.79,7030,80,80,16.8,16.8,6.0,6.0,5744,78.46,E-G,E-G,Medium,CMPDI/MSTC — Machhakata Geological Report — DERIVED ANALYTICAL RECORD,SOURCE_DERIVED_ANALYTICAL,https://mstcecommerce.com/auctionhome/coalblock/RenderFileCoalBlock.jsp?file=com-Machhakata-and-Mahanadi.pdf
130,10-05-25,2025,May,Machhakata (Revised),Odisha,Odisha,IV/V,4.53,4.53,99.54,4175,87,87,9.65,9.65,2.5,2.5,5767,56.73,D-G,D-G,Medium,CMPDI/MSTC — Machhakata Geological Report — DERIVED ANALYTICAL RECORD,SOURCE_DERIVED_ANALYTICAL,https://mstcecommerce.com/auctionhome/coalblock/RenderFileCoalBlock.jsp?file=com-Machhakata-and-Mahanadi.pdf
131,11-05-25,2025,May,Machhakata (Revised),Odisha,Odisha,III TOP TOP,12.51,12.51,135.4,13780,94,94,15.7,15.7,4.25,4.25,5790,158.03,E-G,E-G,High,CMPDI/MSTC — Machhakata Geological Report — DERIVED ANALYTICAL RECORD,SOURCE_DERIVED_ANALYTICAL,https://mstcecommerce.com/auctionhome/coalblock/RenderFileCoalBlock.jsp?file=com-Machhakata-and-Mahanadi.pdf
132,12-05-25,2025,May,Machhakata (Revised),Odisha,Odisha,III MID,4.19,4.19,185.16,15462,77,77,8.55,8.55,6.0,6.0,4313,217.16,D-G,D-G,High,CMPDI/MSTC — Machhakata Geological Report — DERIVED ANALYTICAL RECORD,SOURCE_DERIVED_ANALYTICAL,https://mstcecommerce.com/auctionhome/coalblock/RenderFileCoalBlock.jsp?file=com-Machhakata-and-Mahanadi.pdf
133,13-05-25,2025,May,Machhakata (Revised),Odisha,Odisha,III BOT TOP,1.24,1.24,58.45,6171,84,84,14.6,14.6,2.5,2.5,4336,72.77,C-G,C-G,Low,CMPDI/MSTC — Machhakata Geological Report — DERIVED ANALYTICAL RECORD,SOURCE_DERIVED_ANALYTICAL,https://mstcecommerce.com/auctionhome/coalblock/RenderFileCoalBlock.jsp?file=com-Machhakata-and-Mahanadi.pdf
134,14-05-25,2025,May,Machhakata (Revised),Odisha,Odisha,III BOT BOT,1.75,1.75,86.7,742,91,91,20.65,20.65,4.25,4.25,4359,10.79,F-G,F-G,Medium,CMPDI/MSTC — Machhakata Geological Report — DERIVED ANALYTICAL RECORD,SOURCE_DERIVED_ANALYTICAL,https://mstcecommerce.com/auctionhome/coalblock/RenderFileCoalBlock.jsp?file=com-Machhakata-and-Mahanadi.pdf
135,15-05-25,2025,May,Machhakata (Revised),Odisha,Odisha,LOCAL 1,1.13,1.13,134.43,1571,74,74,13.5,13.5,6.0,6.0,4382,19.07,D-G,D-G,Medium,CMPDI/MSTC — Machhakata Geological Report — DERIVED ANALYTICAL RECORD,SOURCE_DERIVED_ANALYTICAL,https://mstcecommerce.com/auctionhome/coalblock/RenderFileCoalBlock.jsp?file=com-Machhakata-and-Mahanadi.pdf
136,16-05-25,2025,May,Machhakata (Revised),Odisha,Odisha,LOCAL 2,1.48,1.48,175.08,970,81,81,19.55,19.55,2.5,2.5,4405,14.61,E-G,E-G,High,CMPDI/MSTC — Machhakata Geological Report — DERIVED ANALYTICAL RECORD,SOURCE_DERIVED_ANALYTICAL,https://mstcecommerce.com/auctionhome/coalblock/RenderFileCoalBlock.jsp?file=com-Machhakata-and-Mahanadi.pdf
137,17-05-25,2025,May,Machhakata (Revised),Odisha,Odisha,II TOP,3.76,3.76,214.41,3446,88,88,12.4,12.4,4.25,4.25,4428,43.07,E-G,E-G,High,CMPDI/MSTC — Machhakata Geological Report — DERIVED ANALYTICAL RECORD,SOURCE_DERIVED_ANALYTICAL,https://mstcecommerce.com/auctionhome/coalblock/RenderFileCoalBlock.jsp?file=com-Machhakata-and-Mahanadi.pdf
138,18-05-25,2025,May,Machhakata (Revised),Odisha,Odisha,II MID,1.88,1.88,16.11,768,95,95,18.45,18.45,6.0,6.0,4451,8.2,E-G,E-G,Low,CMPDI/MSTC — Machhakata Geological Report — DERIVED ANALYTICAL RECORD,SOURCE_DERIVED_ANALYTICAL,https://mstcecommerce.com/auctionhome/coalblock/RenderFileCoalBlock.jsp?file=com-Machhakata-and-Mahanadi.pdf
139,19-05-25,2025,May,Machhakata (Revised),Odisha,Odisha,II BOT,2.6,2.6,121.52,462,78,78,11.3,11.3,2.5,2.5,4474,5.96,D-G,D-G,Medium,CMPDI/MSTC — Machhakata Geological Report — DERIVED ANALYTICAL RECORD,SOURCE_DERIVED_ANALYTICAL,https://mstcecommerce.com/auctionhome/coalblock/RenderFileCoalBlock.jsp?file=com-Machhakata-and-Mahanadi.pdf
140,20-05-25,2025,May,Machhakata (Revised),Odisha,Odisha,I A TOP,0.37,0.37,169.07,1114,85,85,17.35,17.35,4.25,4.25,4497,12.22,E-G,E-G,High,CMPDI/MSTC — Machhakata Geological Report — DERIVED ANALYTICAL RECORD,SOURCE_DERIVED_ANALYTICAL,https://mstcecommerce.com/auctionhome/coalblock/RenderFileCoalBlock.jsp?file=com-Machhakata-and-Mahanadi.pdf
141,21-05-25,2025,May,Machhakata (Revised),Odisha,Odisha,I A BOT,1.11,1.11,188.92,2889,92,92,10.2,10.2,6.0,6.0,4520,38.42,D-G,D-G,Medium,CMPDI/MSTC — Machhakata Geological Report — DERIVED ANALYTICAL RECORD,SOURCE_DERIVED_ANALYTICAL,https://mstcecommerce.com/auctionhome/coalblock/RenderFileCoalBlock.jsp?file=com-Machhakata-and-Mahanadi.pdf
142,22-05-25,2025,May,Machhakata (Revised),Odisha,Odisha,I B,5.08,5.08,223.79,16000,75,75,16.25,16.25,2.5,2.5,4543,180.18,C-G,C-G,High,CMPDI/MSTC — Machhakata Geological Report — DERIVED ANALYTICAL RECORD,SOURCE_DERIVED_ANALYTICAL,https://mstcecommerce.com/auctionhome/coalblock/RenderFileCoalBlock.jsp?file=com-Machhakata-and-Mahanadi.pdf
143,23-05-25,2025,May,Machhakata (Revised),Odisha,Odisha,I C,2.28,2.28,256.18,682,82,82,9.1,9.1,4.25,4.25,4566,9.37,C-G,C-G,High,CMPDI/MSTC — Machhakata Geological Report — DERIVED ANALYTICAL RECORD,SOURCE_DERIVED_ANALYTICAL,https://mstcecommerce.com/auctionhome/coalblock/RenderFileCoalBlock.jsp?file=com-Machhakata-and-Mahanadi.pdf
144,24-05-25,2025,May,Machhakata (Revised),Odisha,Odisha,I D,5.22,5.22,164.9,4518,89,89,15.15,15.15,6.0,6.0,4589,52.29,B-G,B-G,Medium,CMPDI/MSTC — Machhakata Geological Report — DERIVED ANALYTICAL RECORD,SOURCE_DERIVED_ANALYTICAL,https://mstcecommerce.com/auctionhome/coalblock/RenderFileCoalBlock.jsp?file=com-Machhakata-and-Mahanadi.pdf
145,25-05-25,2025,May,Machhakata (Revised),Odisha,Odisha,XI,5.29,5.29,60.65,758,72,72,8.0,8.0,2.5,2.5,4612,10.77,E-G,E-G,Medium,CMPDI/MSTC — Machhakata Geological Report — DERIVED ANALYTICAL RECORD,SOURCE_DERIVED_ANALYTICAL,https://mstcecommerce.com/auctionhome/coalblock/RenderFileCoalBlock.jsp?file=com-Machhakata-and-Mahanadi.pdf
146,26-05-25,2025,May,Machhakata (Revised),Odisha,Odisha,X,3.22,3.22,87.43,431,79,79,14.05,14.05,4.25,4.25,4635,5.13,E-G,E-G,Medium,CMPDI/MSTC — Machhakata Geological Report — DERIVED ANALYTICAL RECORD,SOURCE_DERIVED_ANALYTICAL,https://mstcecommerce.com/auctionhome/coalblock/RenderFileCoalBlock.jsp?file=com-Machhakata-and-Mahanadi.pdf
147,27-05-25,2025,May,Machhakata (Revised),Odisha,Odisha,IX TOP,4.86,4.86,122.68,796,86,86,20.1,20.1,6.0,6.0,4658,11.7,E-G,E-G,High,CMPDI/MSTC — Machhakata Geological Report — DERIVED ANALYTICAL RECORD,SOURCE_DERIVED_ANALYTICAL,https://mstcecommerce.com/auctionhome/coalblock/RenderFileCoalBlock.jsp?file=com-Machhakata-and-Mahanadi.pdf
148,28-05-25,2025,May,Machhakata (Revised),Odisha,Odisha,IX BOT,1.06,1.06,157.24,5262,93,93,12.95,12.95,2.5,2.5,4681,64.48,E-G,E-G,High,CMPDI/MSTC — Machhakata Geological Report — DERIVED ANALYTICAL RECORD,SOURCE_DERIVED_ANALYTICAL,https://mstcecommerce.com/auctionhome/coalblock/RenderFileCoalBlock.jsp?file=com-Machhakata-and-Mahanadi.pdf
149,29-05-25,2025,May,Machhakata (Revised),Odisha,Odisha,VIII,3.71,3.71,28.94,8050,76,76,19.0,19.0,4.25,4.25,4704,122.71,F-G,F-G,Low,CMPDI/MSTC — Machhakata Geological Report — DERIVED ANALYTICAL RECORD,SOURCE_DERIVED_ANALYTICAL,https://mstcecommerce.com/auctionhome/coalblock/RenderFileCoalBlock.jsp?file=com-Machhakata-and-Mahanadi.pdf
150,30-05-25,2025,May,Machhakata (Revised),Odisha,Odisha,VII TOP,4.84,4.84,54.04,9507,83,83,11.85,11.85,6.0,6.0,4727,120.04,E-G,E-G,Low,CMPDI/MSTC — Machhakata Geological Report — DERIVED ANALYTICAL RECORD,SOURCE_DERIVED_ANALYTICAL,https://mstcecommerce.com/auctionhome/coalblock/RenderFileCoalBlock.jsp?file=com-Machhakata-and-Mahanadi.pdf
151,31-05-25,2025,May,Machhakata (Revised),Odisha,Odisha,VII BOT,2.72,2.72,80.28,697,90,90,17.9,17.9,2.5,2.5,4750,7.51,E-G,E-G,Medium,CMPDI/MSTC — Machhakata Geological Report — DERIVED ANALYTICAL RECORD,SOURCE_DERIVED_ANALYTICAL,https://mstcecommerce.com/auctionhome/coalblock/RenderFileCoalBlock.jsp?file=com-Machhakata-and-Mahanadi.pdf
152,01-06-25,2025,June,Machhakata (Revised),Odisha,Odisha,VI TOP,5.3,5.3,108.01,6219,73,73,10.75,10.75,4.25,4.25,4773,80.98,E-G,E-G,High,CMPDI/MSTC — Machhakata Geological Report — DERIVED ANALYTICAL RECORD,SOURCE_DERIVED_ANALYTICAL,https://mstcecommerce.com/auctionhome/coalblock/RenderFileCoalBlock.jsp?file=com-Machhakata-and-Mahanadi.pdf
153,02-06-25,2025,June,Machhakata (Revised),Odisha,Odisha,VI BOT,9.61,9.61,155.68,7093,80,80,16.8,16.8,6.0,6.0,4796,78.46,E-G,E-G,High,CMPDI/MSTC — Machhakata Geological Report — DERIVED ANALYTICAL RECORD,SOURCE_DERIVED_ANALYTICAL,https://mstcecommerce.com/auctionhome/coalblock/RenderFileCoalBlock.jsp?file=com-Machhakata-and-Mahanadi.pdf
154,03-06-25,2025,June,Machhakata (Revised),Odisha,Odisha,IV/V,5.22,5.22,30.7,4221,87,87,9.65,9.65,2.5,2.5,4819,56.73,D-G,D-G,Low,CMPDI/MSTC — Machhakata Geological Report — DERIVED ANALYTICAL RECORD,SOURCE_DERIVED_ANALYTICAL,https://mstcecommerce.com/auctionhome/coalblock/RenderFileCoalBlock.jsp?file=com-Machhakata-and-Mahanadi.pdf
155,04-06-25,2025,June,Machhakata (Revised),Odisha,Odisha,III TOP TOP,2.48,2.48,68.52,13907,94,94,15.7,15.7,4.25,4.25,4842,158.03,E-G,E-G,Low,CMPDI/MSTC — Machhakata Geological Report — DERIVED ANALYTICAL RECORD,SOURCE_DERIVED_ANALYTICAL,https://mstcecommerce.com/auctionhome/coalblock/RenderFileCoalBlock.jsp?file=com-Machhakata-and-Mahanadi.pdf
156,05-06-25,2025,June,Machhakata (Revised),Odisha,Odisha,III MID,5.01,5.01,114.22,15636,77,77,8.55,8.55,6.0,6.0,4865,217.16,D-G,D-G,Medium,CMPDI/MSTC — Machhakata Geological Report — DERIVED ANALYTICAL RECORD,SOURCE_DERIVED_ANALYTICAL,https://mstcecommerce.com/auctionhome/coalblock/RenderFileCoalBlock.jsp?file=com-Machhakata-and-Mahanadi.pdf
157,06-06-25,2025,June,Machhakata (Revised),Odisha,Odisha,III BOT TOP,1.89,1.89,148.17,6229,84,84,14.6,14.6,2.5,2.5,4888,72.77,C-G,C-G,High,CMPDI/MSTC — Machhakata Geological Report — DERIVED ANALYTICAL RECORD,SOURCE_DERIVED_ANALYTICAL,https://mstcecommerce.com/auctionhome/coalblock/RenderFileCoalBlock.jsp?file=com-Machhakata-and-Mahanadi.pdf
158,07-06-25,2025,June,Machhakata (Revised),Odisha,Odisha,III BOT BOT,2.45,2.45,173.19,751,91,91,20.65,20.65,4.25,4.25,4911,10.79,F-G,F-G,High,CMPDI/MSTC — Machhakata Geological Report — DERIVED ANALYTICAL RECORD,SOURCE_DERIVED_ANALYTICAL,https://mstcecommerce.com/auctionhome/coalblock/RenderFileCoalBlock.jsp?file=com-Machhakata-and-Mahanadi.pdf
159,08-06-25,2025,June,Machhakata (Revised),Odisha,Odisha,LOCAL 1,1.44,1.44,53.96,1587,74,74,13.5,13.5,6.0,6.0,4934,19.07,D-G,D-G,Low,CMPDI/MSTC — Machhakata Geological Report — DERIVED ANALYTICAL RECORD,SOURCE_DERIVED_ANALYTICAL,https://mstcecommerce.com/auctionhome/coalblock/RenderFileCoalBlock.jsp?file=com-Machhakata-and-Mahanadi.pdf
160,09-06-25,2025,June,Machhakata (Revised),Odisha,Odisha,LOCAL 2,1.78,1.78,98.6,982,81,81,19.55,19.55,2.5,2.5,4957,14.61,E-G,E-G,Medium,CMPDI/MSTC — Machhakata Geological Report — DERIVED ANALYTICAL RECORD,SOURCE_DERIVED_ANALYTICAL,https://mstcecommerce.com/auctionhome/coalblock/RenderFileCoalBlock.jsp?file=com-Machhakata-and-Mahanadi.pdf
161,10-06-25,2025,June,Machhakata (Revised),Odisha,Odisha,II TOP,4.4,4.4,138.79,3480,88,88,12.4,12.4,4.25,4.25,4980,43.07,E-G,E-G,Medium,CMPDI/MSTC — Machhakata Geological Report — DERIVED ANALYTICAL RECORD,SOURCE_DERIVED_ANALYTICAL,https://mstcecommerce.com/auctionhome/coalblock/RenderFileCoalBlock.jsp?file=com-Machhakata-and-Mahanadi.pdf
162,11-06-25,2025,June,Machhakata (Revised),Odisha,Odisha,II MID,2.15,2.15,149.68,774,95,95,18.45,18.45,6.0,6.0,5003,8.2,E-G,E-G,Medium,CMPDI/MSTC — Machhakata Geological Report — DERIVED ANALYTICAL RECORD,SOURCE_DERIVED_ANALYTICAL,https://mstcecommerce.com/auctionhome/coalblock/RenderFileCoalBlock.jsp?file=com-Machhakata-and-Mahanadi.pdf
163,12-06-25,2025,June,Machhakata (Revised),Odisha,Odisha,II BOT,0.23,0.23,202.08,467,78,78,11.3,11.3,2.5,2.5,5026,5.96,D-G,D-G,High,CMPDI/MSTC — Machhakata Geological Report — DERIVED ANALYTICAL RECORD,SOURCE_DERIVED_ANALYTICAL,https://mstcecommerce.com/auctionhome/coalblock/RenderFileCoalBlock.jsp?file=com-Machhakata-and-Mahanadi.pdf
164,13-06-25,2025,June,Machhakata (Revised),Odisha,Odisha,I A TOP,0.67,0.67,229.51,1124,85,85,17.35,17.35,4.25,4.25,5049,12.22,E-G,E-G,High,CMPDI/MSTC — Machhakata Geological Report — DERIVED ANALYTICAL RECORD,SOURCE_DERIVED_ANALYTICAL,https://mstcecommerce.com/auctionhome/coalblock/RenderFileCoalBlock.jsp?file=com-Machhakata-and-Mahanadi.pdf
165,14-06-25,2025,June,Machhakata (Revised),Odisha,Odisha,I A BOT,1.72,1.72,133.66,2920,92,92,10.2,10.2,6.0,6.0,5072,38.42,D-G,D-G,Medium,CMPDI/MSTC — Machhakata Geological Report — DERIVED ANALYTICAL RECORD,SOURCE_DERIVED_ANALYTICAL,https://mstcecommerce.com/auctionhome/coalblock/RenderFileCoalBlock.jsp?file=com-Machhakata-and-Mahanadi.pdf
166,15-06-25,2025,June,Machhakata (Revised),Odisha,Odisha,I B,6.35,6.35,168.86,16144,75,75,16.25,16.25,2.5,2.5,5095,180.18,C-G,C-G,High,CMPDI/MSTC — Machhakata Geological Report — DERIVED ANALYTICAL RECORD,SOURCE_DERIVED_ANALYTICAL,https://mstcecommerce.com/auctionhome/coalblock/RenderFileCoalBlock.jsp?file=com-Machhakata-and-Mahanadi.pdf
167,16-06-25,2025,June,Machhakata (Revised),Odisha,Odisha,I C,2.86,2.86,200.82,690,82,82,9.1,9.1,4.25,4.25,5118,9.37,C-G,C-G,High,CMPDI/MSTC — Machhakata Geological Report — DERIVED ANALYTICAL RECORD,SOURCE_DERIVED_ANALYTICAL,https://mstcecommerce.com/auctionhome/coalblock/RenderFileCoalBlock.jsp?file=com-Machhakata-and-Mahanadi.pdf
168,17-06-25,2025,June,Machhakata (Revised),Odisha,Odisha,I D,6.26,6.26,237.02,4560,89,89,15.15,15.15,6.0,6.0,5141,52.29,B-G,B-G,High,CMPDI/MSTC — Machhakata Geological Report — DERIVED ANALYTICAL RECORD,SOURCE_DERIVED_ANALYTICAL,https://mstcecommerce.com/auctionhome/coalblock/RenderFileCoalBlock.jsp?file=com-Machhakata-and-Mahanadi.pdf
169,18-06-25,2025,June,Machhakata (Revised),Odisha,Odisha,XI,6.14,6.14,129.54,767,72,72,8.0,8.0,2.5,2.5,5164,10.77,E-G,E-G,High,CMPDI/MSTC — Machhakata Geological Report — DERIVED ANALYTICAL RECORD,SOURCE_DERIVED_ANALYTICAL,https://mstcecommerce.com/auctionhome/coalblock/RenderFileCoalBlock.jsp?file=com-Machhakata-and-Mahanadi.pdf
170,19-06-25,2025,June,Machhakata (Revised),Odisha,Odisha,X,3.66,3.66,29.09,435,79,79,14.05,14.05,4.25,4.25,5187,5.13,E-G,E-G,Low,CMPDI/MSTC — Machhakata Geological Report — DERIVED ANALYTICAL RECORD,SOURCE_DERIVED_ANALYTICAL,https://mstcecommerce.com/auctionhome/coalblock/RenderFileCoalBlock.jsp?file=com-Machhakata-and-Mahanadi.pdf
171,20-06-25,2025,June,Machhakata (Revised),Odisha,Odisha,IX TOP,0.59,0.59,58.06,805,86,86,20.1,20.1,6.0,6.0,5210,11.7,E-G,E-G,Medium,CMPDI/MSTC — Machhakata Geological Report — DERIVED ANALYTICAL RECORD,SOURCE_DERIVED_ANALYTICAL,https://mstcecommerce.com/auctionhome/coalblock/RenderFileCoalBlock.jsp?file=com-Machhakata-and-Mahanadi.pdf
172,21-06-25,2025,June,Machhakata (Revised),Odisha,Odisha,IX BOT,1.77,1.77,89.82,5313,93,93,12.95,12.95,2.5,2.5,5233,64.48,E-G,E-G,Medium,CMPDI/MSTC — Machhakata Geological Report — DERIVED ANALYTICAL RECORD,SOURCE_DERIVED_ANALYTICAL,https://mstcecommerce.com/auctionhome/coalblock/RenderFileCoalBlock.jsp?file=com-Machhakata-and-Mahanadi.pdf
173,22-06-25,2025,June,Machhakata (Revised),Odisha,Odisha,VIII,5.32,5.32,88.59,8148,76,76,19.0,19.0,4.25,4.25,5256,122.71,F-G,F-G,High,CMPDI/MSTC — Machhakata Geological Report — DERIVED ANALYTICAL RECORD,SOURCE_DERIVED_ANALYTICAL,https://mstcecommerce.com/auctionhome/coalblock/RenderFileCoalBlock.jsp?file=com-Machhakata-and-Mahanadi.pdf
174,23-06-25,2025,June,Machhakata (Revised),Odisha,Odisha,VII TOP,6.32,6.32,124.58,9603,83,83,11.85,11.85,6.0,6.0,5279,120.04,E-G,E-G,High,CMPDI/MSTC — Machhakata Geological Report — DERIVED ANALYTICAL RECORD,SOURCE_DERIVED_ANALYTICAL,https://mstcecommerce.com/auctionhome/coalblock/RenderFileCoalBlock.jsp?file=com-Machhakata-and-Mahanadi.pdf
175,24-06-25,2025,June,Machhakata (Revised),Odisha,Odisha,VII BOT,3.36,3.36,24.43,703,90,90,17.9,17.9,2.5,2.5,5302,7.51,E-G,E-G,Low,CMPDI/MSTC — Machhakata Geological Report — DERIVED ANALYTICAL RECORD,SOURCE_DERIVED_ANALYTICAL,https://mstcecommerce.com/auctionhome/coalblock/RenderFileCoalBlock.jsp?file=com-Machhakata-and-Mahanadi.pdf
176,25-06-25,2025,June,Machhakata (Revised),Odisha,Odisha,VI TOP,6.24,6.24,45.58,6284,73,73,10.75,10.75,4.25,4.25,5325,80.98,E-G,E-G,Low,CMPDI/MSTC — Machhakata Geological Report — DERIVED ANALYTICAL RECORD,SOURCE_DERIVED_ANALYTICAL,https://mstcecommerce.com/auctionhome/coalblock/RenderFileCoalBlock.jsp?file=com-Machhakata-and-Mahanadi.pdf
177,26-06-25,2025,June,Machhakata (Revised),Odisha,Odisha,VI BOT,11.09,11.09,86.62,7156,80,80,16.8,16.8,6.0,6.0,5348,78.46,E-G,E-G,Medium,CMPDI/MSTC — Machhakata Geological Report — DERIVED ANALYTICAL RECORD,SOURCE_DERIVED_ANALYTICAL,https://mstcecommerce.com/auctionhome/coalblock/RenderFileCoalBlock.jsp?file=com-Machhakata-and-Mahanadi.pdf
178,27-06-25,2025,June,Machhakata (Revised),Odisha,Odisha,IV/V,0.19,0.19,118.31,4266,87,87,9.65,9.65,2.5,2.5,5371,56.73,D-G,D-G,Medium,CMPDI/MSTC — Machhakata Geological Report — DERIVED ANALYTICAL RECORD,SOURCE_DERIVED_ANALYTICAL,https://mstcecommerce.com/auctionhome/coalblock/RenderFileCoalBlock.jsp?file=com-Machhakata-and-Mahanadi.pdf
179,28-06-25,2025,June,Machhakata (Revised),Odisha,Odisha,III TOP TOP,3.85,3.85,153.64,14033,94,94,15.7,15.7,4.25,4.25,5394,158.03,E-G,E-G,High,CMPDI/MSTC — Machhakata Geological Report — DERIVED ANALYTICAL RECORD,SOURCE_DERIVED_ANALYTICAL,https://mstcecommerce.com/auctionhome/coalblock/RenderFileCoalBlock.jsp?file=com-Machhakata-and-Mahanadi.pdf
180,29-06-25,2025,June,Machhakata (Revised),Odisha,Odisha,III MID,5.83,5.83,43.27,15809,77,77,8.55,8.55,6.0,6.0,5417,217.16,D-G,D-G,Low,CMPDI/MSTC — Machhakata Geological Report — DERIVED ANALYTICAL RECORD,SOURCE_DERIVED_ANALYTICAL,https://mstcecommerce.com/auctionhome/coalblock/RenderFileCoalBlock.jsp?file=com-Machhakata-and-Mahanadi.pdf
181,30-06-25,2025,June,Machhakata (Revised),Odisha,Odisha,III BOT TOP,2.55,2.55,77.67,6287,84,84,14.6,14.6,2.5,2.5,5440,72.77,C-G,C-G,Medium,CMPDI/MSTC — Machhakata Geological Report — DERIVED ANALYTICAL RECORD,SOURCE_DERIVED_ANALYTICAL,https://mstcecommerce.com/auctionhome/coalblock/RenderFileCoalBlock.jsp?file=com-Machhakata-and-Mahanadi.pdf
182,01-07-25,2025,July,Machhakata (Revised),Odisha,Odisha,III BOT BOT,3.16,3.16,105.23,760,91,91,20.65,20.65,4.25,4.25,5463,10.79,F-G,F-G,Medium,CMPDI/MSTC — Machhakata Geological Report — DERIVED ANALYTICAL RECORD,SOURCE_DERIVED_ANALYTICAL,https://mstcecommerce.com/auctionhome/coalblock/RenderFileCoalBlock.jsp?file=com-Machhakata-and-Mahanadi.pdf
183,02-07-25,2025,July,Machhakata (Revised),Odisha,Odisha,LOCAL 1,1.75,1.75,156.38,1602,74,74,13.5,13.5,6.0,6.0,5486,19.07,D-G,D-G,High,CMPDI/MSTC — Machhakata Geological Report — DERIVED ANALYTICAL RECORD,SOURCE_DERIVED_ANALYTICAL,https://mstcecommerce.com/auctionhome/coalblock/RenderFileCoalBlock.jsp?file=com-Machhakata-and-Mahanadi.pdf
184,03-07-25,2025,July,Machhakata (Revised),Odisha,Odisha,LOCAL 2,2.09,2.09,195.94,993,81,81,19.55,19.55,2.5,2.5,5509,14.61,E-G,E-G,High,CMPDI/MSTC — Machhakata Geological Report — DERIVED ANALYTICAL RECORD,SOURCE_DERIVED_ANALYTICAL,https://mstcecommerce.com/auctionhome/coalblock/RenderFileCoalBlock.jsp?file=com-Machhakata-and-Mahanadi.pdf
185,04-07-25,2025,July,Machhakata (Revised),Odisha,Odisha,II TOP,5.04,5.04,235.04,3515,88,88,12.4,12.4,4.25,4.25,5532,43.07,E-G,E-G,High,CMPDI/MSTC — Machhakata Geological Report — DERIVED ANALYTICAL RECORD,SOURCE_DERIVED_ANALYTICAL,https://mstcecommerce.com/auctionhome/coalblock/RenderFileCoalBlock.jsp?file=com-Machhakata-and-Mahanadi.pdf
186,05-07-25,2025,July,Machhakata (Revised),Odisha,Odisha,II MID,0.17,0.17,44.73,538,95,95,18.45,18.45,6.0,6.0,5555,8.2,E-G,E-G,Low,CMPDI/MSTC — Machhakata Geological Report — DERIVED ANALYTICAL RECORD,SOURCE_DERIVED_ANALYTICAL,https://mstcecommerce.com/auctionhome/coalblock/RenderFileCoalBlock.jsp?file=com-Machhakata-and-Mahanadi.pdf
187,06-07-25,2025,July,Machhakata (Revised),Odisha,Odisha,II BOT,0.55,0.55,138.79,472,78,78,11.3,11.3,2.5,2.5,5578,5.96,D-G,D-G,Medium,CMPDI/MSTC — Machhakata Geological Report — DERIVED ANALYTICAL RECORD,SOURCE_DERIVED_ANALYTICAL,https://mstcecommerce.com/auctionhome/coalblock/RenderFileCoalBlock.jsp?file=com-Machhakata-and-Mahanadi.pdf
188,07-07-25,2025,July,Machhakata (Revised),Odisha,Odisha,I A TOP,0.98,0.98,182.02,1134,85,85,17.35,17.35,4.25,4.25,5601,12.22,E-G,E-G,High,CMPDI/MSTC — Machhakata Geological Report — DERIVED ANALYTICAL RECORD,SOURCE_DERIVED_ANALYTICAL,https://mstcecommerce.com/auctionhome/coalblock/RenderFileCoalBlock.jsp?file=com-Machhakata-and-Mahanadi.pdf
189,08-07-25,2025,July,Machhakata (Revised),Odisha,Odisha,I A BOT,2.33,2.33,203.99,2951,92,92,10.2,10.2,6.0,6.0,5624,38.42,D-G,D-G,High,CMPDI/MSTC — Machhakata Geological Report — DERIVED ANALYTICAL RECORD,SOURCE_DERIVED_ANALYTICAL,https://mstcecommerce.com/auctionhome/coalblock/RenderFileCoalBlock.jsp?file=com-Machhakata-and-Mahanadi.pdf
190,09-07-25,2025,July,Machhakata (Revised),Odisha,Odisha,I B,7.61,7.61,238.77,16288,75,75,16.25,16.25,2.5,2.5,5647,180.18,C-G,C-G,High,CMPDI/MSTC — Machhakata Geological Report — DERIVED ANALYTICAL RECORD,SOURCE_DERIVED_ANALYTICAL,https://mstcecommerce.com/auctionhome/coalblock/RenderFileCoalBlock.jsp?file=com-Machhakata-and-Mahanadi.pdf
191,10-07-25,2025,July,Machhakata (Revised),Odisha,Odisha,I C,3.43,3.43,145.45,697,82,82,9.1,9.1,4.25,4.25,5670,9.37,C-G,C-G,Medium,CMPDI/MSTC — Machhakata Geological Report — DERIVED ANALYTICAL RECORD,SOURCE_DERIVED_ANALYTICAL,https://mstcecommerce.com/auctionhome/coalblock/RenderFileCoalBlock.jsp?file=com-Machhakata-and-Mahanadi.pdf
192,11-07-25,2025,July,Machhakata (Revised),Odisha,Odisha,I D,7.3,7.3,180.35,4602,89,89,15.15,15.15,6.0,6.0,5693,52.29,B-G,B-G,Medium,CMPDI/MSTC — Machhakata Geological Report — DERIVED ANALYTICAL RECORD,SOURCE_DERIVED_ANALYTICAL,https://mstcecommerce.com/auctionhome/coalblock/RenderFileCoalBlock.jsp?file=com-Machhakata-and-Mahanadi.pdf
193,12-07-25,2025,July,Machhakata (Revised),Odisha,Odisha,XI,6.99,6.99,75.41,775,72,72,8.0,8.0,2.5,2.5,5716,10.77,E-G,E-G,Medium,CMPDI/MSTC — Machhakata Geological Report — DERIVED ANALYTICAL RECORD,SOURCE_DERIVED_ANALYTICAL,https://mstcecommerce.com/auctionhome/coalblock/RenderFileCoalBlock.jsp?file=com-Machhakata-and-Mahanadi.pdf
194,13-07-25,2025,July,Machhakata (Revised),Odisha,Odisha,X,0.45,0.45,103.35,439,79,79,14.05,14.05,4.25,4.25,5739,5.13,E-G,E-G,High,CMPDI/MSTC — Machhakata Geological Report — DERIVED ANALYTICAL RECORD,SOURCE_DERIVED_ANALYTICAL,https://mstcecommerce.com/auctionhome/coalblock/RenderFileCoalBlock.jsp?file=com-Machhakata-and-Mahanadi.pdf
195,14-07-25,2025,July,Machhakata (Revised),Odisha,Odisha,IX TOP,1.17,1.17,140.31,814,86,86,20.1,20.1,6.0,6.0,5762,11.7,E-G,E-G,High,CMPDI/MSTC — Machhakata Geological Report — DERIVED ANALYTICAL RECORD,SOURCE_DERIVED_ANALYTICAL,https://mstcecommerce.com/auctionhome/coalblock/RenderFileCoalBlock.jsp?file=com-Machhakata-and-Mahanadi.pdf
196,15-07-25,2025,July,Machhakata (Revised),Odisha,Odisha,IX BOT,2.49,2.49,22.4,5365,93,93,12.95,12.95,2.5,2.5,5785,64.48,E-G,E-G,Low,CMPDI/MSTC — Machhakata Geological Report — DERIVED ANALYTICAL RECORD,SOURCE_DERIVED_ANALYTICAL,https://mstcecommerce.com/auctionhome/coalblock/RenderFileCoalBlock.jsp?file=com-Machhakata-and-Mahanadi.pdf
197,16-07-25,2025,July,Machhakata (Revised),Odisha,Odisha,VIII,6.94,6.94,41.72,8246,76,76,19.0,19.0,4.25,4.25,4308,122.71,F-G,F-G,Medium,CMPDI/MSTC — Machhakata Geological Report — DERIVED ANALYTICAL RECORD,SOURCE_DERIVED_ANALYTICAL,https://mstcecommerce.com/auctionhome/coalblock/RenderFileCoalBlock.jsp?file=com-Machhakata-and-Mahanadi.pdf
198,17-07-25,2025,July,Machhakata (Revised),Odisha,Odisha,VII TOP,7.8,7.8,69.16,9699,83,83,11.85,11.85,6.0,6.0,4331,120.04,E-G,E-G,Medium,CMPDI/MSTC — Machhakata Geological Report — DERIVED ANALYTICAL RECORD,SOURCE_DERIVED_ANALYTICAL,https://mstcecommerce.com/auctionhome/coalblock/RenderFileCoalBlock.jsp?file=com-Machhakata-and-Mahanadi.pdf
199,18-07-25,2025,July,Machhakata (Revised),Odisha,Odisha,VII BOT,3.99,3.99,95.52,709,90,90,17.9,17.9,2.5,2.5,4354,7.51,E-G,E-G,Medium,CMPDI/MSTC — Machhakata Geological Report — DERIVED ANALYTICAL RECORD,SOURCE_DERIVED_ANALYTICAL,https://mstcecommerce.com/auctionhome/coalblock/RenderFileCoalBlock.jsp?file=com-Machhakata-and-Mahanadi.pdf
200,19-07-25,2025,July,Machhakata (Revised),Odisha,Odisha,VI TOP,7.19,7.19,125.04,6349,73,73,10.75,10.75,4.25,4.25,4377,80.98,E-G,E-G,High,CMPDI/MSTC — Machhakata Geological Report — DERIVED ANALYTICAL RECORD,SOURCE_DERIVED_ANALYTICAL,https://mstcecommerce.com/auctionhome/coalblock/RenderFileCoalBlock.jsp?file=com-Machhakata-and-Mahanadi.pdf
201,20-07-25,2025,July,Machhakata (Revised),Odisha,Odisha,VI BOT,0.2,0.2,17.57,7218,80,80,16.8,16.8,6.0,6.0,4400,78.46,E-G,E-G,Low,CMPDI/MSTC — Machhakata Geological Report — DERIVED ANALYTICAL RECORD,SOURCE_DERIVED_ANALYTICAL,https://mstcecommerce.com/auctionhome/coalblock/RenderFileCoalBlock.jsp?file=com-Machhakata-and-Mahanadi.pdf
202,21-07-25,2025,July,Machhakata (Revised),Odisha,Odisha,IV/V,0.87,0.87,49.48,4311,87,87,9.65,9.65,2.5,2.5,4423,56.73,D-G,D-G,Low,CMPDI/MSTC — Machhakata Geological Report — DERIVED ANALYTICAL RECORD,SOURCE_DERIVED_ANALYTICAL,https://mstcecommerce.com/auctionhome/coalblock/RenderFileCoalBlock.jsp?file=com-Machhakata-and-Mahanadi.pdf
203,22-07-25,2025,July,Machhakata (Revised),Odisha,Odisha,III TOP TOP,5.21,5.21,86.76,14159,94,94,15.7,15.7,4.25,4.25,4446,158.03,E-G,E-G,Medium,CMPDI/MSTC — Machhakata Geological Report — DERIVED ANALYTICAL RECORD,SOURCE_DERIVED_ANALYTICAL,https://mstcecommerce.com/auctionhome/coalblock/RenderFileCoalBlock.jsp?file=com-Machhakata-and-Mahanadi.pdf
204,23-07-25,2025,July,Machhakata (Revised),Odisha,Odisha,III MID,6.65,6.65,133.57,15983,77,77,8.55,8.55,6.0,6.0,4469,217.16,D-G,D-G,Medium,CMPDI/MSTC — Machhakata Geological Report — DERIVED ANALYTICAL RECORD,SOURCE_DERIVED_ANALYTICAL,https://mstcecommerce.com/auctionhome/coalblock/RenderFileCoalBlock.jsp?file=com-Machhakata-and-Mahanadi.pdf
205,24-07-25,2025,July,Machhakata (Revised),Odisha,Odisha,III BOT TOP,3.21,3.21,167.4,6346,84,84,14.6,14.6,2.5,2.5,4492,72.77,C-G,C-G,High,CMPDI/MSTC — Machhakata Geological Report — DERIVED ANALYTICAL RECORD,SOURCE_DERIVED_ANALYTICAL,https://mstcecommerce.com/auctionhome/coalblock/RenderFileCoalBlock.jsp?file=com-Machhakata-and-Mahanadi.pdf
206,25-07-25,2025,July,Machhakata (Revised),Odisha,Odisha,III BOT BOT,3.86,3.86,191.72,768,91,91,20.65,20.65,4.25,4.25,4515,10.79,F-G,F-G,High,CMPDI/MSTC — Machhakata Geological Report — DERIVED ANALYTICAL RECORD,SOURCE_DERIVED_ANALYTICAL,https://mstcecommerce.com/auctionhome/coalblock/RenderFileCoalBlock.jsp?file=com-Machhakata-and-Mahanadi.pdf
207,26-07-25,2025,July,Machhakata (Revised),Odisha,Odisha,LOCAL 1,2.05,2.05,75.9,1617,74,74,13.5,13.5,6.0,6.0,4538,19.07,D-G,D-G,Low,CMPDI/MSTC — Machhakata Geological Report — DERIVED ANALYTICAL RECORD,SOURCE_DERIVED_ANALYTICAL,https://mstcecommerce.com/auctionhome/coalblock/RenderFileCoalBlock.jsp?file=com-Machhakata-and-Mahanadi.pdf
208,27-07-25,2025,July,Machhakata (Revised),Odisha,Odisha,LOCAL 2,2.39,2.39,119.46,1005,81,81,19.55,19.55,2.5,2.5,4561,14.61,E-G,E-G,Medium,CMPDI/MSTC — Machhakata Geological Report — DERIVED ANALYTICAL RECORD,SOURCE_DERIVED_ANALYTICAL,https://mstcecommerce.com/auctionhome/coalblock/RenderFileCoalBlock.jsp?file=com-Machhakata-and-Mahanadi.pdf
209,28-07-25,2025,July,Machhakata (Revised),Odisha,Odisha,II TOP,0.33,0.33,159.42,3549,88,88,12.4,12.4,4.25,4.25,4584,43.07,E-G,E-G,Medium,CMPDI/MSTC — Machhakata Geological Report — DERIVED ANALYTICAL RECORD,SOURCE_DERIVED_ANALYTICAL,https://mstcecommerce.com/auctionhome/coalblock/RenderFileCoalBlock.jsp?file=com-Machhakata-and-Mahanadi.pdf
210,29-07-25,2025,July,Machhakata (Revised),Odisha,Odisha,II MID,0.44,0.44,178.31,544,95,95,18.45,18.45,6.0,6.0,4607,8.2,E-G,E-G,High,CMPDI/MSTC — Machhakata Geological Report — DERIVED ANALYTICAL RECORD,SOURCE_DERIVED_ANALYTICAL,https://mstcecommerce.com/auctionhome/coalblock/RenderFileCoalBlock.jsp?file=com-Machhakata-and-Mahanadi.pdf
211,30-07-25,2025,July,Machhakata (Revised),Odisha,Odisha,II BOT,0.88,0.88,219.34,477,78,78,11.3,11.3,2.5,2.5,4630,5.96,D-G,D-G,High,CMPDI/MSTC — Machhakata Geological Report — DERIVED ANALYTICAL RECORD,SOURCE_DERIVED_ANALYTICAL,https://mstcecommerce.com/auctionhome/coalblock/RenderFileCoalBlock.jsp?file=com-Machhakata-and-Mahanadi.pdf
212,31-07-25,2025,July,Machhakata (Revised),Odisha,Odisha,I A TOP,1.29,1.29,134.52,1144,85,85,17.35,17.35,4.25,4.25,4653,12.22,E-G,E-G,Medium,CMPDI/MSTC — Machhakata Geological Report — DERIVED ANALYTICAL RECORD,SOURCE_DERIVED_ANALYTICAL,https://mstcecommerce.com/auctionhome/coalblock/RenderFileCoalBlock.jsp?file=com-Machhakata-and-Mahanadi.pdf
213,01-08-25,2025,August,Machhakata (Revised),Odisha,Odisha,I A BOT,2.94,2.94,148.73,2981,92,92,10.2,10.2,6.0,6.0,4676,38.42,D-G,D-G,Medium,CMPDI/MSTC — Machhakata Geological Report — DERIVED ANALYTICAL RECORD,SOURCE_DERIVED_ANALYTICAL,https://mstcecommerce.com/auctionhome/coalblock/RenderFileCoalBlock.jsp?file=com-Machhakata-and-Mahanadi.pdf
214,02-08-25,2025,August,Machhakata (Revised),Odisha,Odisha,I B,8.88,8.88,183.84,16432,75,75,16.25,16.25,2.5,2.5,4699,180.18,C-G,C-G,High,CMPDI/MSTC — Machhakata Geological Report — DERIVED ANALYTICAL RECORD,SOURCE_DERIVED_ANALYTICAL,https://mstcecommerce.com/auctionhome/coalblock/RenderFileCoalBlock.jsp?file=com-Machhakata-and-Mahanadi.pdf
215,03-08-25,2025,August,Machhakata (Revised),Odisha,Odisha,I C,4.0,4.0,215.92,705,82,82,9.1,9.1,4.25,4.25,4722,9.37,C-G,C-G,High,CMPDI/MSTC — Machhakata Geological Report — DERIVED ANALYTICAL RECORD,SOURCE_DERIVED_ANALYTICAL,https://mstcecommerce.com/auctionhome/coalblock/RenderFileCoalBlock.jsp?file=com-Machhakata-and-Mahanadi.pdf
216,04-08-25,2025,August,Machhakata (Revised),Odisha,Odisha,I D,8.34,8.34,252.48,4643,89,89,15.15,15.15,6.0,6.0,4745,52.29,B-G,B-G,High,CMPDI/MSTC — Machhakata Geological Report — DERIVED ANALYTICAL RECORD,SOURCE_DERIVED_ANALYTICAL,https://mstcecommerce.com/auctionhome/coalblock/RenderFileCoalBlock.jsp?file=com-Machhakata-and-Mahanadi.pdf
217,05-08-25,2025,August,Machhakata (Revised),Odisha,Odisha,XI,0.77,0.77,21.29,784,72,72,8.0,8.0,2.5,2.5,4768,10.77,E-G,E-G,Low,CMPDI/MSTC — Machhakata Geological Report — DERIVED ANALYTICAL RECORD,SOURCE_DERIVED_ANALYTICAL,https://mstcecommerce.com/auctionhome/coalblock/RenderFileCoalBlock.jsp?file=com-Machhakata-and-Mahanadi.pdf
218,06-08-25,2025,August,Machhakata (Revised),Odisha,Odisha,X,0.89,0.89,45.01,443,79,79,14.05,14.05,4.25,4.25,4791,5.13,E-G,E-G,Low,CMPDI/MSTC — Machhakata Geological Report — DERIVED ANALYTICAL RECORD,SOURCE_DERIVED_ANALYTICAL,https://mstcecommerce.com/auctionhome/coalblock/RenderFileCoalBlock.jsp?file=com-Machhakata-and-Mahanadi.pdf
219,07-08-25,2025,August,Machhakata (Revised),Odisha,Odisha,IX TOP,1.75,1.75,75.69,824,86,86,20.1,20.1,6.0,6.0,4814,11.7,E-G,E-G,Medium,CMPDI/MSTC — Machhakata Geological Report — DERIVED ANALYTICAL RECORD,SOURCE_DERIVED_ANALYTICAL,https://mstcecommerce.com/auctionhome/coalblock/RenderFileCoalBlock.jsp?file=com-Machhakata-and-Mahanadi.pdf
220,08-08-25,2025,August,Machhakata (Revised),Odisha,Odisha,IX BOT,3.21,3.21,108.21,5416,93,93,12.95,12.95,2.5,2.5,4837,64.48,E-G,E-G,Medium,CMPDI/MSTC — Machhakata Geological Report — DERIVED ANALYTICAL RECORD,SOURCE_DERIVED_ANALYTICAL,https://mstcecommerce.com/auctionhome/coalblock/RenderFileCoalBlock.jsp?file=com-Machhakata-and-Mahanadi.pdf
221,09-08-25,2025,August,Machhakata (Revised),Odisha,Odisha,VIII,8.55,8.55,101.38,8344,76,76,19.0,19.0,4.25,4.25,4860,122.71,F-G,F-G,High,CMPDI/MSTC — Machhakata Geological Report — DERIVED ANALYTICAL RECORD,SOURCE_DERIVED_ANALYTICAL,https://mstcecommerce.com/auctionhome/coalblock/RenderFileCoalBlock.jsp?file=com-Machhakata-and-Mahanadi.pdf
222,10-08-25,2025,August,Machhakata (Revised),Odisha,Odisha,VII TOP,9.28,9.28,139.69,9795,83,83,11.85,11.85,6.0,6.0,4883,120.04,E-G,E-G,High,CMPDI/MSTC — Machhakata Geological Report — DERIVED ANALYTICAL RECORD,SOURCE_DERIVED_ANALYTICAL,https://mstcecommerce.com/auctionhome/coalblock/RenderFileCoalBlock.jsp?file=com-Machhakata-and-Mahanadi.pdf
223,11-08-25,2025,August,Machhakata (Revised),Odisha,Odisha,VII BOT,4.63,4.63,39.66,493,90,90,17.9,17.9,2.5,2.5,4906,7.51,E-G,E-G,Low,CMPDI/MSTC — Machhakata Geological Report — DERIVED ANALYTICAL RECORD,SOURCE_DERIVED_ANALYTICAL,https://mstcecommerce.com/auctionhome/coalblock/RenderFileCoalBlock.jsp?file=com-Machhakata-and-Mahanadi.pdf
224,12-08-25,2025,August,Machhakata (Revised),Odisha,Odisha,VI TOP,8.13,8.13,62.61,6414,73,73,10.75,10.75,4.25,4.25,4929,80.98,E-G,E-G,Medium,CMPDI/MSTC — Machhakata Geological Report — DERIVED ANALYTICAL RECORD,SOURCE_DERIVED_ANALYTICAL,https://mstcecommerce.com/auctionhome/coalblock/RenderFileCoalBlock.jsp?file=com-Machhakata-and-Mahanadi.pdf
225,13-08-25,2025,August,Machhakata (Revised),Odisha,Odisha,VI BOT,1.69,1.69,105.46,7281,80,80,16.8,16.8,6.0,6.0,4952,78.46,E-G,E-G,Medium,CMPDI/MSTC — Machhakata Geological Report — DERIVED ANALYTICAL RECORD,SOURCE_DERIVED_ANALYTICAL,https://mstcecommerce.com/auctionhome/coalblock/RenderFileCoalBlock.jsp?file=com-Machhakata-and-Mahanadi.pdf
226,14-08-25,2025,August,Machhakata (Revised),Odisha,Odisha,IV/V,1.56,1.56,137.09,4357,87,87,9.65,9.65,2.5,2.5,4975,56.73,D-G,D-G,Medium,CMPDI/MSTC — Machhakata Geological Report — DERIVED ANALYTICAL RECORD,SOURCE_DERIVED_ANALYTICAL,https://mstcecommerce.com/auctionhome/coalblock/RenderFileCoalBlock.jsp?file=com-Machhakata-and-Mahanadi.pdf
227,15-08-25,2025,August,Machhakata (Revised),Odisha,Odisha,III TOP TOP,6.58,6.58,171.88,14286,94,94,15.7,15.7,4.25,4.25,4998,158.03,E-G,E-G,High,CMPDI/MSTC — Machhakata Geological Report — DERIVED ANALYTICAL RECORD,SOURCE_DERIVED_ANALYTICAL,https://mstcecommerce.com/auctionhome/coalblock/RenderFileCoalBlock.jsp?file=com-Machhakata-and-Mahanadi.pdf
228,16-08-25,2025,August,Machhakata (Revised),Odisha,Odisha,III MID,7.47,7.47,62.62,16157,77,77,8.55,8.55,6.0,6.0,5021,217.16,D-G,D-G,Low,CMPDI/MSTC — Machhakata Geological Report — DERIVED ANALYTICAL RECORD,SOURCE_DERIVED_ANALYTICAL,https://mstcecommerce.com/auctionhome/coalblock/RenderFileCoalBlock.jsp?file=com-Machhakata-and-Mahanadi.pdf
229,17-08-25,2025,August,Machhakata (Revised),Odisha,Odisha,III BOT TOP,3.87,3.87,96.9,6404,84,84,14.6,14.6,2.5,2.5,5044,72.77,C-G,C-G,Medium,CMPDI/MSTC — Machhakata Geological Report — DERIVED ANALYTICAL RECORD,SOURCE_DERIVED_ANALYTICAL,https://mstcecommerce.com/auctionhome/coalblock/RenderFileCoalBlock.jsp?file=com-Machhakata-and-Mahanadi.pdf
230,18-08-25,2025,August,Machhakata (Revised),Odisha,Odisha,III BOT BOT,4.56,4.56,123.76,777,91,91,20.65,20.65,4.25,4.25,5067,10.79,F-G,F-G,Medium,CMPDI/MSTC — Machhakata Geological Report — DERIVED ANALYTICAL RECORD,SOURCE_DERIVED_ANALYTICAL,https://mstcecommerce.com/auctionhome/coalblock/RenderFileCoalBlock.jsp?file=com-Machhakata-and-Mahanadi.pdf
231,19-08-25,2025,August,Machhakata (Revised),Odisha,Odisha,LOCAL 1,2.36,2.36,178.32,1632,74,74,13.5,13.5,6.0,6.0,5090,19.07,D-G,D-G,High,CMPDI/MSTC — Machhakata Geological Report — DERIVED ANALYTICAL RECORD,SOURCE_DERIVED_ANALYTICAL,https://mstcecommerce.com/auctionhome/coalblock/RenderFileCoalBlock.jsp?file=com-Machhakata-and-Mahanadi.pdf
232,20-08-25,2025,August,Machhakata (Revised),Odisha,Odisha,LOCAL 2,0.16,0.16,216.8,1017,81,81,19.55,19.55,2.5,2.5,5113,14.61,E-G,E-G,High,CMPDI/MSTC — Machhakata Geological Report — DERIVED ANALYTICAL RECORD,SOURCE_DERIVED_ANALYTICAL,https://mstcecommerce.com/auctionhome/coalblock/RenderFileCoalBlock.jsp?file=com-Machhakata-and-Mahanadi.pdf
233,21-08-25,2025,August,Machhakata (Revised),Odisha,Odisha,II TOP,0.98,0.98,83.8,3583,88,88,12.4,12.4,4.25,4.25,5136,43.07,E-G,E-G,Low,CMPDI/MSTC — Machhakata Geological Report — DERIVED ANALYTICAL RECORD,SOURCE_DERIVED_ANALYTICAL,https://mstcecommerce.com/auctionhome/coalblock/RenderFileCoalBlock.jsp?file=com-Machhakata-and-Mahanadi.pdf
234,22-08-25,2025,August,Machhakata (Revised),Odisha,Odisha,II MID,0.71,0.71,73.35,551,95,95,18.45,18.45,6.0,6.0,5159,8.2,E-G,E-G,Low,CMPDI/MSTC — Machhakata Geological Report — DERIVED ANALYTICAL RECORD,SOURCE_DERIVED_ANALYTICAL,https://mstcecommerce.com/auctionhome/coalblock/RenderFileCoalBlock.jsp?file=com-Machhakata-and-Mahanadi.pdf
235,23-08-25,2025,August,Machhakata (Revised),Odisha,Odisha,II BOT,1.2,1.2,156.05,482,78,78,11.3,11.3,2.5,2.5,5182,5.96,D-G,D-G,Medium,CMPDI/MSTC — Machhakata Geological Report — DERIVED ANALYTICAL RECORD,SOURCE_DERIVED_ANALYTICAL,https://mstcecommerce.com/auctionhome/coalblock/RenderFileCoalBlock.jsp?file=com-Machhakata-and-Mahanadi.pdf
236,24-08-25,2025,August,Machhakata (Revised),Odisha,Odisha,I A TOP,1.59,1.59,194.97,1154,85,85,17.35,17.35,4.25,4.25,5205,12.22,E-G,E-G,High,CMPDI/MSTC — Machhakata Geological Report — DERIVED ANALYTICAL RECORD,SOURCE_DERIVED_ANALYTICAL,https://mstcecommerce.com/auctionhome/coalblock/RenderFileCoalBlock.jsp?file=com-Machhakata-and-Mahanadi.pdf
237,25-08-25,2025,August,Machhakata (Revised),Odisha,Odisha,I A BOT,3.55,3.55,219.06,3012,92,92,10.2,10.2,6.0,6.0,5228,38.42,D-G,D-G,High,CMPDI/MSTC — Machhakata Geological Report — DERIVED ANALYTICAL RECORD,SOURCE_DERIVED_ANALYTICAL,https://mstcecommerce.com/auctionhome/coalblock/RenderFileCoalBlock.jsp?file=com-Machhakata-and-Mahanadi.pdf
238,26-08-25,2025,August,Machhakata (Revised),Odisha,Odisha,I B,10.15,10.15,128.91,16577,75,75,16.25,16.25,2.5,2.5,5251,180.18,C-G,C-G,Medium,CMPDI/MSTC — Machhakata Geological Report — DERIVED ANALYTICAL RECORD,SOURCE_DERIVED_ANALYTICAL,https://mstcecommerce.com/auctionhome/coalblock/RenderFileCoalBlock.jsp?file=com-Machhakata-and-Mahanadi.pdf
239,27-08-25,2025,August,Machhakata (Revised),Odisha,Odisha,I C,4.57,4.57,160.55,712,82,82,9.1,9.1,4.25,4.25,5274,9.37,C-G,C-G,Medium,CMPDI/MSTC — Machhakata Geological Report — DERIVED ANALYTICAL RECORD,SOURCE_DERIVED_ANALYTICAL,https://mstcecommerce.com/auctionhome/coalblock/RenderFileCoalBlock.jsp?file=com-Machhakata-and-Mahanadi.pdf
240,28-08-25,2025,August,Machhakata (Revised),Odisha,Odisha,I D,0.71,0.71,195.81,4685,89,89,15.15,15.15,6.0,6.0,5297,52.29,B-G,B-G,High,CMPDI/MSTC — Machhakata Geological Report — DERIVED ANALYTICAL RECORD,SOURCE_DERIVED_ANALYTICAL,https://mstcecommerce.com/auctionhome/coalblock/RenderFileCoalBlock.jsp?file=com-Machhakata-and-Mahanadi.pdf
241,29-08-25,2025,August,Machhakata (Revised),Odisha,Odisha,XI,1.61,1.61,90.18,793,72,72,8.0,8.0,2.5,2.5,5320,10.77,E-G,E-G,Medium,CMPDI/MSTC — Machhakata Geological Report — DERIVED ANALYTICAL RECORD,SOURCE_DERIVED_ANALYTICAL,https://mstcecommerce.com/auctionhome/coalblock/RenderFileCoalBlock.jsp?file=com-Machhakata-and-Mahanadi.pdf
242,30-08-25,2025,August,Machhakata (Revised),Odisha,Odisha,X,1.32,1.32,119.26,447,79,79,14.05,14.05,4.25,4.25,5343,5.13,E-G,E-G,High,CMPDI/MSTC — Machhakata Geological Report — DERIVED ANALYTICAL RECORD,SOURCE_DERIVED_ANALYTICAL,https://mstcecommerce.com/auctionhome/coalblock/RenderFileCoalBlock.jsp?file=com-Machhakata-and-Mahanadi.pdf
243,31-08-25,2025,August,Machhakata (Revised),Odisha,Odisha,IX TOP,2.34,2.34,157.93,833,86,86,20.1,20.1,6.0,6.0,5366,11.7,E-G,E-G,High,CMPDI/MSTC — Machhakata Geological Report — DERIVED ANALYTICAL RECORD,SOURCE_DERIVED_ANALYTICAL,https://mstcecommerce.com/auctionhome/coalblock/RenderFileCoalBlock.jsp?file=com-Machhakata-and-Mahanadi.pdf
244,01-09-25,2025,September,Machhakata (Revised),Odisha,Odisha,IX BOT,3.92,3.92,40.79,5468,93,93,12.95,12.95,2.5,2.5,5389,64.48,E-G,E-G,Low,CMPDI/MSTC — Machhakata Geological Report — DERIVED ANALYTICAL RECORD,SOURCE_DERIVED_ANALYTICAL,https://mstcecommerce.com/auctionhome/coalblock/RenderFileCoalBlock.jsp?file=com-Machhakata-and-Mahanadi.pdf
245,02-09-25,2025,September,Machhakata (Revised),Odisha,Odisha,VIII,10.16,10.16,54.51,8442,76,76,19.0,19.0,4.25,4.25,5412,122.71,F-G,F-G,Medium,CMPDI/MSTC — Machhakata Geological Report — DERIVED ANALYTICAL RECORD,SOURCE_DERIVED_ANALYTICAL,https://mstcecommerce.com/auctionhome/coalblock/RenderFileCoalBlock.jsp?file=com-Machhakata-and-Mahanadi.pdf
246,03-09-25,2025,September,Machhakata (Revised),Odisha,Odisha,VII TOP,10.75,10.75,84.27,9891,83,83,11.85,11.85,6.0,6.0,5435,120.04,E-G,E-G,Medium,CMPDI/MSTC — Machhakata Geological Report — DERIVED ANALYTICAL RECORD,SOURCE_DERIVED_ANALYTICAL,https://mstcecommerce.com/auctionhome/coalblock/RenderFileCoalBlock.jsp?file=com-Machhakata-and-Mahanadi.pdf
247,04-09-25,2025,September,Machhakata (Revised),Odisha,Odisha,VII BOT,5.26,5.26,110.75,499,90,90,17.9,17.9,2.5,2.5,5458,7.51,E-G,E-G,High,CMPDI/MSTC — Machhakata Geological Report — DERIVED ANALYTICAL RECORD,SOURCE_DERIVED_ANALYTICAL,https://mstcecommerce.com/auctionhome/coalblock/RenderFileCoalBlock.jsp?file=com-Machhakata-and-Mahanadi.pdf
248,05-09-25,2025,September,Machhakata (Revised),Odisha,Odisha,VI TOP,1.21,1.21,142.07,6478,73,73,10.75,10.75,4.25,4.25,5481,80.98,E-G,E-G,High,CMPDI/MSTC — Machhakata Geological Report — DERIVED ANALYTICAL RECORD,SOURCE_DERIVED_ANALYTICAL,https://mstcecommerce.com/auctionhome/coalblock/RenderFileCoalBlock.jsp?file=com-Machhakata-and-Mahanadi.pdf
249,06-09-25,2025,September,Machhakata (Revised),Odisha,Odisha,VI BOT,3.17,3.17,36.4,7344,80,80,16.8,16.8,6.0,6.0,5504,78.46,E-G,E-G,Low,CMPDI/MSTC — Machhakata Geological Report — DERIVED ANALYTICAL RECORD,SOURCE_DERIVED_ANALYTICAL,https://mstcecommerce.com/auctionhome/coalblock/RenderFileCoalBlock.jsp?file=com-Machhakata-and-Mahanadi.pdf
250,07-09-25,2025,September,Machhakata (Revised),Odisha,Odisha,IV/V,2.25,2.25,68.25,4402,87,87,9.65,9.65,2.5,2.5,5527,56.73,D-G,D-G,Low,CMPDI/MSTC — Machhakata Geological Report — DERIVED ANALYTICAL RECORD,SOURCE_DERIVED_ANALYTICAL,https://mstcecommerce.com/auctionhome/coalblock/RenderFileCoalBlock.jsp?file=com-Machhakata-and-Mahanadi.pdf
251,08-09-25,2025,September,Machhakata (Revised),Odisha,Odisha,III TOP TOP,7.95,7.95,105.0,14412,94,94,15.7,15.7,4.25,4.25,5550,158.03,E-G,E-G,Medium,CMPDI/MSTC — Machhakata Geological Report — DERIVED ANALYTICAL RECORD,SOURCE_DERIVED_ANALYTICAL,https://mstcecommerce.com/auctionhome/coalblock/RenderFileCoalBlock.jsp?file=com-Machhakata-and-Mahanadi.pdf
252,09-09-25,2025,September,Machhakata (Revised),Odisha,Odisha,III MID,8.29,8.29,152.92,16330,77,77,8.55,8.55,6.0,6.0,5573,217.16,D-G,D-G,Medium,CMPDI/MSTC — Machhakata Geological Report — DERIVED ANALYTICAL RECORD,SOURCE_DERIVED_ANALYTICAL,https://mstcecommerce.com/auctionhome/coalblock/RenderFileCoalBlock.jsp?file=com-Machhakata-and-Mahanadi.pdf
253,10-09-25,2025,September,Machhakata (Revised),Odisha,Odisha,III BOT TOP,4.52,4.52,186.62,6462,84,84,14.6,14.6,2.5,2.5,5596,72.77,C-G,C-G,High,CMPDI/MSTC — Machhakata Geological Report — DERIVED ANALYTICAL RECORD,SOURCE_DERIVED_ANALYTICAL,https://mstcecommerce.com/auctionhome/coalblock/RenderFileCoalBlock.jsp?file=com-Machhakata-and-Mahanadi.pdf
254,11-09-25,2025,September,Machhakata (Revised),Odisha,Odisha,III BOT BOT,5.27,5.27,55.81,786,91,91,20.65,20.65,4.25,4.25,5619,10.79,F-G,F-G,Low,CMPDI/MSTC — Machhakata Geological Report — DERIVED ANALYTICAL RECORD,SOURCE_DERIVED_ANALYTICAL,https://mstcecommerce.com/auctionhome/coalblock/RenderFileCoalBlock.jsp?file=com-Machhakata-and-Mahanadi.pdf
255,12-09-25,2025,September,Machhakata (Revised),Odisha,Odisha,LOCAL 1,0.1,0.1,97.85,1648,74,74,13.5,13.5,6.0,6.0,5642,19.07,D-G,D-G,Medium,CMPDI/MSTC — Machhakata Geological Report — DERIVED ANALYTICAL RECORD,SOURCE_DERIVED_ANALYTICAL,https://mstcecommerce.com/auctionhome/coalblock/RenderFileCoalBlock.jsp?file=com-Machhakata-and-Mahanadi.pdf
256,13-09-25,2025,September,Machhakata (Revised),Odisha,Odisha,LOCAL 2,0.46,0.46,140.32,1029,81,81,19.55,19.55,2.5,2.5,5665,14.61,E-G,E-G,Medium,CMPDI/MSTC — Machhakata Geological Report — DERIVED ANALYTICAL RECORD,SOURCE_DERIVED_ANALYTICAL,https://mstcecommerce.com/auctionhome/coalblock/RenderFileCoalBlock.jsp?file=com-Machhakata-and-Mahanadi.pdf
257,14-09-25,2025,September,Machhakata (Revised),Odisha,Odisha,II TOP,1.62,1.62,180.04,3618,88,88,12.4,12.4,4.25,4.25,5688,43.07,E-G,E-G,Medium,CMPDI/MSTC — Machhakata Geological Report — DERIVED ANALYTICAL RECORD,SOURCE_DERIVED_ANALYTICAL,https://mstcecommerce.com/auctionhome/coalblock/RenderFileCoalBlock.jsp?file=com-Machhakata-and-Mahanadi.pdf
258,15-09-25,2025,September,Machhakata (Revised),Odisha,Odisha,II MID,0.98,0.98,206.93,558,95,95,18.45,18.45,6.0,6.0,5711,8.2,E-G,E-G,High,CMPDI/MSTC — Machhakata Geological Report — DERIVED ANALYTICAL RECORD,SOURCE_DERIVED_ANALYTICAL,https://mstcecommerce.com/auctionhome/coalblock/RenderFileCoalBlock.jsp?file=com-Machhakata-and-Mahanadi.pdf
259,16-09-25,2025,September,Machhakata (Revised),Odisha,Odisha,II BOT,1.52,1.52,92.76,486,78,78,11.3,11.3,2.5,2.5,5734,5.96,D-G,D-G,Medium,CMPDI/MSTC — Machhakata Geological Report — DERIVED ANALYTICAL RECORD,SOURCE_DERIVED_ANALYTICAL,https://mstcecommerce.com/auctionhome/coalblock/RenderFileCoalBlock.jsp?file=com-Machhakata-and-Mahanadi.pdf
260,17-09-25,2025,September,Machhakata (Revised),Odisha,Odisha,I A TOP,1.9,1.9,147.48,802,85,85,17.35,17.35,4.25,4.25,5757,12.22,E-G,E-G,Medium,CMPDI/MSTC — Machhakata Geological Report — DERIVED ANALYTICAL RECORD,SOURCE_DERIVED_ANALYTICAL,https://mstcecommerce.com/auctionhome/coalblock/RenderFileCoalBlock.jsp?file=com-Machhakata-and-Mahanadi.pdf
261,18-09-25,2025,September,Machhakata (Revised),Odisha,Odisha,I A BOT,4.16,4.16,163.8,3043,92,92,10.2,10.2,6.0,6.0,5780,38.42,D-G,D-G,Medium,CMPDI/MSTC — Machhakata Geological Report — DERIVED ANALYTICAL RECORD,SOURCE_DERIVED_ANALYTICAL,https://mstcecommerce.com/auctionhome/coalblock/RenderFileCoalBlock.jsp?file=com-Machhakata-and-Mahanadi.pdf
262,19-09-25,2025,September,Machhakata (Revised),Odisha,Odisha,I B,11.41,11.41,198.82,16721,75,75,16.25,16.25,2.5,2.5,4303,180.18,C-G,C-G,High,CMPDI/MSTC — Machhakata Geological Report — DERIVED ANALYTICAL RECORD,SOURCE_DERIVED_ANALYTICAL,https://mstcecommerce.com/auctionhome/coalblock/RenderFileCoalBlock.jsp?file=com-Machhakata-and-Mahanadi.pdf
263,20-09-25,2025,September,Machhakata (Revised),Odisha,Odisha,I C,0.38,0.38,231.02,720,82,82,9.1,9.1,4.25,4.25,4326,9.37,C-G,C-G,High,CMPDI/MSTC — Machhakata Geological Report — DERIVED ANALYTICAL RECORD,SOURCE_DERIVED_ANALYTICAL,https://mstcecommerce.com/auctionhome/coalblock/RenderFileCoalBlock.jsp?file=com-Machhakata-and-Mahanadi.pdf
264,21-09-25,2025,September,Machhakata (Revised),Odisha,Odisha,I D,1.75,1.75,267.94,4727,89,89,15.15,15.15,6.0,6.0,4349,52.29,B-G,B-G,High,CMPDI/MSTC — Machhakata Geological Report — DERIVED ANALYTICAL RECORD,SOURCE_DERIVED_ANALYTICAL,https://mstcecommerce.com/auctionhome/coalblock/RenderFileCoalBlock.jsp?file=com-Machhakata-and-Mahanadi.pdf
265,22-09-25,2025,September,Machhakata (Revised),Odisha,Odisha,XI,2.46,2.46,36.05,801,72,72,8.0,8.0,2.5,2.5,4372,10.77,E-G,E-G,Low,CMPDI/MSTC — Machhakata Geological Report — DERIVED ANALYTICAL RECORD,SOURCE_DERIVED_ANALYTICAL,https://mstcecommerce.com/auctionhome/coalblock/RenderFileCoalBlock.jsp?file=com-Machhakata-and-Mahanadi.pdf
266,23-09-25,2025,September,Machhakata (Revised),Odisha,Odisha,X,1.76,1.76,60.92,451,79,79,14.05,14.05,4.25,4.25,4395,5.13,E-G,E-G,Medium,CMPDI/MSTC — Machhakata Geological Report — DERIVED ANALYTICAL RECORD,SOURCE_DERIVED_ANALYTICAL,https://mstcecommerce.com/auctionhome/coalblock/RenderFileCoalBlock.jsp?file=com-Machhakata-and-Mahanadi.pdf
267,24-09-25,2025,September,Machhakata (Revised),Odisha,Odisha,IX TOP,2.92,2.92,93.31,842,86,86,20.1,20.1,6.0,6.0,4418,11.7,E-G,E-G,Medium,CMPDI/MSTC — Machhakata Geological Report — DERIVED ANALYTICAL RECORD,SOURCE_DERIVED_ANALYTICAL,https://mstcecommerce.com/auctionhome/coalblock/RenderFileCoalBlock.jsp?file=com-Machhakata-and-Mahanadi.pdf
268,25-09-25,2025,September,Machhakata (Revised),Odisha,Odisha,IX BOT,4.64,4.64,126.6,5519,93,93,12.95,12.95,2.5,2.5,4441,64.48,E-G,E-G,Medium,CMPDI/MSTC — Machhakata Geological Report — DERIVED ANALYTICAL RECORD,SOURCE_DERIVED_ANALYTICAL,https://mstcecommerce.com/auctionhome/coalblock/RenderFileCoalBlock.jsp?file=com-Machhakata-and-Mahanadi.pdf
269,26-09-25,2025,September,Machhakata (Revised),Odisha,Odisha,VIII,11.77,11.77,114.16,8541,76,76,19.0,19.0,4.25,4.25,4464,122.71,F-G,F-G,High,CMPDI/MSTC — Machhakata Geological Report — DERIVED ANALYTICAL RECORD,SOURCE_DERIVED_ANALYTICAL,https://mstcecommerce.com/auctionhome/coalblock/RenderFileCoalBlock.jsp?file=com-Machhakata-and-Mahanadi.pdf
270,27-09-25,2025,September,Machhakata (Revised),Odisha,Odisha,VII TOP,12.23,12.23,28.85,9987,83,83,11.85,11.85,6.0,6.0,4487,120.04,E-G,E-G,Low,CMPDI/MSTC — Machhakata Geological Report — DERIVED ANALYTICAL RECORD,SOURCE_DERIVED_ANALYTICAL,https://mstcecommerce.com/auctionhome/coalblock/RenderFileCoalBlock.jsp?file=com-Machhakata-and-Mahanadi.pdf
271,28-09-25,2025,September,Machhakata (Revised),Odisha,Odisha,VII BOT,0.6,0.6,54.89,505,90,90,17.9,17.9,2.5,2.5,4510,7.51,E-G,E-G,Medium,CMPDI/MSTC — Machhakata Geological Report — DERIVED ANALYTICAL RECORD,SOURCE_DERIVED_ANALYTICAL,https://mstcecommerce.com/auctionhome/coalblock/RenderFileCoalBlock.jsp?file=com-Machhakata-and-Mahanadi.pdf
272,29-09-25,2025,September,Machhakata (Revised),Odisha,Odisha,VI TOP,2.15,2.15,79.64,6543,73,73,10.75,10.75,4.25,4.25,4533,80.98,E-G,E-G,Medium,CMPDI/MSTC — Machhakata Geological Report — DERIVED ANALYTICAL RECORD,SOURCE_DERIVED_ANALYTICAL,https://mstcecommerce.com/auctionhome/coalblock/RenderFileCoalBlock.jsp?file=com-Machhakata-and-Mahanadi.pdf
273,30-09-25,2025,September,Machhakata (Revised),Odisha,Odisha,VI BOT,4.66,4.66,124.29,7407,80,80,16.8,16.8,6.0,6.0,4556,78.46,E-G,E-G,High,CMPDI/MSTC — Machhakata Geological Report — DERIVED ANALYTICAL RECORD,SOURCE_DERIVED_ANALYTICAL,https://mstcecommerce.com/auctionhome/coalblock/RenderFileCoalBlock.jsp?file=com-Machhakata-and-Mahanadi.pdf
274,01-10-25,2025,October,Machhakata (Revised),Odisha,Odisha,IV/V,2.93,2.93,155.86,4448,87,87,9.65,9.65,2.5,2.5,4579,56.73,D-G,D-G,High,CMPDI/MSTC — Machhakata Geological Report — DERIVED ANALYTICAL RECORD,SOURCE_DERIVED_ANALYTICAL,https://mstcecommerce.com/auctionhome/coalblock/RenderFileCoalBlock.jsp?file=com-Machhakata-and-Mahanadi.pdf
275,02-10-25,2025,October,Machhakata (Revised),Odisha,Odisha,III TOP TOP,9.32,9.32,38.12,14539,94,94,15.7,15.7,4.25,4.25,4602,158.03,E-G,E-G,Low,CMPDI/MSTC — Machhakata Geological Report — DERIVED ANALYTICAL RECORD,SOURCE_DERIVED_ANALYTICAL,https://mstcecommerce.com/auctionhome/coalblock/RenderFileCoalBlock.jsp?file=com-Machhakata-and-Mahanadi.pdf
276,03-10-25,2025,October,Machhakata (Revised),Odisha,Odisha,III MID,9.11,9.11,81.97,16504,77,77,8.55,8.55,6.0,6.0,4625,217.16,D-G,D-G,Low,CMPDI/MSTC — Machhakata Geological Report — DERIVED ANALYTICAL RECORD,SOURCE_DERIVED_ANALYTICAL,https://mstcecommerce.com/auctionhome/coalblock/RenderFileCoalBlock.jsp?file=com-Machhakata-and-Mahanadi.pdf
277,04-10-25,2025,October,Machhakata (Revised),Odisha,Odisha,III BOT TOP,5.18,5.18,116.13,6520,84,84,14.6,14.6,2.5,2.5,4648,72.77,C-G,C-G,Medium,CMPDI/MSTC — Machhakata Geological Report — DERIVED ANALYTICAL RECORD,SOURCE_DERIVED_ANALYTICAL,https://mstcecommerce.com/auctionhome/coalblock/RenderFileCoalBlock.jsp?file=com-Machhakata-and-Mahanadi.pdf
278,05-10-25,2025,October,Machhakata (Revised),Odisha,Odisha,III BOT BOT,0.11,0.11,142.3,794,91,91,20.65,20.65,4.25,4.25,4671,10.79,F-G,F-G,High,CMPDI/MSTC — Machhakata Geological Report — DERIVED ANALYTICAL RECORD,SOURCE_DERIVED_ANALYTICAL,https://mstcecommerce.com/auctionhome/coalblock/RenderFileCoalBlock.jsp?file=com-Machhakata-and-Mahanadi.pdf
279,06-10-25,2025,October,Machhakata (Revised),Odisha,Odisha,LOCAL 1,0.41,0.41,200.27,1663,74,74,13.5,13.5,6.0,6.0,4694,19.07,D-G,D-G,High,CMPDI/MSTC — Machhakata Geological Report — DERIVED ANALYTICAL RECORD,SOURCE_DERIVED_ANALYTICAL,https://mstcecommerce.com/auctionhome/coalblock/RenderFileCoalBlock.jsp?file=com-Machhakata-and-Mahanadi.pdf
280,07-10-25,2025,October,Machhakata (Revised),Odisha,Odisha,LOCAL 2,0.77,0.77,63.84,1040,81,81,19.55,19.55,2.5,2.5,4717,14.61,E-G,E-G,Low,CMPDI/MSTC — Machhakata Geological Report — DERIVED ANALYTICAL RECORD,SOURCE_DERIVED_ANALYTICAL,https://mstcecommerce.com/auctionhome/coalblock/RenderFileCoalBlock.jsp?file=com-Machhakata-and-Mahanadi.pdf
281,08-10-25,2025,October,Machhakata (Revised),Odisha,Odisha,II TOP,2.26,2.26,104.42,3652,88,88,12.4,12.4,4.25,4.25,4740,43.07,E-G,E-G,Medium,CMPDI/MSTC — Machhakata Geological Report — DERIVED ANALYTICAL RECORD,SOURCE_DERIVED_ANALYTICAL,https://mstcecommerce.com/auctionhome/coalblock/RenderFileCoalBlock.jsp?file=com-Machhakata-and-Mahanadi.pdf
282,09-10-25,2025,October,Machhakata (Revised),Odisha,Odisha,II MID,1.25,1.25,101.98,564,95,95,18.45,18.45,6.0,6.0,4763,8.2,E-G,E-G,Medium,CMPDI/MSTC — Machhakata Geological Report — DERIVED ANALYTICAL RECORD,SOURCE_DERIVED_ANALYTICAL,https://mstcecommerce.com/auctionhome/coalblock/RenderFileCoalBlock.jsp?file=com-Machhakata-and-Mahanadi.pdf
283,10-10-25,2025,October,Machhakata (Revised),Odisha,Odisha,II BOT,1.85,1.85,173.31,491,78,78,11.3,11.3,2.5,2.5,4786,5.96,D-G,D-G,High,CMPDI/MSTC — Machhakata Geological Report — DERIVED ANALYTICAL RECORD,SOURCE_DERIVED_ANALYTICAL,https://mstcecommerce.com/auctionhome/coalblock/RenderFileCoalBlock.jsp?file=com-Machhakata-and-Mahanadi.pdf
284,11-10-25,2025,October,Machhakata (Revised),Odisha,Odisha,I A TOP,2.2,2.2,207.92,811,85,85,17.35,17.35,4.25,4.25,4809,12.22,E-G,E-G,High,CMPDI/MSTC — Machhakata Geological Report — DERIVED ANALYTICAL RECORD,SOURCE_DERIVED_ANALYTICAL,https://mstcecommerce.com/auctionhome/coalblock/RenderFileCoalBlock.jsp?file=com-Machhakata-and-Mahanadi.pdf
285,12-10-25,2025,October,Machhakata (Revised),Odisha,Odisha,I A BOT,4.76,4.76,234.13,3074,92,92,10.2,10.2,6.0,6.0,4832,38.42,D-G,D-G,High,CMPDI/MSTC — Machhakata Geological Report — DERIVED ANALYTICAL RECORD,SOURCE_DERIVED_ANALYTICAL,https://mstcecommerce.com/auctionhome/coalblock/RenderFileCoalBlock.jsp?file=com-Machhakata-and-Mahanadi.pdf
286,13-10-25,2025,October,Machhakata (Revised),Odisha,Odisha,I B,2.13,2.13,143.89,16865,75,75,16.25,16.25,2.5,2.5,4855,180.18,C-G,C-G,Medium,CMPDI/MSTC — Machhakata Geological Report — DERIVED ANALYTICAL RECORD,SOURCE_DERIVED_ANALYTICAL,https://mstcecommerce.com/auctionhome/coalblock/RenderFileCoalBlock.jsp?file=com-Machhakata-and-Mahanadi.pdf
287,14-10-25,2025,October,Machhakata (Revised),Odisha,Odisha,I C,0.95,0.95,175.65,727,82,82,9.1,9.1,4.25,4.25,4878,9.37,C-G,C-G,Medium,CMPDI/MSTC — Machhakata Geological Report — DERIVED ANALYTICAL RECORD,SOURCE_DERIVED_ANALYTICAL,https://mstcecommerce.com/auctionhome/coalblock/RenderFileCoalBlock.jsp?file=com-Machhakata-and-Mahanadi.pdf
288,15-10-25,2025,October,Machhakata (Revised),Odisha,Odisha,I D,2.79,2.79,211.26,4769,89,89,15.15,15.15,6.0,6.0,4901,52.29,B-G,B-G,High,CMPDI/MSTC — Machhakata Geological Report — DERIVED ANALYTICAL RECORD,SOURCE_DERIVED_ANALYTICAL,https://mstcecommerce.com/auctionhome/coalblock/RenderFileCoalBlock.jsp?file=com-Machhakata-and-Mahanadi.pdf
289,16-10-25,2025,October,Machhakata (Revised),Odisha,Odisha,XI,3.31,3.31,104.94,810,72,72,8.0,8.0,2.5,2.5,4924,10.77,E-G,E-G,High,CMPDI/MSTC — Machhakata Geological Report — DERIVED ANALYTICAL RECORD,SOURCE_DERIVED_ANALYTICAL,https://mstcecommerce.com/auctionhome/coalblock/RenderFileCoalBlock.jsp?file=com-Machhakata-and-Mahanadi.pdf
290,17-10-25,2025,October,Machhakata (Revised),Odisha,Odisha,X,2.2,2.2,135.17,456,79,79,14.05,14.05,4.25,4.25,4947,5.13,E-G,E-G,High,CMPDI/MSTC — Machhakata Geological Report — DERIVED ANALYTICAL RECORD,SOURCE_DERIVED_ANALYTICAL,https://mstcecommerce.com/auctionhome/coalblock/RenderFileCoalBlock.jsp?file=com-Machhakata-and-Mahanadi.pdf
291,18-10-25,2025,October,Machhakata (Revised),Odisha,Odisha,IX TOP,3.5,3.5,28.69,852,86,86,20.1,20.1,6.0,6.0,4970,11.7,E-G,E-G,Low,CMPDI/MSTC — Machhakata Geological Report — DERIVED ANALYTICAL RECORD,SOURCE_DERIVED_ANALYTICAL,https://mstcecommerce.com/auctionhome/coalblock/RenderFileCoalBlock.jsp?file=com-Machhakata-and-Mahanadi.pdf
292,19-10-25,2025,October,Machhakata (Revised),Odisha,Odisha,IX BOT,5.36,5.36,59.18,5571,93,93,12.95,12.95,2.5,2.5,4993,64.48,E-G,E-G,Low,CMPDI/MSTC — Machhakata Geological Report — DERIVED ANALYTICAL RECORD,SOURCE_DERIVED_ANALYTICAL,https://mstcecommerce.com/auctionhome/coalblock/RenderFileCoalBlock.jsp?file=com-Machhakata-and-Mahanadi.pdf
293,20-10-25,2025,October,Machhakata (Revised),Odisha,Odisha,VIII,13.38,13.38,67.29,8639,76,76,19.0,19.0,4.25,4.25,5016,122.71,F-G,F-G,Medium,CMPDI/MSTC — Machhakata Geological Report — DERIVED ANALYTICAL RECORD,SOURCE_DERIVED_ANALYTICAL,https://mstcecommerce.com/auctionhome/coalblock/RenderFileCoalBlock.jsp?file=com-Machhakata-and-Mahanadi.pdf
294,21-10-25,2025,October,Machhakata (Revised),Odisha,Odisha,VII TOP,1.4,1.4,99.39,10083,83,83,11.85,11.85,6.0,6.0,5039,120.04,E-G,E-G,Medium,CMPDI/MSTC — Machhakata Geological Report — DERIVED ANALYTICAL RECORD,SOURCE_DERIVED_ANALYTICAL,https://mstcecommerce.com/auctionhome/coalblock/RenderFileCoalBlock.jsp?file=com-Machhakata-and-Mahanadi.pdf
295,22-10-25,2025,October,Machhakata (Revised),Odisha,Odisha,VII BOT,1.24,1.24,125.99,511,90,90,17.9,17.9,2.5,2.5,5062,7.51,E-G,E-G,High,CMPDI/MSTC — Machhakata Geological Report — DERIVED ANALYTICAL RECORD,SOURCE_DERIVED_ANALYTICAL,https://mstcecommerce.com/auctionhome/coalblock/RenderFileCoalBlock.jsp?file=com-Machhakata-and-Mahanadi.pdf
296,23-10-25,2025,October,Machhakata (Revised),Odisha,Odisha,VI TOP,3.09,3.09,17.2,6608,73,73,10.75,10.75,4.25,4.25,5085,80.98,E-G,E-G,Low,CMPDI/MSTC — Machhakata Geological Report — DERIVED ANALYTICAL RECORD,SOURCE_DERIVED_ANALYTICAL,https://mstcecommerce.com/auctionhome/coalblock/RenderFileCoalBlock.jsp?file=com-Machhakata-and-Mahanadi.pdf
297,24-10-25,2025,October,Machhakata (Revised),Odisha,Odisha,VI BOT,6.14,6.14,55.24,5147,80,80,16.8,16.8,6.0,6.0,5108,78.46,E-G,E-G,Medium,CMPDI/MSTC — Machhakata Geological Report — DERIVED ANALYTICAL RECORD,SOURCE_DERIVED_ANALYTICAL,https://mstcecommerce.com/auctionhome/coalblock/RenderFileCoalBlock.jsp?file=com-Machhakata-and-Mahanadi.pdf
298,25-10-25,2025,October,Machhakata (Revised),Odisha,Odisha,IV/V,3.62,3.62,87.02,4493,87,87,9.65,9.65,2.5,2.5,5131,56.73,D-G,D-G,Medium,CMPDI/MSTC — Machhakata Geological Report — DERIVED ANALYTICAL RECORD,SOURCE_DERIVED_ANALYTICAL,https://mstcecommerce.com/auctionhome/coalblock/RenderFileCoalBlock.jsp?file=com-Machhakata-and-Mahanadi.pdf
299,26-10-25,2025,October,Machhakata (Revised),Odisha,Odisha,III TOP TOP,10.69,10.69,123.24,14665,94,94,15.7,15.7,4.25,4.25,5154,158.03,E-G,E-G,Medium,CMPDI/MSTC — Machhakata Geological Report — DERIVED ANALYTICAL RECORD,SOURCE_DERIVED_ANALYTICAL,https://mstcecommerce.com/auctionhome/coalblock/RenderFileCoalBlock.jsp?file=com-Machhakata-and-Mahanadi.pdf
300,27-10-25,2025,October,Machhakata (Revised),Odisha,Odisha,III MID,9.93,9.93,172.26,16678,77,77,8.55,8.55,6.0,6.0,5177,217.16,D-G,D-G,High,CMPDI/MSTC — Machhakata Geological Report — DERIVED ANALYTICAL RECORD,SOURCE_DERIVED_ANALYTICAL,https://mstcecommerce.com/auctionhome/coalblock/RenderFileCoalBlock.jsp?file=com-Machhakata-and-Mahanadi.pdf
301,28-10-25,2025,October,Machhakata (Revised),Odisha,Odisha,III BOT TOP,0.36,0.36,45.63,6578,84,84,14.6,14.6,2.5,2.5,5200,72.77,C-G,C-G,Low,CMPDI/MSTC — Machhakata Geological Report — DERIVED ANALYTICAL RECORD,SOURCE_DERIVED_ANALYTICAL,https://mstcecommerce.com/auctionhome/coalblock/RenderFileCoalBlock.jsp?file=com-Machhakata-and-Mahanadi.pdf
302,29-10-25,2025,October,Machhakata (Revised),Odisha,Odisha,III BOT BOT,0.81,0.81,74.34,803,91,91,20.65,20.65,4.25,4.25,5223,10.79,F-G,F-G,Medium,CMPDI/MSTC — Machhakata Geological Report — DERIVED ANALYTICAL RECORD,SOURCE_DERIVED_ANALYTICAL,https://mstcecommerce.com/auctionhome/coalblock/RenderFileCoalBlock.jsp?file=com-Machhakata-and-Mahanadi.pdf
303,30-10-25,2025,October,Machhakata (Revised),Odisha,Odisha,LOCAL 1,0.72,0.72,119.8,1678,74,74,13.5,13.5,6.0,6.0,5246,19.07,D-G,D-G,Medium,CMPDI/MSTC — Machhakata Geological Report — DERIVED ANALYTICAL RECORD,SOURCE_DERIVED_ANALYTICAL,https://mstcecommerce.com/auctionhome/coalblock/RenderFileCoalBlock.jsp?file=com-Machhakata-and-Mahanadi.pdf
304,31-10-25,2025,October,Machhakata (Revised),Odisha,Odisha,LOCAL 2,1.07,1.07,161.18,1052,81,81,19.55,19.55,2.5,2.5,5269,14.61,E-G,E-G,High,CMPDI/MSTC — Machhakata Geological Report — DERIVED ANALYTICAL RECORD,SOURCE_DERIVED_ANALYTICAL,https://mstcecommerce.com/auctionhome/coalblock/RenderFileCoalBlock.jsp?file=com-Machhakata-and-Mahanadi.pdf
305,01-11-25,2025,November,Machhakata (Revised),Odisha,Odisha,II TOP,2.9,2.9,200.66,3687,88,88,12.4,12.4,4.25,4.25,5292,43.07,E-G,E-G,High,CMPDI/MSTC — Machhakata Geological Report — DERIVED ANALYTICAL RECORD,SOURCE_DERIVED_ANALYTICAL,https://mstcecommerce.com/auctionhome/coalblock/RenderFileCoalBlock.jsp?file=com-Machhakata-and-Mahanadi.pdf
306,02-11-25,2025,November,Machhakata (Revised),Odisha,Odisha,II MID,1.52,1.52,235.55,571,95,95,18.45,18.45,6.0,6.0,5315,8.2,E-G,E-G,High,CMPDI/MSTC — Machhakata Geological Report — DERIVED ANALYTICAL RECORD,SOURCE_DERIVED_ANALYTICAL,https://mstcecommerce.com/auctionhome/coalblock/RenderFileCoalBlock.jsp?file=com-Machhakata-and-Mahanadi.pdf
307,03-11-25,2025,November,Machhakata (Revised),Odisha,Odisha,II BOT,2.17,2.17,110.02,496,78,78,11.3,11.3,2.5,2.5,5338,5.96,D-G,D-G,Medium,CMPDI/MSTC — Machhakata Geological Report — DERIVED ANALYTICAL RECORD,SOURCE_DERIVED_ANALYTICAL,https://mstcecommerce.com/auctionhome/coalblock/RenderFileCoalBlock.jsp?file=com-Machhakata-and-Mahanadi.pdf
308,04-11-25,2025,November,Machhakata (Revised),Odisha,Odisha,I A TOP,2.51,2.51,160.43,821,85,85,17.35,17.35,4.25,4.25,5361,12.22,E-G,E-G,High,CMPDI/MSTC — Machhakata Geological Report — DERIVED ANALYTICAL RECORD,SOURCE_DERIVED_ANALYTICAL,https://mstcecommerce.com/auctionhome/coalblock/RenderFileCoalBlock.jsp?file=com-Machhakata-and-Mahanadi.pdf
309,05-11-25,2025,November,Machhakata (Revised),Odisha,Odisha,I A BOT,0.3,0.3,178.87,3104,92,92,10.2,10.2,6.0,6.0,5384,38.42,D-G,D-G,Medium,CMPDI/MSTC — Machhakata Geological Report — DERIVED ANALYTICAL RECORD,SOURCE_DERIVED_ANALYTICAL,https://mstcecommerce.com/auctionhome/coalblock/RenderFileCoalBlock.jsp?file=com-Machhakata-and-Mahanadi.pdf
310,06-11-25,2025,November,Machhakata (Revised),Odisha,Odisha,I B,3.39,3.39,213.8,17009,75,75,16.25,16.25,2.5,2.5,5407,180.18,C-G,C-G,High,CMPDI/MSTC — Machhakata Geological Report — DERIVED ANALYTICAL RECORD,SOURCE_DERIVED_ANALYTICAL,https://mstcecommerce.com/auctionhome/coalblock/RenderFileCoalBlock.jsp?file=com-Machhakata-and-Mahanadi.pdf
311,07-11-25,2025,November,Machhakata (Revised),Odisha,Odisha,I C,1.52,1.52,246.12,735,82,82,9.1,9.1,4.25,4.25,5430,9.37,C-G,C-G,High,CMPDI/MSTC — Machhakata Geological Report — DERIVED ANALYTICAL RECORD,SOURCE_DERIVED_ANALYTICAL,https://mstcecommerce.com/auctionhome/coalblock/RenderFileCoalBlock.jsp?file=com-Machhakata-and-Mahanadi.pdf
312,08-11-25,2025,November,Machhakata (Revised),Odisha,Odisha,I D,3.83,3.83,154.59,4811,89,89,15.15,15.15,6.0,6.0,5453,52.29,B-G,B-G,Medium,CMPDI/MSTC — Machhakata Geological Report — DERIVED ANALYTICAL RECORD,SOURCE_DERIVED_ANALYTICAL,https://mstcecommerce.com/auctionhome/coalblock/RenderFileCoalBlock.jsp?file=com-Machhakata-and-Mahanadi.pdf
313,09-11-25,2025,November,Machhakata (Revised),Odisha,Odisha,XI,4.16,4.16,50.81,819,72,72,8.0,8.0,2.5,2.5,5476,10.77,E-G,E-G,Low,CMPDI/MSTC — Machhakata Geological Report — DERIVED ANALYTICAL RECORD,SOURCE_DERIVED_ANALYTICAL,https://mstcecommerce.com/auctionhome/coalblock/RenderFileCoalBlock.jsp?file=com-Machhakata-and-Mahanadi.pdf
314,10-11-25,2025,November,Machhakata (Revised),Odisha,Odisha,X,2.64,2.64,76.83,460,79,79,14.05,14.05,4.25,4.25,5499,5.13,E-G,E-G,Medium,CMPDI/MSTC — Machhakata Geological Report — DERIVED ANALYTICAL RECORD,SOURCE_DERIVED_ANALYTICAL,https://mstcecommerce.com/auctionhome/coalblock/RenderFileCoalBlock.jsp?file=com-Machhakata-and-Mahanadi.pdf
315,11-11-25,2025,November,Machhakata (Revised),Odisha,Odisha,IX TOP,4.09,4.09,110.93,861,86,86,20.1,20.1,6.0,6.0,5522,11.7,E-G,E-G,High,CMPDI/MSTC — Machhakata Geological Report — DERIVED ANALYTICAL RECORD,SOURCE_DERIVED_ANALYTICAL,https://mstcecommerce.com/auctionhome/coalblock/RenderFileCoalBlock.jsp?file=com-Machhakata-and-Mahanadi.pdf
316,12-11-25,2025,November,Machhakata (Revised),Odisha,Odisha,IX BOT,6.07,6.07,144.99,5623,93,93,12.95,12.95,2.5,2.5,5545,64.48,E-G,E-G,High,CMPDI/MSTC — Machhakata Geological Report — DERIVED ANALYTICAL RECORD,SOURCE_DERIVED_ANALYTICAL,https://mstcecommerce.com/auctionhome/coalblock/RenderFileCoalBlock.jsp?file=com-Machhakata-and-Mahanadi.pdf
317,13-11-25,2025,November,Machhakata (Revised),Odisha,Odisha,VIII,1.56,1.56,20.42,8737,76,76,19.0,19.0,4.25,4.25,5568,122.71,F-G,F-G,Low,CMPDI/MSTC — Machhakata Geological Report — DERIVED ANALYTICAL RECORD,SOURCE_DERIVED_ANALYTICAL,https://mstcecommerce.com/auctionhome/coalblock/RenderFileCoalBlock.jsp?file=com-Machhakata-and-Mahanadi.pdf
318,14-11-25,2025,November,Machhakata (Revised),Odisha,Odisha,VII TOP,2.88,2.88,43.97,10179,83,83,11.85,11.85,6.0,6.0,5591,120.04,E-G,E-G,Low,CMPDI/MSTC — Machhakata Geological Report — DERIVED ANALYTICAL RECORD,SOURCE_DERIVED_ANALYTICAL,https://mstcecommerce.com/auctionhome/coalblock/RenderFileCoalBlock.jsp?file=com-Machhakata-and-Mahanadi.pdf
319,15-11-25,2025,November,Machhakata (Revised),Odisha,Odisha,VII BOT,1.87,1.87,70.13,517,90,90,17.9,17.9,2.5,2.5,5614,7.51,E-G,E-G,Medium,CMPDI/MSTC — Machhakata Geological Report — DERIVED ANALYTICAL RECORD,SOURCE_DERIVED_ANALYTICAL,https://mstcecommerce.com/auctionhome/coalblock/RenderFileCoalBlock.jsp?file=com-Machhakata-and-Mahanadi.pdf
320,16-11-25,2025,November,Machhakata (Revised),Odisha,Odisha,VI TOP,4.04,4.04,96.66,6673,73,73,10.75,10.75,4.25,4.25,5637,80.98,E-G,E-G,Medium,CMPDI/MSTC — Machhakata Geological Report — DERIVED ANALYTICAL RECORD,SOURCE_DERIVED_ANALYTICAL,https://mstcecommerce.com/auctionhome/coalblock/RenderFileCoalBlock.jsp?file=com-Machhakata-and-Mahanadi.pdf
321,17-11-25,2025,November,Machhakata (Revised),Odisha,Odisha,VI BOT,7.63,7.63,143.12,5210,80,80,16.8,16.8,6.0,6.0,5660,78.46,E-G,E-G,High,CMPDI/MSTC — Machhakata Geological Report — DERIVED ANALYTICAL RECORD,SOURCE_DERIVED_ANALYTICAL,https://mstcecommerce.com/auctionhome/coalblock/RenderFileCoalBlock.jsp?file=com-Machhakata-and-Mahanadi.pdf
322,18-11-25,2025,November,Machhakata (Revised),Odisha,Odisha,IV/V,4.31,4.31,174.64,4538,87,87,9.65,9.65,2.5,2.5,5683,56.73,D-G,D-G,High,CMPDI/MSTC — Machhakata Geological Report — DERIVED ANALYTICAL RECORD,SOURCE_DERIVED_ANALYTICAL,https://mstcecommerce.com/auctionhome/coalblock/RenderFileCoalBlock.jsp?file=com-Machhakata-and-Mahanadi.pdf
323,19-11-25,2025,November,Machhakata (Revised),Odisha,Odisha,III TOP TOP,12.05,12.05,56.36,14792,94,94,15.7,15.7,4.25,4.25,5706,158.03,E-G,E-G,Low,CMPDI/MSTC — Machhakata Geological Report — DERIVED ANALYTICAL RECORD,SOURCE_DERIVED_ANALYTICAL,https://mstcecommerce.com/auctionhome/coalblock/RenderFileCoalBlock.jsp?file=com-Machhakata-and-Mahanadi.pdf
324,20-11-25,2025,November,Machhakata (Revised),Odisha,Odisha,III MID,10.75,10.75,101.32,16852,77,77,8.55,8.55,6.0,6.0,5729,217.16,D-G,D-G,Medium,CMPDI/MSTC — Machhakata Geological Report — DERIVED ANALYTICAL RECORD,SOURCE_DERIVED_ANALYTICAL,https://mstcecommerce.com/auctionhome/coalblock/RenderFileCoalBlock.jsp?file=com-Machhakata-and-Mahanadi.pdf
325,21-11-25,2025,November,Machhakata (Revised),Odisha,Odisha,III BOT TOP,1.02,1.02,135.35,6637,84,84,14.6,14.6,2.5,2.5,5752,72.77,C-G,C-G,Medium,CMPDI/MSTC — Machhakata Geological Report — DERIVED ANALYTICAL RECORD,SOURCE_DERIVED_ANALYTICAL,https://mstcecommerce.com/auctionhome/coalblock/RenderFileCoalBlock.jsp?file=com-Machhakata-and-Mahanadi.pdf
326,22-11-25,2025,November,Machhakata (Revised),Odisha,Odisha,III BOT BOT,1.52,1.52,160.83,811,91,91,20.65,20.65,4.25,4.25,5775,10.79,F-G,F-G,High,CMPDI/MSTC — Machhakata Geological Report — DERIVED ANALYTICAL RECORD,SOURCE_DERIVED_ANALYTICAL,https://mstcecommerce.com/auctionhome/coalblock/RenderFileCoalBlock.jsp?file=com-Machhakata-and-Mahanadi.pdf
327,23-11-25,2025,November,Machhakata (Revised),Odisha,Odisha,LOCAL 1,1.03,1.03,222.22,1693,74,74,13.5,13.5,6.0,6.0,5798,19.07,D-G,D-G,High,CMPDI/MSTC — Machhakata Geological Report — DERIVED ANALYTICAL RECORD,SOURCE_DERIVED_ANALYTICAL,https://mstcecommerce.com/auctionhome/coalblock/RenderFileCoalBlock.jsp?file=com-Machhakata-and-Mahanadi.pdf
328,24-11-25,2025,November,Machhakata (Revised),Odisha,Odisha,LOCAL 2,1.38,1.38,84.7,1064,81,81,19.55,19.55,2.5,2.5,4321,14.61,E-G,E-G,Medium,CMPDI/MSTC — Machhakata Geological Report — DERIVED ANALYTICAL RECORD,SOURCE_DERIVED_ANALYTICAL,https://mstcecommerce.com/auctionhome/coalblock/RenderFileCoalBlock.jsp?file=com-Machhakata-and-Mahanadi.pdf
329,25-11-25,2025,November,Machhakata (Revised),Odisha,Odisha,II TOP,3.54,3.54,125.05,3721,88,88,12.4,12.4,4.25,4.25,4344,43.07,E-G,E-G,Medium,CMPDI/MSTC — Machhakata Geological Report — DERIVED ANALYTICAL RECORD,SOURCE_DERIVED_ANALYTICAL,https://mstcecommerce.com/auctionhome/coalblock/RenderFileCoalBlock.jsp?file=com-Machhakata-and-Mahanadi.pdf
330,26-11-25,2025,November,Machhakata (Revised),Odisha,Odisha,II MID,1.79,1.79,130.6,577,95,95,18.45,18.45,6.0,6.0,4367,8.2,E-G,E-G,Medium,CMPDI/MSTC — Machhakata Geological Report — DERIVED ANALYTICAL RECORD,SOURCE_DERIVED_ANALYTICAL,https://mstcecommerce.com/auctionhome/coalblock/RenderFileCoalBlock.jsp?file=com-Machhakata-and-Mahanadi.pdf
331,27-11-25,2025,November,Machhakata (Revised),Odisha,Odisha,II BOT,2.49,2.49,190.57,501,78,78,11.3,11.3,2.5,2.5,4390,5.96,D-G,D-G,High,CMPDI/MSTC — Machhakata Geological Report — DERIVED ANALYTICAL RECORD,SOURCE_DERIVED_ANALYTICAL,https://mstcecommerce.com/auctionhome/coalblock/RenderFileCoalBlock.jsp?file=com-Machhakata-and-Mahanadi.pdf
332,28-11-25,2025,November,Machhakata (Revised),Odisha,Odisha,I A TOP,0.27,0.27,220.88,831,85,85,17.35,17.35,4.25,4.25,4413,12.22,E-G,E-G,High,CMPDI/MSTC — Machhakata Geological Report — DERIVED ANALYTICAL RECORD,SOURCE_DERIVED_ANALYTICAL,https://mstcecommerce.com/auctionhome/coalblock/RenderFileCoalBlock.jsp?file=com-Machhakata-and-Mahanadi.pdf
333,29-11-25,2025,November,Machhakata (Revised),Odisha,Odisha,I A BOT,0.91,0.91,123.62,3135,92,92,10.2,10.2,6.0,6.0,4436,38.42,D-G,D-G,Medium,CMPDI/MSTC — Machhakata Geological Report — DERIVED ANALYTICAL RECORD,SOURCE_DERIVED_ANALYTICAL,https://mstcecommerce.com/auctionhome/coalblock/RenderFileCoalBlock.jsp?file=com-Machhakata-and-Mahanadi.pdf
334,30-11-25,2025,November,Machhakata (Revised),Odisha,Odisha,I B,4.66,4.66,158.87,11820,75,75,16.25,16.25,2.5,2.5,4459,180.18,C-G,C-G,High,CMPDI/MSTC — Machhakata Geological Report — DERIVED ANALYTICAL RECORD,SOURCE_DERIVED_ANALYTICAL,https://mstcecommerce.com/auctionhome/coalblock/RenderFileCoalBlock.jsp?file=com-Machhakata-and-Mahanadi.pdf
335,01-12-25,2025,December,Machhakata (Revised),Odisha,Odisha,I C,2.09,2.09,190.75,742,82,82,9.1,9.1,4.25,4.25,4482,9.37,C-G,C-G,Medium,CMPDI/MSTC — Machhakata Geological Report — DERIVED ANALYTICAL RECORD,SOURCE_DERIVED_ANALYTICAL,https://mstcecommerce.com/auctionhome/coalblock/RenderFileCoalBlock.jsp?file=com-Machhakata-and-Mahanadi.pdf
336,02-12-25,2025,December,Machhakata (Revised),Odisha,Odisha,I D,4.87,4.87,226.72,4853,89,89,15.15,15.15,6.0,6.0,4505,52.29,B-G,B-G,High,CMPDI/MSTC — Machhakata Geological Report — DERIVED ANALYTICAL RECORD,SOURCE_DERIVED_ANALYTICAL,https://mstcecommerce.com/auctionhome/coalblock/RenderFileCoalBlock.jsp?file=com-Machhakata-and-Mahanadi.pdf
337,03-12-25,2025,December,Machhakata (Revised),Odisha,Odisha,XI,5.01,5.01,119.7,827,72,72,8.0,8.0,2.5,2.5,4528,10.77,E-G,E-G,High,CMPDI/MSTC — Machhakata Geological Report — DERIVED ANALYTICAL RECORD,SOURCE_DERIVED_ANALYTICAL,https://mstcecommerce.com/auctionhome/coalblock/RenderFileCoalBlock.jsp?file=com-Machhakata-and-Mahanadi.pdf
338,04-12-25,2025,December,Machhakata (Revised),Odisha,Odisha,X,3.08,3.08,18.49,464,79,79,14.05,14.05,4.25,4.25,4551,5.13,E-G,E-G,Low,CMPDI/MSTC — Machhakata Geological Report — DERIVED ANALYTICAL RECORD,SOURCE_DERIVED_ANALYTICAL,https://mstcecommerce.com/auctionhome/coalblock/RenderFileCoalBlock.jsp?file=com-Machhakata-and-Mahanadi.pdf
339,05-12-25,2025,December,Machhakata (Revised),Odisha,Odisha,IX TOP,4.67,4.67,46.31,870,86,86,20.1,20.1,6.0,6.0,4574,11.7,E-G,E-G,Medium,CMPDI/MSTC — Machhakata Geological Report — DERIVED ANALYTICAL RECORD,SOURCE_DERIVED_ANALYTICAL,https://mstcecommerce.com/auctionhome/coalblock/RenderFileCoalBlock.jsp?file=com-Machhakata-and-Mahanadi.pdf
340,06-12-25,2025,December,Machhakata (Revised),Odisha,Odisha,IX BOT,0.82,0.82,77.56,5674,93,93,12.95,12.95,2.5,2.5,4597,64.48,E-G,E-G,Medium,CMPDI/MSTC — Machhakata Geological Report — DERIVED ANALYTICAL RECORD,SOURCE_DERIVED_ANALYTICAL,https://mstcecommerce.com/auctionhome/coalblock/RenderFileCoalBlock.jsp?file=com-Machhakata-and-Mahanadi.pdf
341,07-12-25,2025,December,Machhakata (Revised),Odisha,Odisha,VIII,3.18,3.18,80.07,8835,76,76,19.0,19.0,4.25,4.25,4620,122.71,F-G,F-G,High,CMPDI/MSTC — Machhakata Geological Report — DERIVED ANALYTICAL RECORD,SOURCE_DERIVED_ANALYTICAL,https://mstcecommerce.com/auctionhome/coalblock/RenderFileCoalBlock.jsp?file=com-Machhakata-and-Mahanadi.pdf
342,08-12-25,2025,December,Machhakata (Revised),Odisha,Odisha,VII TOP,4.35,4.35,114.5,10275,83,83,11.85,11.85,6.0,6.0,4643,120.04,E-G,E-G,High,CMPDI/MSTC — Machhakata Geological Report — DERIVED ANALYTICAL RECORD,SOURCE_DERIVED_ANALYTICAL,https://mstcecommerce.com/auctionhome/coalblock/RenderFileCoalBlock.jsp?file=com-Machhakata-and-Mahanadi.pdf
343,09-12-25,2025,December,Machhakata (Revised),Odisha,Odisha,VII BOT,2.51,2.51,141.22,523,90,90,17.9,17.9,2.5,2.5,4666,7.51,E-G,E-G,High,CMPDI/MSTC — Machhakata Geological Report — DERIVED ANALYTICAL RECORD,SOURCE_DERIVED_ANALYTICAL,https://mstcecommerce.com/auctionhome/coalblock/RenderFileCoalBlock.jsp?file=com-Machhakata-and-Mahanadi.pdf
344,10-12-25,2025,December,Machhakata (Revised),Odisha,Odisha,VI TOP,4.98,4.98,34.23,6738,73,73,10.75,10.75,4.25,4.25,4689,80.98,E-G,E-G,Low,CMPDI/MSTC — Machhakata Geological Report — DERIVED ANALYTICAL RECORD,SOURCE_DERIVED_ANALYTICAL,https://mstcecommerce.com/auctionhome/coalblock/RenderFileCoalBlock.jsp?file=com-Machhakata-and-Mahanadi.pdf
345,11-12-25,2025,December,Machhakata (Revised),Odisha,Odisha,VI BOT,9.11,9.11,74.07,5273,80,80,16.8,16.8,6.0,6.0,4712,78.46,E-G,E-G,Medium,CMPDI/MSTC — Machhakata Geological Report — DERIVED ANALYTICAL RECORD,SOURCE_DERIVED_ANALYTICAL,https://mstcecommerce.com/auctionhome/coalblock/RenderFileCoalBlock.jsp?file=com-Machhakata-and-Mahanadi.pdf
346,12-12-25,2025,December,Machhakata (Revised),Odisha,Odisha,IV/V,4.99,4.99,105.8,4584,87,87,9.65,9.65,2.5,2.5,4735,56.73,D-G,D-G,Medium,CMPDI/MSTC — Machhakata Geological Report — DERIVED ANALYTICAL RECORD,SOURCE_DERIVED_ANALYTICAL,https://mstcecommerce.com/auctionhome/coalblock/RenderFileCoalBlock.jsp?file=com-Machhakata-and-Mahanadi.pdf
347,13-12-25,2025,December,Machhakata (Revised),Odisha,Odisha,III TOP TOP,13.42,13.42,141.48,14918,94,94,15.7,15.7,4.25,4.25,4758,158.03,E-G,E-G,High,CMPDI/MSTC — Machhakata Geological Report — DERIVED ANALYTICAL RECORD,SOURCE_DERIVED_ANALYTICAL,https://mstcecommerce.com/auctionhome/coalblock/RenderFileCoalBlock.jsp?file=com-Machhakata-and-Mahanadi.pdf
348,14-12-25,2025,December,Machhakata (Revised),Odisha,Odisha,III MID,4.73,4.73,191.61,17025,77,77,8.55,8.55,6.0,6.0,4781,217.16,D-G,D-G,High,CMPDI/MSTC — Machhakata Geological Report — DERIVED ANALYTICAL RECORD,SOURCE_DERIVED_ANALYTICAL,https://mstcecommerce.com/auctionhome/coalblock/RenderFileCoalBlock.jsp?file=com-Machhakata-and-Mahanadi.pdf
349,15-12-25,2025,December,Machhakata (Revised),Odisha,Odisha,III BOT TOP,1.68,1.68,64.86,6695,84,84,14.6,14.6,2.5,2.5,4804,72.77,C-G,C-G,Low,CMPDI/MSTC — Machhakata Geological Report — DERIVED ANALYTICAL RECORD,SOURCE_DERIVED_ANALYTICAL,https://mstcecommerce.com/auctionhome/coalblock/RenderFileCoalBlock.jsp?file=com-Machhakata-and-Mahanadi.pdf
350,16-12-25,2025,December,Machhakata (Revised),Odisha,Odisha,III BOT BOT,2.22,2.22,92.88,820,91,91,20.65,20.65,4.25,4.25,4827,10.79,F-G,F-G,Medium,CMPDI/MSTC — Machhakata Geological Report — DERIVED ANALYTICAL RECORD,SOURCE_DERIVED_ANALYTICAL,https://mstcecommerce.com/auctionhome/coalblock/RenderFileCoalBlock.jsp?file=com-Machhakata-and-Mahanadi.pdf
351,17-12-25,2025,December,Machhakata (Revised),Odisha,Odisha,LOCAL 1,1.34,1.34,141.75,1709,74,74,13.5,13.5,6.0,6.0,4850,19.07,D-G,D-G,Medium,CMPDI/MSTC — Machhakata Geological Report — DERIVED ANALYTICAL RECORD,SOURCE_DERIVED_ANALYTICAL,https://mstcecommerce.com/auctionhome/coalblock/RenderFileCoalBlock.jsp?file=com-Machhakata-and-Mahanadi.pdf
352,18-12-25,2025,December,Machhakata (Revised),Odisha,Odisha,LOCAL 2,1.68,1.68,182.04,1075,81,81,19.55,19.55,2.5,2.5,4873,14.61,E-G,E-G,High,CMPDI/MSTC — Machhakata Geological Report — DERIVED ANALYTICAL RECORD,SOURCE_DERIVED_ANALYTICAL,https://mstcecommerce.com/auctionhome/coalblock/RenderFileCoalBlock.jsp?file=com-Machhakata-and-Mahanadi.pdf
353,19-12-25,2025,December,Machhakata (Revised),Odisha,Odisha,II TOP,4.19,4.19,221.29,3756,88,88,12.4,12.4,4.25,4.25,4896,43.07,E-G,E-G,High,CMPDI/MSTC — Machhakata Geological Report — DERIVED ANALYTICAL RECORD,SOURCE_DERIVED_ANALYTICAL,https://mstcecommerce.com/auctionhome/coalblock/RenderFileCoalBlock.jsp?file=com-Machhakata-and-Mahanadi.pdf
354,20-12-25,2025,December,Machhakata (Revised),Odisha,Odisha,II MID,2.06,2.06,25.65,584,95,95,18.45,18.45,6.0,6.0,4919,8.2,E-G,E-G,Low,CMPDI/MSTC — Machhakata Geological Report — DERIVED ANALYTICAL RECORD,SOURCE_DERIVED_ANALYTICAL,https://mstcecommerce.com/auctionhome/coalblock/RenderFileCoalBlock.jsp?file=com-Machhakata-and-Mahanadi.pdf
355,21-12-25,2025,December,Machhakata (Revised),Odisha,Odisha,II BOT,0.12,0.12,127.28,505,78,78,11.3,11.3,2.5,2.5,4942,5.96,D-G,D-G,Medium,CMPDI/MSTC — Machhakata Geological Report — DERIVED ANALYTICAL RECORD,SOURCE_DERIVED_ANALYTICAL,https://mstcecommerce.com/auctionhome/coalblock/RenderFileCoalBlock.jsp?file=com-Machhakata-and-Mahanadi.pdf
356,22-12-25,2025,December,Machhakata (Revised),Odisha,Odisha,I A TOP,0.57,0.57,173.38,841,85,85,17.35,17.35,4.25,4.25,4965,12.22,E-G,E-G,High,CMPDI/MSTC — Machhakata Geological Report — DERIVED ANALYTICAL RECORD,SOURCE_DERIVED_ANALYTICAL,https://mstcecommerce.com/auctionhome/coalblock/RenderFileCoalBlock.jsp?file=com-Machhakata-and-Mahanadi.pdf
357,23-12-25,2025,December,Machhakata (Revised),Odisha,Odisha,I A BOT,1.52,1.52,193.94,3166,92,92,10.2,10.2,6.0,6.0,4988,38.42,D-G,D-G,High,CMPDI/MSTC — Machhakata Geological Report — DERIVED ANALYTICAL RECORD,SOURCE_DERIVED_ANALYTICAL,https://mstcecommerce.com/auctionhome/coalblock/RenderFileCoalBlock.jsp?file=com-Machhakata-and-Mahanadi.pdf
358,24-12-25,2025,December,Machhakata (Revised),Odisha,Odisha,I B,5.93,5.93,228.78,11964,75,75,16.25,16.25,2.5,2.5,5011,180.18,C-G,C-G,High,CMPDI/MSTC — Machhakata Geological Report — DERIVED ANALYTICAL RECORD,SOURCE_DERIVED_ANALYTICAL,https://mstcecommerce.com/auctionhome/coalblock/RenderFileCoalBlock.jsp?file=com-Machhakata-and-Mahanadi.pdf
359,25-12-25,2025,December,Machhakata (Revised),Odisha,Odisha,I C,2.67,2.67,135.39,750,82,82,9.1,9.1,4.25,4.25,5034,9.37,C-G,C-G,Medium,CMPDI/MSTC — Machhakata Geological Report — DERIVED ANALYTICAL RECORD,SOURCE_DERIVED_ANALYTICAL,https://mstcecommerce.com/auctionhome/coalblock/RenderFileCoalBlock.jsp?file=com-Machhakata-and-Mahanadi.pdf
360,26-12-25,2025,December,Machhakata (Revised),Odisha,Odisha,I D,5.91,5.91,170.05,4894,89,89,15.15,15.15,6.0,6.0,5057,52.29,B-G,B-G,Medium,CMPDI/MSTC — Machhakata Geological Report — DERIVED ANALYTICAL RECORD,SOURCE_DERIVED_ANALYTICAL,https://mstcecommerce.com/auctionhome/coalblock/RenderFileCoalBlock.jsp?file=com-Machhakata-and-Mahanadi.pdf
361,27-12-25,2025,December,Machhakata (Revised),Odisha,Odisha,XI,5.86,5.86,65.57,836,72,72,8.0,8.0,2.5,2.5,5080,10.77,E-G,E-G,Medium,CMPDI/MSTC — Machhakata Geological Report — DERIVED ANALYTICAL RECORD,SOURCE_DERIVED_ANALYTICAL,https://mstcecommerce.com/auctionhome/coalblock/RenderFileCoalBlock.jsp?file=com-Machhakata-and-Mahanadi.pdf
362,28-12-25,2025,December,Machhakata (Revised),Odisha,Odisha,X,3.51,3.51,92.74,468,79,79,14.05,14.05,4.25,4.25,5103,5.13,E-G,E-G,Medium,CMPDI/MSTC — Machhakata Geological Report — DERIVED ANALYTICAL RECORD,SOURCE_DERIVED_ANALYTICAL,https://mstcecommerce.com/auctionhome/coalblock/RenderFileCoalBlock.jsp?file=com-Machhakata-and-Mahanadi.pdf
363,29-12-25,2025,December,Machhakata (Revised),Odisha,Odisha,IX TOP,0.39,0.39,128.56,880,86,86,20.1,20.1,6.0,6.0,5126,11.7,E-G,E-G,High,CMPDI/MSTC — Machhakata Geological Report — DERIVED ANALYTICAL RECORD,SOURCE_DERIVED_ANALYTICAL,https://mstcecommerce.com/auctionhome/coalblock/RenderFileCoalBlock.jsp?file=com-Machhakata-and-Mahanadi.pdf
364,30-12-25,2025,December,Machhakata (Revised),Odisha,Odisha,IX BOT,1.53,1.53,163.37,5726,93,93,12.95,12.95,2.5,2.5,5149,64.48,E-G,E-G,High,CMPDI/MSTC — Machhakata Geological Report — DERIVED ANALYTICAL RECORD,SOURCE_DERIVED_ANALYTICAL,https://mstcecommerce.com/auctionhome/coalblock/RenderFileCoalBlock.jsp?file=com-Machhakata-and-Mahanadi.pdf
365,31-12-25,2025,December,Machhakata (Revised),Odisha,Odisha,VIII,4.79,4.79,33.2,8933,76,76,19.0,19.0,4.25,4.25,5172,122.71,F-G,F-G,Medium,CMPDI/MSTC — Machhakata Geological Report — DERIVED ANALYTICAL RECORD,SOURCE_DERIVED_ANALYTICAL,https://mstcecommerce.com/auctionhome/coalblock/RenderFileCoalBlock.jsp?file=com-Machhakata-and-Mahanadi.pdf
366,01-01-26,2026,January,Machhakata (Revised),Odisha,Odisha,VII TOP,5.83,5.83,59.08,10371,83,83,11.85,11.85,6.0,6.0,5195,120.04,E-G,E-G,Medium,CMPDI/MSTC — Machhakata Geological Report — DERIVED ANALYTICAL RECORD,SOURCE_DERIVED_ANALYTICAL,https://mstcecommerce.com/auctionhome/coalblock/RenderFileCoalBlock.jsp?file=com-Machhakata-and-Mahanadi.pdf
367,02-01-26,2026,January,Machhakata (Revised),Odisha,Odisha,VII BOT,3.14,3.14,85.36,529,90,90,17.9,17.9,2.5,2.5,5218,7.51,E-G,E-G,Medium,CMPDI/MSTC — Machhakata Geological Report — DERIVED ANALYTICAL RECORD,SOURCE_DERIVED_ANALYTICAL,https://mstcecommerce.com/auctionhome/coalblock/RenderFileCoalBlock.jsp?file=com-Machhakata-and-Mahanadi.pdf
368,03-01-26,2026,January,Machhakata (Revised),Odisha,Odisha,VI TOP,5.93,5.93,113.69,6802,73,73,10.75,10.75,4.25,4.25,5241,80.98,E-G,E-G,High,CMPDI/MSTC — Machhakata Geological Report — DERIVED ANALYTICAL RECORD,SOURCE_DERIVED_ANALYTICAL,https://mstcecommerce.com/auctionhome/coalblock/RenderFileCoalBlock.jsp?file=com-Machhakata-and-Mahanadi.pdf
369,04-01-26,2026,January,Machhakata (Revised),Odisha,Odisha,VI BOT,10.6,10.6,161.95,5335,80,80,16.8,16.8,6.0,6.0,5264,78.46,E-G,E-G,High,CMPDI/MSTC — Machhakata Geological Report — DERIVED ANALYTICAL RECORD,SOURCE_DERIVED_ANALYTICAL,https://mstcecommerce.com/auctionhome/coalblock/RenderFileCoalBlock.jsp?file=com-Machhakata-and-Mahanadi.pdf
370,05-01-26,2026,January,Machhakata (Revised),Odisha,Odisha,IV/V,5.68,5.68,36.96,4629,87,87,9.65,9.65,2.5,2.5,5287,56.73,D-G,D-G,Low,CMPDI/MSTC — Machhakata Geological Report — DERIVED ANALYTICAL RECORD,SOURCE_DERIVED_ANALYTICAL,https://mstcecommerce.com/auctionhome/coalblock/RenderFileCoalBlock.jsp?file=com-Machhakata-and-Mahanadi.pdf
371,06-01-26,2026,January,Machhakata (Revised),Odisha,Odisha,III TOP TOP,3.39,3.39,74.6,10367,94,94,15.7,15.7,4.25,4.25,5310,158.03,E-G,E-G,Medium,CMPDI/MSTC — Machhakata Geological Report — DERIVED ANALYTICAL RECORD,SOURCE_DERIVED_ANALYTICAL,https://mstcecommerce.com/auctionhome/coalblock/RenderFileCoalBlock.jsp?file=com-Machhakata-and-Mahanadi.pdf
372,07-01-26,2026,January,Machhakata (Revised),Odisha,Odisha,III MID,5.55,5.55,120.67,17199,77,77,8.55,8.55,6.0,6.0,5333,217.16,D-G,D-G,Medium,CMPDI/MSTC — Machhakata Geological Report — DERIVED ANALYTICAL RECORD,SOURCE_DERIVED_ANALYTICAL,https://mstcecommerce.com/auctionhome/coalblock/RenderFileCoalBlock.jsp?file=com-Machhakata-and-Mahanadi.pdf
373,08-01-26,2026,January,Machhakata (Revised),Odisha,Odisha,III BOT TOP,2.33,2.33,154.58,6753,84,84,14.6,14.6,2.5,2.5,5356,72.77,C-G,C-G,High,CMPDI/MSTC — Machhakata Geological Report — DERIVED ANALYTICAL RECORD,SOURCE_DERIVED_ANALYTICAL,https://mstcecommerce.com/auctionhome/coalblock/RenderFileCoalBlock.jsp?file=com-Machhakata-and-Mahanadi.pdf
374,09-01-26,2026,January,Machhakata (Revised),Odisha,Odisha,III BOT BOT,2.92,2.92,179.36,829,91,91,20.65,20.65,4.25,4.25,5379,10.79,F-G,F-G,High,CMPDI/MSTC — Machhakata Geological Report — DERIVED ANALYTICAL RECORD,SOURCE_DERIVED_ANALYTICAL,https://mstcecommerce.com/auctionhome/coalblock/RenderFileCoalBlock.jsp?file=com-Machhakata-and-Mahanadi.pdf
375,10-01-26,2026,January,Machhakata (Revised),Odisha,Odisha,LOCAL 1,1.64,1.64,61.27,1724,74,74,13.5,13.5,6.0,6.0,5402,19.07,D-G,D-G,Low,CMPDI/MSTC — Machhakata Geological Report — DERIVED ANALYTICAL RECORD,SOURCE_DERIVED_ANALYTICAL,https://mstcecommerce.com/auctionhome/coalblock/RenderFileCoalBlock.jsp?file=com-Machhakata-and-Mahanadi.pdf
376,11-01-26,2026,January,Machhakata (Revised),Odisha,Odisha,LOCAL 2,1.99,1.99,105.56,1087,81,81,19.55,19.55,2.5,2.5,5425,14.61,E-G,E-G,Medium,CMPDI/MSTC — Machhakata Geological Report — DERIVED ANALYTICAL RECORD,SOURCE_DERIVED_ANALYTICAL,https://mstcecommerce.com/auctionhome/coalblock/RenderFileCoalBlock.jsp?file=com-Machhakata-and-Mahanadi.pdf
377,12-01-26,2026,January,Machhakata (Revised),Odisha,Odisha,II TOP,4.83,4.83,145.67,3790,88,88,12.4,12.4,4.25,4.25,5448,43.07,E-G,E-G,Medium,CMPDI/MSTC — Machhakata Geological Report — DERIVED ANALYTICAL RECORD,SOURCE_DERIVED_ANALYTICAL,https://mstcecommerce.com/auctionhome/coalblock/RenderFileCoalBlock.jsp?file=com-Machhakata-and-Mahanadi.pdf
378,13-01-26,2026,January,Machhakata (Revised),Odisha,Odisha,II MID,0.08,0.08,159.22,590,95,95,18.45,18.45,6.0,6.0,5471,8.2,E-G,E-G,Medium,CMPDI/MSTC — Machhakata Geological Report — DERIVED ANALYTICAL RECORD,SOURCE_DERIVED_ANALYTICAL,https://mstcecommerce.com/auctionhome/coalblock/RenderFileCoalBlock.jsp?file=com-Machhakata-and-Mahanadi.pdf
379,14-01-26,2026,January,Machhakata (Revised),Odisha,Odisha,II BOT,0.45,0.45,207.83,510,78,78,11.3,11.3,2.5,2.5,5494,5.96,D-G,D-G,High,CMPDI/MSTC — Machhakata Geological Report — DERIVED ANALYTICAL RECORD,SOURCE_DERIVED_ANALYTICAL,https://mstcecommerce.com/auctionhome/coalblock/RenderFileCoalBlock.jsp?file=com-Machhakata-and-Mahanadi.pdf
380,15-01-26,2026,January,Machhakata (Revised),Odisha,Odisha,I A TOP,0.88,0.88,125.89,851,85,85,17.35,17.35,4.25,4.25,5517,12.22,E-G,E-G,Medium,CMPDI/MSTC — Machhakata Geological Report — DERIVED ANALYTICAL RECORD,SOURCE_DERIVED_ANALYTICAL,https://mstcecommerce.com/auctionhome/coalblock/RenderFileCoalBlock.jsp?file=com-Machhakata-and-Mahanadi.pdf
381,16-01-26,2026,January,Machhakata (Revised),Odisha,Odisha,I A BOT,2.13,2.13,138.69,3197,92,92,10.2,10.2,6.0,6.0,5540,38.42,D-G,D-G,Medium,CMPDI/MSTC — Machhakata Geological Report — DERIVED ANALYTICAL RECORD,SOURCE_DERIVED_ANALYTICAL,https://mstcecommerce.com/auctionhome/coalblock/RenderFileCoalBlock.jsp?file=com-Machhakata-and-Mahanadi.pdf
382,17-01-26,2026,January,Machhakata (Revised),Odisha,Odisha,I B,7.19,7.19,173.85,12108,75,75,16.25,16.25,2.5,2.5,5563,180.18,C-G,C-G,High,CMPDI/MSTC — Machhakata Geological Report — DERIVED ANALYTICAL RECORD,SOURCE_DERIVED_ANALYTICAL,https://mstcecommerce.com/auctionhome/coalblock/RenderFileCoalBlock.jsp?file=com-Machhakata-and-Mahanadi.pdf
383,18-01-26,2026,January,Machhakata (Revised),Odisha,Odisha,I C,3.24,3.24,205.85,757,82,82,9.1,9.1,4.25,4.25,5586,9.37,C-G,C-G,High,CMPDI/MSTC — Machhakata Geological Report — DERIVED ANALYTICAL RECORD,SOURCE_DERIVED_ANALYTICAL,https://mstcecommerce.com/auctionhome/coalblock/RenderFileCoalBlock.jsp?file=com-Machhakata-and-Mahanadi.pdf
384,19-01-26,2026,January,Machhakata (Revised),Odisha,Odisha,I D,6.95,6.95,242.18,4936,89,89,15.15,15.15,6.0,6.0,5609,52.29,B-G,B-G,High,CMPDI/MSTC — Machhakata Geological Report — DERIVED ANALYTICAL RECORD,SOURCE_DERIVED_ANALYTICAL,https://mstcecommerce.com/auctionhome/coalblock/RenderFileCoalBlock.jsp?file=com-Machhakata-and-Mahanadi.pdf
385,20-01-26,2026,January,Machhakata (Revised),Odisha,Odisha,XI,6.7,6.7,134.46,844,72,72,8.0,8.0,2.5,2.5,5632,10.77,E-G,E-G,High,CMPDI/MSTC — Machhakata Geological Report — DERIVED ANALYTICAL RECORD,SOURCE_DERIVED_ANALYTICAL,https://mstcecommerce.com/auctionhome/coalblock/RenderFileCoalBlock.jsp?file=com-Machhakata-and-Mahanadi.pdf
386,21-01-26,2026,January,Machhakata (Revised),Odisha,Odisha,X,0.3,0.3,34.4,472,79,79,14.05,14.05,4.25,4.25,5655,5.13,E-G,E-G,Low,CMPDI/MSTC — Machhakata Geological Report — DERIVED ANALYTICAL RECORD,SOURCE_DERIVED_ANALYTICAL,https://mstcecommerce.com/auctionhome/coalblock/RenderFileCoalBlock.jsp?file=com-Machhakata-and-Mahanadi.pdf
387,22-01-26,2026,January,Machhakata (Revised),Odisha,Odisha,IX TOP,0.97,0.97,63.94,889,86,86,20.1,20.1,6.0,6.0,5678,11.7,E-G,E-G,Medium,CMPDI/MSTC — Machhakata Geological Report — DERIVED ANALYTICAL RECORD,SOURCE_DERIVED_ANALYTICAL,https://mstcecommerce.com/auctionhome/coalblock/RenderFileCoalBlock.jsp?file=com-Machhakata-and-Mahanadi.pdf
388,23-01-26,2026,January,Machhakata (Revised),Odisha,Odisha,IX BOT,2.25,2.25,95.95,5777,93,93,12.95,12.95,2.5,2.5,5701,64.48,E-G,E-G,Medium,CMPDI/MSTC — Machhakata Geological Report — DERIVED ANALYTICAL RECORD,SOURCE_DERIVED_ANALYTICAL,https://mstcecommerce.com/auctionhome/coalblock/RenderFileCoalBlock.jsp?file=com-Machhakata-and-Mahanadi.pdf
389,24-01-26,2026,January,Machhakata (Revised),Odisha,Odisha,VIII,6.4,6.4,92.85,9031,76,76,19.0,19.0,4.25,4.25,5724,122.71,F-G,F-G,High,CMPDI/MSTC — Machhakata Geological Report — DERIVED ANALYTICAL RECORD,SOURCE_DERIVED_ANALYTICAL,https://mstcecommerce.com/auctionhome/coalblock/RenderFileCoalBlock.jsp?file=com-Machhakata-and-Mahanadi.pdf
390,25-01-26,2026,January,Machhakata (Revised),Odisha,Odisha,VII TOP,7.31,7.31,129.61,10467,83,83,11.85,11.85,6.0,6.0,5747,120.04,E-G,E-G,High,CMPDI/MSTC — Machhakata Geological Report — DERIVED ANALYTICAL RECORD,SOURCE_DERIVED_ANALYTICAL,https://mstcecommerce.com/auctionhome/coalblock/RenderFileCoalBlock.jsp?file=com-Machhakata-and-Mahanadi.pdf
391,26-01-26,2026,January,Machhakata (Revised),Odisha,Odisha,VII BOT,3.78,3.78,29.5,535,90,90,17.9,17.9,2.5,2.5,5770,7.51,E-G,E-G,Low,CMPDI/MSTC — Machhakata Geological Report — DERIVED ANALYTICAL RECORD,SOURCE_DERIVED_ANALYTICAL,https://mstcecommerce.com/auctionhome/coalblock/RenderFileCoalBlock.jsp?file=com-Machhakata-and-Mahanadi.pdf
392,27-01-26,2026,January,Machhakata (Revised),Odisha,Odisha,VI TOP,6.87,6.87,51.26,6867,73,73,10.75,10.75,4.25,4.25,5793,80.98,E-G,E-G,Low,CMPDI/MSTC — Machhakata Geological Report — DERIVED ANALYTICAL RECORD,SOURCE_DERIVED_ANALYTICAL,https://mstcecommerce.com/auctionhome/coalblock/RenderFileCoalBlock.jsp?file=com-Machhakata-and-Mahanadi.pdf
393,28-01-26,2026,January,Machhakata (Revised),Odisha,Odisha,VI BOT,12.08,12.08,92.9,5398,80,80,16.8,16.8,6.0,6.0,4316,78.46,E-G,E-G,Medium,CMPDI/MSTC — Machhakata Geological Report — DERIVED ANALYTICAL RECORD,SOURCE_DERIVED_ANALYTICAL,https://mstcecommerce.com/auctionhome/coalblock/RenderFileCoalBlock.jsp?file=com-Machhakata-and-Mahanadi.pdf
394,29-01-26,2026,January,Machhakata (Revised),Odisha,Odisha,IV/V,0.64,0.64,124.57,4675,87,87,9.65,9.65,2.5,2.5,4339,56.73,D-G,D-G,Medium,CMPDI/MSTC — Machhakata Geological Report — DERIVED ANALYTICAL RECORD,SOURCE_DERIVED_ANALYTICAL,https://mstcecommerce.com/auctionhome/coalblock/RenderFileCoalBlock.jsp?file=com-Machhakata-and-Mahanadi.pdf
395,30-01-26,2026,January,Machhakata (Revised),Odisha,Odisha,III TOP TOP,4.76,4.76,159.72,10493,94,94,15.7,15.7,4.25,4.25,4362,158.03,E-G,E-G,High,CMPDI/MSTC — Machhakata Geological Report — DERIVED ANALYTICAL RECORD,SOURCE_DERIVED_ANALYTICAL,https://mstcecommerce.com/auctionhome/coalblock/RenderFileCoalBlock.jsp?file=com-Machhakata-and-Mahanadi.pdf
396,31-01-26,2026,January,Machhakata (Revised),Odisha,Odisha,III MID,6.37,6.37,49.72,17373,77,77,8.55,8.55,6.0,6.0,4385,217.16,D-G,D-G,Low,CMPDI/MSTC — Machhakata Geological Report — DERIVED ANALYTICAL RECORD,SOURCE_DERIVED_ANALYTICAL,https://mstcecommerce.com/auctionhome/coalblock/RenderFileCoalBlock.jsp?file=com-Machhakata-and-Mahanadi.pdf
397,01-02-26,2026,February,Machhakata (Revised),Odisha,Odisha,III BOT TOP,2.99,2.99,84.08,6811,84,84,14.6,14.6,2.5,2.5,4408,72.77,C-G,C-G,Medium,CMPDI/MSTC — Machhakata Geological Report — DERIVED ANALYTICAL RECORD,SOURCE_DERIVED_ANALYTICAL,https://mstcecommerce.com/auctionhome/coalblock/RenderFileCoalBlock.jsp?file=com-Machhakata-and-Mahanadi.pdf
398,02-02-26,2026,February,Machhakata (Revised),Odisha,Odisha,III BOT BOT,3.62,3.62,111.41,837,91,91,20.65,20.65,4.25,4.25,4431,10.79,F-G,F-G,Medium,CMPDI/MSTC — Machhakata Geological Report — DERIVED ANALYTICAL RECORD,SOURCE_DERIVED_ANALYTICAL,https://mstcecommerce.com/auctionhome/coalblock/RenderFileCoalBlock.jsp?file=com-Machhakata-and-Mahanadi.pdf
399,03-02-26,2026,February,Machhakata (Revised),Odisha,Odisha,LOCAL 1,1.95,1.95,163.69,1739,74,74,13.5,13.5,6.0,6.0,4454,19.07,D-G,D-G,High,CMPDI/MSTC — Machhakata Geological Report — DERIVED ANALYTICAL RECORD,SOURCE_DERIVED_ANALYTICAL,https://mstcecommerce.com/auctionhome/coalblock/RenderFileCoalBlock.jsp?file=com-Machhakata-and-Mahanadi.pdf
400,04-02-26,2026,February,Machhakata (Revised),Odisha,Odisha,LOCAL 2,2.29,2.29,202.89,1099,81,81,19.55,19.55,2.5,2.5,4477,14.61,E-G,E-G,High,CMPDI/MSTC — Machhakata Geological Report — DERIVED ANALYTICAL RECORD,SOURCE_DERIVED_ANALYTICAL,https://mstcecommerce.com/auctionhome/coalblock/RenderFileCoalBlock.jsp?file=com-Machhakata-and-Mahanadi.pdf
401,05-02-26,2026,February,Machhakata (Revised),Odisha,Odisha,II TOP,0.12,0.12,70.05,3825,88,88,12.4,12.4,4.25,4.25,4500,43.07,E-G,E-G,Low,CMPDI/MSTC — Machhakata Geological Report — DERIVED ANALYTICAL RECORD,SOURCE_DERIVED_ANALYTICAL,https://mstcecommerce.com/auctionhome/coalblock/RenderFileCoalBlock.jsp?file=com-Machhakata-and-Mahanadi.pdf
402,06-02-26,2026,February,Machhakata (Revised),Odisha,Odisha,II MID,0.35,0.35,54.27,597,95,95,18.45,18.45,6.0,6.0,4523,8.2,E-G,E-G,Low,CMPDI/MSTC — Machhakata Geological Report — DERIVED ANALYTICAL RECORD,SOURCE_DERIVED_ANALYTICAL,https://mstcecommerce.com/auctionhome/coalblock/RenderFileCoalBlock.jsp?file=com-Machhakata-and-Mahanadi.pdf
403,07-02-26,2026,February,Machhakata (Revised),Odisha,Odisha,II BOT,0.77,0.77,144.54,515,78,78,11.3,11.3,2.5,2.5,4546,5.96,D-G,D-G,Medium,CMPDI/MSTC — Machhakata Geological Report — DERIVED ANALYTICAL RECORD,SOURCE_DERIVED_ANALYTICAL,https://mstcecommerce.com/auctionhome/coalblock/RenderFileCoalBlock.jsp?file=com-Machhakata-and-Mahanadi.pdf
404,08-02-26,2026,February,Machhakata (Revised),Odisha,Odisha,I A TOP,1.18,1.18,186.34,860,85,85,17.35,17.35,4.25,4.25,4569,12.22,E-G,E-G,High,CMPDI/MSTC — Machhakata Geological Report — DERIVED ANALYTICAL RECORD,SOURCE_DERIVED_ANALYTICAL,https://mstcecommerce.com/auctionhome/coalblock/RenderFileCoalBlock.jsp?file=com-Machhakata-and-Mahanadi.pdf
405,09-02-26,2026,February,Machhakata (Revised),Odisha,Odisha,I A BOT,2.74,2.74,209.01,3227,92,92,10.2,10.2,6.0,6.0,4592,38.42,D-G,D-G,High,CMPDI/MSTC — Machhakata Geological Report — DERIVED ANALYTICAL RECORD,SOURCE_DERIVED_ANALYTICAL,https://mstcecommerce.com/auctionhome/coalblock/RenderFileCoalBlock.jsp?file=com-Machhakata-and-Mahanadi.pdf
406,10-02-26,2026,February,Machhakata (Revised),Odisha,Odisha,I B,8.46,8.46,243.76,12252,75,75,16.25,16.25,2.5,2.5,4615,180.18,C-G,C-G,High,CMPDI/MSTC — Machhakata Geological Report — DERIVED ANALYTICAL RECORD,SOURCE_DERIVED_ANALYTICAL,https://mstcecommerce.com/auctionhome/coalblock/RenderFileCoalBlock.jsp?file=com-Machhakata-and-Mahanadi.pdf
407,11-02-26,2026,February,Machhakata (Revised),Odisha,Odisha,I C,3.81,3.81,150.49,765,82,82,9.1,9.1,4.25,4.25,4638,9.37,C-G,C-G,Medium,CMPDI/MSTC — Machhakata Geological Report — DERIVED ANALYTICAL RECORD,SOURCE_DERIVED_ANALYTICAL,https://mstcecommerce.com/auctionhome/coalblock/RenderFileCoalBlock.jsp?file=com-Machhakata-and-Mahanadi.pdf
408,12-02-26,2026,February,Machhakata (Revised),Odisha,Odisha,I D,7.99,7.99,185.5,3430,89,89,15.15,15.15,6.0,6.0,4661,52.29,B-G,B-G,Medium,CMPDI/MSTC — Machhakata Geological Report — DERIVED ANALYTICAL RECORD,SOURCE_DERIVED_ANALYTICAL,https://mstcecommerce.com/auctionhome/coalblock/RenderFileCoalBlock.jsp?file=com-Machhakata-and-Mahanadi.pdf
409,13-02-26,2026,February,Machhakata (Revised),Odisha,Odisha,XI,0.48,0.48,80.34,853,72,72,8.0,8.0,2.5,2.5,4684,10.77,E-G,E-G,Medium,CMPDI/MSTC — Machhakata Geological Report — DERIVED ANALYTICAL RECORD,SOURCE_DERIVED_ANALYTICAL,https://mstcecommerce.com/auctionhome/coalblock/RenderFileCoalBlock.jsp?file=com-Machhakata-and-Mahanadi.pdf
410,14-02-26,2026,February,Machhakata (Revised),Odisha,Odisha,X,0.74,0.74,108.65,476,79,79,14.05,14.05,4.25,4.25,4707,5.13,E-G,E-G,High,CMPDI/MSTC — Machhakata Geological Report — DERIVED ANALYTICAL RECORD,SOURCE_DERIVED_ANALYTICAL,https://mstcecommerce.com/auctionhome/coalblock/RenderFileCoalBlock.jsp?file=com-Machhakata-and-Mahanadi.pdf
411,15-02-26,2026,February,Machhakata (Revised),Odisha,Odisha,IX TOP,1.56,1.56,146.18,899,86,86,20.1,20.1,6.0,6.0,4730,11.7,E-G,E-G,High,CMPDI/MSTC — Machhakata Geological Report — DERIVED ANALYTICAL RECORD,SOURCE_DERIVED_ANALYTICAL,https://mstcecommerce.com/auctionhome/coalblock/RenderFileCoalBlock.jsp?file=com-Machhakata-and-Mahanadi.pdf
412,16-02-26,2026,February,Machhakata (Revised),Odisha,Odisha,IX BOT,2.97,2.97,28.53,5829,93,93,12.95,12.95,2.5,2.5,4753,64.48,E-G,E-G,Low,CMPDI/MSTC — Machhakata Geological Report — DERIVED ANALYTICAL RECORD,SOURCE_DERIVED_ANALYTICAL,https://mstcecommerce.com/auctionhome/coalblock/RenderFileCoalBlock.jsp?file=com-Machhakata-and-Mahanadi.pdf
413,17-02-26,2026,February,Machhakata (Revised),Odisha,Odisha,VIII,8.01,8.01,45.99,9130,76,76,19.0,19.0,4.25,4.25,4776,122.71,F-G,F-G,Medium,CMPDI/MSTC — Machhakata Geological Report — DERIVED ANALYTICAL RECORD,SOURCE_DERIVED_ANALYTICAL,https://mstcecommerce.com/auctionhome/coalblock/RenderFileCoalBlock.jsp?file=com-Machhakata-and-Mahanadi.pdf
414,18-02-26,2026,February,Machhakata (Revised),Odisha,Odisha,VII TOP,8.78,8.78,74.2,10564,83,83,11.85,11.85,6.0,6.0,4799,120.04,E-G,E-G,Medium,CMPDI/MSTC — Machhakata Geological Report — DERIVED ANALYTICAL RECORD,SOURCE_DERIVED_ANALYTICAL,https://mstcecommerce.com/auctionhome/coalblock/RenderFileCoalBlock.jsp?file=com-Machhakata-and-Mahanadi.pdf
415,19-02-26,2026,February,Machhakata (Revised),Odisha,Odisha,VII BOT,4.42,4.42,100.6,541,90,90,17.9,17.9,2.5,2.5,4822,7.51,E-G,E-G,High,CMPDI/MSTC — Machhakata Geological Report — DERIVED ANALYTICAL RECORD,SOURCE_DERIVED_ANALYTICAL,https://mstcecommerce.com/auctionhome/coalblock/RenderFileCoalBlock.jsp?file=com-Machhakata-and-Mahanadi.pdf
416,20-02-26,2026,February,Machhakata (Revised),Odisha,Odisha,VI TOP,7.82,7.82,130.72,6932,73,73,10.75,10.75,4.25,4.25,4845,80.98,E-G,E-G,High,CMPDI/MSTC — Machhakata Geological Report — DERIVED ANALYTICAL RECORD,SOURCE_DERIVED_ANALYTICAL,https://mstcecommerce.com/auctionhome/coalblock/RenderFileCoalBlock.jsp?file=com-Machhakata-and-Mahanadi.pdf
417,21-02-26,2026,February,Machhakata (Revised),Odisha,Odisha,VI BOT,1.19,1.19,23.85,5461,80,80,16.8,16.8,6.0,6.0,4868,78.46,E-G,E-G,Low,CMPDI/MSTC — Machhakata Geological Report — DERIVED ANALYTICAL RECORD,SOURCE_DERIVED_ANALYTICAL,https://mstcecommerce.com/auctionhome/coalblock/RenderFileCoalBlock.jsp?file=com-Machhakata-and-Mahanadi.pdf
418,22-02-26,2026,February,Machhakata (Revised),Odisha,Odisha,IV/V,1.33,1.33,55.73,4720,87,87,9.65,9.65,2.5,2.5,4891,56.73,D-G,D-G,Low,CMPDI/MSTC — Machhakata Geological Report — DERIVED ANALYTICAL RECORD,SOURCE_DERIVED_ANALYTICAL,https://mstcecommerce.com/auctionhome/coalblock/RenderFileCoalBlock.jsp?file=com-Machhakata-and-Mahanadi.pdf
419,23-02-26,2026,February,Machhakata (Revised),Odisha,Odisha,III TOP TOP,6.13,6.13,92.84,10620,94,94,15.7,15.7,4.25,4.25,4914,158.03,E-G,E-G,Medium,CMPDI/MSTC — Machhakata Geological Report — DERIVED ANALYTICAL RECORD,SOURCE_DERIVED_ANALYTICAL,https://mstcecommerce.com/auctionhome/coalblock/RenderFileCoalBlock.jsp?file=com-Machhakata-and-Mahanadi.pdf
420,24-02-26,2026,February,Machhakata (Revised),Odisha,Odisha,III MID,7.19,7.19,140.02,17547,77,77,8.55,8.55,6.0,6.0,4937,217.16,D-G,D-G,Medium,CMPDI/MSTC — Machhakata Geological Report — DERIVED ANALYTICAL RECORD,SOURCE_DERIVED_ANALYTICAL,https://mstcecommerce.com/auctionhome/coalblock/RenderFileCoalBlock.jsp?file=com-Machhakata-and-Mahanadi.pdf
421,25-02-26,2026,February,Machhakata (Revised),Odisha,Odisha,III BOT TOP,3.65,3.65,173.81,6869,84,84,14.6,14.6,2.5,2.5,4960,72.77,C-G,C-G,High,CMPDI/MSTC — Machhakata Geological Report — DERIVED ANALYTICAL RECORD,SOURCE_DERIVED_ANALYTICAL,https://mstcecommerce.com/auctionhome/coalblock/RenderFileCoalBlock.jsp?file=com-Machhakata-and-Mahanadi.pdf
422,26-02-26,2026,February,Machhakata (Revised),Odisha,Odisha,III BOT BOT,4.33,4.33,197.9,846,91,91,20.65,20.65,4.25,4.25,4983,10.79,F-G,F-G,High,CMPDI/MSTC — Machhakata Geological Report — DERIVED ANALYTICAL RECORD,SOURCE_DERIVED_ANALYTICAL,https://mstcecommerce.com/auctionhome/coalblock/RenderFileCoalBlock.jsp?file=com-Machhakata-and-Mahanadi.pdf
423,27-02-26,2026,February,Machhakata (Revised),Odisha,Odisha,LOCAL 1,2.26,2.26,83.22,1754,74,74,13.5,13.5,6.0,6.0,5006,19.07,D-G,D-G,Medium,CMPDI/MSTC — Machhakata Geological Report — DERIVED ANALYTICAL RECORD,SOURCE_DERIVED_ANALYTICAL,https://mstcecommerce.com/auctionhome/coalblock/RenderFileCoalBlock.jsp?file=com-Machhakata-and-Mahanadi.pdf
424,28-02-26,2026,February,Machhakata (Revised),Odisha,Odisha,LOCAL 2,2.59,2.59,126.41,1110,81,81,19.55,19.55,2.5,2.5,5029,14.61,E-G,E-G,Medium,CMPDI/MSTC — Machhakata Geological Report — DERIVED ANALYTICAL RECORD,SOURCE_DERIVED_ANALYTICAL,https://mstcecommerce.com/auctionhome/coalblock/RenderFileCoalBlock.jsp?file=com-Machhakata-and-Mahanadi.pdf
425,01-03-26,2026,March,Machhakata (Revised),Odisha,Odisha,II TOP,0.76,0.76,166.29,3859,88,88,12.4,12.4,4.25,4.25,5052,43.07,E-G,E-G,Medium,CMPDI/MSTC — Machhakata Geological Report — DERIVED ANALYTICAL RECORD,SOURCE_DERIVED_ANALYTICAL,https://mstcecommerce.com/auctionhome/coalblock/RenderFileCoalBlock.jsp?file=com-Machhakata-and-Mahanadi.pdf
426,02-03-26,2026,March,Machhakata (Revised),Odisha,Odisha,II MID,0.62,0.62,187.85,604,95,95,18.45,18.45,6.0,6.0,5075,8.2,E-G,E-G,High,CMPDI/MSTC — Machhakata Geological Report — DERIVED ANALYTICAL RECORD,SOURCE_DERIVED_ANALYTICAL,https://mstcecommerce.com/auctionhome/coalblock/RenderFileCoalBlock.jsp?file=com-Machhakata-and-Mahanadi.pdf
427,03-03-26,2026,March,Machhakata (Revised),Odisha,Odisha,II BOT,1.09,1.09,225.09,520,78,78,11.3,11.3,2.5,2.5,5098,5.96,D-G,D-G,High,CMPDI/MSTC — Machhakata Geological Report — DERIVED ANALYTICAL RECORD,SOURCE_DERIVED_ANALYTICAL,https://mstcecommerce.com/auctionhome/coalblock/RenderFileCoalBlock.jsp?file=com-Machhakata-and-Mahanadi.pdf
428,04-03-26,2026,March,Machhakata (Revised),Odisha,Odisha,I A TOP,1.49,1.49,138.84,870,85,85,17.35,17.35,4.25,4.25,5121,12.22,E-G,E-G,Medium,CMPDI/MSTC — Machhakata Geological Report — DERIVED ANALYTICAL RECORD,SOURCE_DERIVED_ANALYTICAL,https://mstcecommerce.com/auctionhome/coalblock/RenderFileCoalBlock.jsp?file=com-Machhakata-and-Mahanadi.pdf
429,05-03-26,2026,March,Machhakata (Revised),Odisha,Odisha,I A BOT,3.34,3.34,153.76,3258,92,92,10.2,10.2,6.0,6.0,5144,38.42,D-G,D-G,Medium,CMPDI/MSTC — Machhakata Geological Report — DERIVED ANALYTICAL RECORD,SOURCE_DERIVED_ANALYTICAL,https://mstcecommerce.com/auctionhome/coalblock/RenderFileCoalBlock.jsp?file=com-Machhakata-and-Mahanadi.pdf
430,06-03-26,2026,March,Machhakata (Revised),Odisha,Odisha,I B,9.72,9.72,188.83,12396,75,75,16.25,16.25,2.5,2.5,5167,180.18,C-G,C-G,High,CMPDI/MSTC — Machhakata Geological Report — DERIVED ANALYTICAL RECORD,SOURCE_DERIVED_ANALYTICAL,https://mstcecommerce.com/auctionhome/coalblock/RenderFileCoalBlock.jsp?file=com-Machhakata-and-Mahanadi.pdf
431,07-03-26,2026,March,Machhakata (Revised),Odisha,Odisha,I C,4.38,4.38,220.95,772,82,82,9.1,9.1,4.25,4.25,5190,9.37,C-G,C-G,High,CMPDI/MSTC — Machhakata Geological Report — DERIVED ANALYTICAL RECORD,SOURCE_DERIVED_ANALYTICAL,https://mstcecommerce.com/auctionhome/coalblock/RenderFileCoalBlock.jsp?file=com-Machhakata-and-Mahanadi.pdf
432,08-03-26,2026,March,Machhakata (Revised),Odisha,Odisha,I D,0.36,0.36,257.63,3472,89,89,15.15,15.15,6.0,6.0,5213,52.29,B-G,B-G,High,CMPDI/MSTC — Machhakata Geological Report — DERIVED ANALYTICAL RECORD,SOURCE_DERIVED_ANALYTICAL,https://mstcecommerce.com/auctionhome/coalblock/RenderFileCoalBlock.jsp?file=com-Machhakata-and-Mahanadi.pdf
433,09-03-26,2026,March,Machhakata (Revised),Odisha,Odisha,XI,1.33,1.33,26.21,862,72,72,8.0,8.0,2.5,2.5,5236,10.77,E-G,E-G,Low,CMPDI/MSTC — Machhakata Geological Report — DERIVED ANALYTICAL RECORD,SOURCE_DERIVED_ANALYTICAL,https://mstcecommerce.com/auctionhome/coalblock/RenderFileCoalBlock.jsp?file=com-Machhakata-and-Mahanadi.pdf
434,10-03-26,2026,March,Machhakata (Revised),Odisha,Odisha,X,1.18,1.18,50.31,480,79,79,14.05,14.05,4.25,4.25,5259,5.13,E-G,E-G,Low,CMPDI/MSTC — Machhakata Geological Report — DERIVED ANALYTICAL RECORD,SOURCE_DERIVED_ANALYTICAL,https://mstcecommerce.com/auctionhome/coalblock/RenderFileCoalBlock.jsp?file=com-Machhakata-and-Mahanadi.pdf
435,11-03-26,2026,March,Machhakata (Revised),Odisha,Odisha,IX TOP,2.14,2.14,81.56,908,86,86,20.1,20.1,6.0,6.0,5282,11.7,E-G,E-G,Medium,CMPDI/MSTC — Machhakata Geological Report — DERIVED ANALYTICAL RECORD,SOURCE_DERIVED_ANALYTICAL,https://mstcecommerce.com/auctionhome/coalblock/RenderFileCoalBlock.jsp?file=com-Machhakata-and-Mahanadi.pdf
436,12-03-26,2026,March,Machhakata (Revised),Odisha,Odisha,IX BOT,3.68,3.68,114.34,5881,93,93,12.95,12.95,2.5,2.5,5305,64.48,E-G,E-G,Medium,CMPDI/MSTC — Machhakata Geological Report — DERIVED ANALYTICAL RECORD,SOURCE_DERIVED_ANALYTICAL,https://mstcecommerce.com/auctionhome/coalblock/RenderFileCoalBlock.jsp?file=com-Machhakata-and-Mahanadi.pdf
437,13-03-26,2026,March,Machhakata (Revised),Odisha,Odisha,VIII,9.62,9.62,105.64,9228,76,76,19.0,19.0,4.25,4.25,5328,122.71,F-G,F-G,High,CMPDI/MSTC — Machhakata Geological Report — DERIVED ANALYTICAL RECORD,SOURCE_DERIVED_ANALYTICAL,https://mstcecommerce.com/auctionhome/coalblock/RenderFileCoalBlock.jsp?file=com-Machhakata-and-Mahanadi.pdf
438,14-03-26,2026,March,Machhakata (Revised),Odisha,Odisha,VII TOP,10.26,10.26,18.78,10660,83,83,11.85,11.85,6.0,6.0,5351,120.04,E-G,E-G,Low,CMPDI/MSTC — Machhakata Geological Report — DERIVED ANALYTICAL RECORD,SOURCE_DERIVED_ANALYTICAL,https://mstcecommerce.com/auctionhome/coalblock/RenderFileCoalBlock.jsp?file=com-Machhakata-and-Mahanadi.pdf
439,15-03-26,2026,March,Machhakata (Revised),Odisha,Odisha,VII BOT,5.05,5.05,44.74,547,90,90,17.9,17.9,2.5,2.5,5374,7.51,E-G,E-G,Low,CMPDI/MSTC — Machhakata Geological Report — DERIVED ANALYTICAL RECORD,SOURCE_DERIVED_ANALYTICAL,https://mstcecommerce.com/auctionhome/coalblock/RenderFileCoalBlock.jsp?file=com-Machhakata-and-Mahanadi.pdf
440,16-03-26,2026,March,Machhakata (Revised),Odisha,Odisha,VI TOP,0.89,0.89,68.28,6997,73,73,10.75,10.75,4.25,4.25,5397,80.98,E-G,E-G,Medium,CMPDI/MSTC — Machhakata Geological Report — DERIVED ANALYTICAL RECORD,SOURCE_DERIVED_ANALYTICAL,https://mstcecommerce.com/auctionhome/coalblock/RenderFileCoalBlock.jsp?file=com-Machhakata-and-Mahanadi.pdf
441,17-03-26,2026,March,Machhakata (Revised),Odisha,Odisha,VI BOT,2.68,2.68,111.73,5524,80,80,16.8,16.8,6.0,6.0,5420,78.46,E-G,E-G,Medium,CMPDI/MSTC — Machhakata Geological Report — DERIVED ANALYTICAL RECORD,SOURCE_DERIVED_ANALYTICAL,https://mstcecommerce.com/auctionhome/coalblock/RenderFileCoalBlock.jsp?file=com-Machhakata-and-Mahanadi.pdf
442,18-03-26,2026,March,Machhakata (Revised),Odisha,Odisha,IV/V,2.02,2.02,143.35,4765,87,87,9.65,9.65,2.5,2.5,5443,56.73,D-G,D-G,High,CMPDI/MSTC — Machhakata Geological Report — DERIVED ANALYTICAL RECORD,SOURCE_DERIVED_ANALYTICAL,https://mstcecommerce.com/auctionhome/coalblock/RenderFileCoalBlock.jsp?file=com-Machhakata-and-Mahanadi.pdf
443,19-03-26,2026,March,Machhakata (Revised),Odisha,Odisha,III TOP TOP,7.49,7.49,177.96,10746,94,94,15.7,15.7,4.25,4.25,5466,158.03,E-G,E-G,High,CMPDI/MSTC — Machhakata Geological Report — DERIVED ANALYTICAL RECORD,SOURCE_DERIVED_ANALYTICAL,https://mstcecommerce.com/auctionhome/coalblock/RenderFileCoalBlock.jsp?file=com-Machhakata-and-Mahanadi.pdf
444,20-03-26,2026,March,Machhakata (Revised),Odisha,Odisha,III MID,8.02,8.02,69.07,17720,77,77,8.55,8.55,6.0,6.0,5489,217.16,D-G,D-G,Low,CMPDI/MSTC — Machhakata Geological Report — DERIVED ANALYTICAL RECORD,SOURCE_DERIVED_ANALYTICAL,https://mstcecommerce.com/auctionhome/coalblock/RenderFileCoalBlock.jsp?file=com-Machhakata-and-Mahanadi.pdf
445,21-03-26,2026,March,Machhakata (Revised),Odisha,Odisha,III BOT TOP,4.31,4.31,103.31,4774,84,84,14.6,14.6,2.5,2.5,5512,72.77,C-G,C-G,Medium,CMPDI/MSTC — Machhakata Geological Report — DERIVED ANALYTICAL RECORD,SOURCE_DERIVED_ANALYTICAL,https://mstcecommerce.com/auctionhome/coalblock/RenderFileCoalBlock.jsp?file=com-Machhakata-and-Mahanadi.pdf
446,22-03-26,2026,March,Machhakata (Revised),Odisha,Odisha,III BOT BOT,5.03,5.03,129.94,855,91,91,20.65,20.65,4.25,4.25,5535,10.79,F-G,F-G,High,CMPDI/MSTC — Machhakata Geological Report — DERIVED ANALYTICAL RECORD,SOURCE_DERIVED_ANALYTICAL,https://mstcecommerce.com/auctionhome/coalblock/RenderFileCoalBlock.jsp?file=com-Machhakata-and-Mahanadi.pdf
447,23-03-26,2026,March,Machhakata (Revised),Odisha,Odisha,LOCAL 1,2.57,2.57,185.64,1770,74,74,13.5,13.5,6.0,6.0,5558,19.07,D-G,D-G,High,CMPDI/MSTC — Machhakata Geological Report — DERIVED ANALYTICAL RECORD,SOURCE_DERIVED_ANALYTICAL,https://mstcecommerce.com/auctionhome/coalblock/RenderFileCoalBlock.jsp?file=com-Machhakata-and-Mahanadi.pdf
448,24-03-26,2026,March,Machhakata (Revised),Odisha,Odisha,LOCAL 2,0.36,0.36,223.75,1122,81,81,19.55,19.55,2.5,2.5,5581,14.61,E-G,E-G,High,CMPDI/MSTC — Machhakata Geological Report — DERIVED ANALYTICAL RECORD,SOURCE_DERIVED_ANALYTICAL,https://mstcecommerce.com/auctionhome/coalblock/RenderFileCoalBlock.jsp?file=com-Machhakata-and-Mahanadi.pdf
449,25-03-26,2026,March,Machhakata (Revised),Odisha,Odisha,II TOP,1.4,1.4,90.67,3894,88,88,12.4,12.4,4.25,4.25,5604,43.07,E-G,E-G,Low,CMPDI/MSTC — Machhakata Geological Report — DERIVED ANALYTICAL RECORD,SOURCE_DERIVED_ANALYTICAL,https://mstcecommerce.com/auctionhome/coalblock/RenderFileCoalBlock.jsp?file=com-Machhakata-and-Mahanadi.pdf
450,26-03-26,2026,March,Machhakata (Revised),Odisha,Odisha,II MID,0.89,0.89,82.89,610,95,95,18.45,18.45,6.0,6.0,5627,8.2,E-G,E-G,Low,CMPDI/MSTC — Machhakata Geological Report — DERIVED ANALYTICAL RECORD,SOURCE_DERIVED_ANALYTICAL,https://mstcecommerce.com/auctionhome/coalblock/RenderFileCoalBlock.jsp?file=com-Machhakata-and-Mahanadi.pdf
451,27-03-26,2026,March,Machhakata (Revised),Odisha,Odisha,II BOT,1.42,1.42,161.8,524,78,78,11.3,11.3,2.5,2.5,5650,5.96,D-G,D-G,Medium,CMPDI/MSTC — Machhakata Geological Report — DERIVED ANALYTICAL RECORD,SOURCE_DERIVED_ANALYTICAL,https://mstcecommerce.com/auctionhome/coalblock/RenderFileCoalBlock.jsp?file=com-Machhakata-and-Mahanadi.pdf
452,28-03-26,2026,March,Machhakata (Revised),Odisha,Odisha,I A TOP,1.8,1.8,199.29,880,85,85,17.35,17.35,4.25,4.25,5673,12.22,E-G,E-G,High,CMPDI/MSTC — Machhakata Geological Report — DERIVED ANALYTICAL RECORD,SOURCE_DERIVED_ANALYTICAL,https://mstcecommerce.com/auctionhome/coalblock/RenderFileCoalBlock.jsp?file=com-Machhakata-and-Mahanadi.pdf
453,29-03-26,2026,March,Machhakata (Revised),Odisha,Odisha,I A BOT,3.95,3.95,224.08,3289,92,92,10.2,10.2,6.0,6.0,5696,38.42,D-G,D-G,High,CMPDI/MSTC — Machhakata Geological Report — DERIVED ANALYTICAL RECORD,SOURCE_DERIVED_ANALYTICAL,https://mstcecommerce.com/auctionhome/coalblock/RenderFileCoalBlock.jsp?file=com-Machhakata-and-Mahanadi.pdf
454,30-03-26,2026,March,Machhakata (Revised),Odisha,Odisha,I B,10.99,10.99,133.91,12541,75,75,16.25,16.25,2.5,2.5,5719,180.18,C-G,C-G,Medium,CMPDI/MSTC — Machhakata Geological Report — DERIVED ANALYTICAL RECORD,SOURCE_DERIVED_ANALYTICAL,https://mstcecommerce.com/auctionhome/coalblock/RenderFileCoalBlock.jsp?file=com-Machhakata-and-Mahanadi.pdf
455,31-03-26,2026,March,Machhakata (Revised),Odisha,Odisha,I C,0.19,0.19,165.59,780,82,82,9.1,9.1,4.25,4.25,5742,9.37,C-G,C-G,Medium,CMPDI/MSTC — Machhakata Geological Report — DERIVED ANALYTICAL RECORD,SOURCE_DERIVED_ANALYTICAL,https://mstcecommerce.com/auctionhome/coalblock/RenderFileCoalBlock.jsp?file=com-Machhakata-and-Mahanadi.pdf
456,01-04-26,2026,April,Machhakata (Revised),Odisha,Odisha,I D,1.4,1.4,200.96,3514,89,89,15.15,15.15,6.0,6.0,5765,52.29,B-G,B-G,High,CMPDI/MSTC — Machhakata Geological Report — DERIVED ANALYTICAL RECORD,SOURCE_DERIVED_ANALYTICAL,https://mstcecommerce.com/auctionhome/coalblock/RenderFileCoalBlock.jsp?file=com-Machhakata-and-Mahanadi.pdf
457,02-04-26,2026,April,Machhakata (Revised),Odisha,Odisha,XI,2.18,2.18,95.1,870,72,72,8.0,8.0,2.5,2.5,5788,10.77,E-G,E-G,Medium,CMPDI/MSTC — Machhakata Geological Report — DERIVED ANALYTICAL RECORD,SOURCE_DERIVED_ANALYTICAL,https://mstcecommerce.com/auctionhome/coalblock/RenderFileCoalBlock.jsp?file=com-Machhakata-and-Mahanadi.pdf
458,03-04-26,2026,April,Machhakata (Revised),Odisha,Odisha,X,1.62,1.62,124.56,484,79,79,14.05,14.05,4.25,4.25,4311,5.13,E-G,E-G,High,CMPDI/MSTC — Machhakata Geological Report — DERIVED ANALYTICAL RECORD,SOURCE_DERIVED_ANALYTICAL,https://mstcecommerce.com/auctionhome/coalblock/RenderFileCoalBlock.jsp?file=com-Machhakata-and-Mahanadi.pdf
459,04-04-26,2026,April,Machhakata (Revised),Odisha,Odisha,IX TOP,2.72,2.72,16.94,917,86,86,20.1,20.1,6.0,6.0,4334,11.7,E-G,E-G,Low,CMPDI/MSTC — Machhakata Geological Report — DERIVED ANALYTICAL RECORD,SOURCE_DERIVED_ANALYTICAL,https://mstcecommerce.com/auctionhome/coalblock/RenderFileCoalBlock.jsp?file=com-Machhakata-and-Mahanadi.pdf
460,05-04-26,2026,April,Machhakata (Revised),Odisha,Odisha,IX BOT,4.4,4.4,46.92,5932,93,93,12.95,12.95,2.5,2.5,4357,64.48,E-G,E-G,Low,CMPDI/MSTC — Machhakata Geological Report — DERIVED ANALYTICAL RECORD,SOURCE_DERIVED_ANALYTICAL,https://mstcecommerce.com/auctionhome/coalblock/RenderFileCoalBlock.jsp?file=com-Machhakata-and-Mahanadi.pdf
461,06-04-26,2026,April,Machhakata (Revised),Odisha,Odisha,VIII,11.23,11.23,58.77,9326,76,76,19.0,19.0,4.25,4.25,4380,122.71,F-G,F-G,Medium,CMPDI/MSTC — Machhakata Geological Report — DERIVED ANALYTICAL RECORD,SOURCE_DERIVED_ANALYTICAL,https://mstcecommerce.com/auctionhome/coalblock/RenderFileCoalBlock.jsp?file=com-Machhakata-and-Mahanadi.pdf
462,07-04-26,2026,April,Machhakata (Revised),Odisha,Odisha,VII TOP,11.74,11.74,89.31,10756,83,83,11.85,11.85,6.0,6.0,4403,120.04,E-G,E-G,Medium,CMPDI/MSTC — Machhakata Geological Report — DERIVED ANALYTICAL RECORD,SOURCE_DERIVED_ANALYTICAL,https://mstcecommerce.com/auctionhome/coalblock/RenderFileCoalBlock.jsp?file=com-Machhakata-and-Mahanadi.pdf
463,08-04-26,2026,April,Machhakata (Revised),Odisha,Odisha,VII BOT,0.39,0.39,115.83,553,90,90,17.9,17.9,2.5,2.5,4426,7.51,E-G,E-G,High,CMPDI/MSTC — Machhakata Geological Report — DERIVED ANALYTICAL RECORD,SOURCE_DERIVED_ANALYTICAL,https://mstcecommerce.com/auctionhome/coalblock/RenderFileCoalBlock.jsp?file=com-Machhakata-and-Mahanadi.pdf
464,09-04-26,2026,April,Machhakata (Revised),Odisha,Odisha,VI TOP,1.84,1.84,147.74,7061,73,73,10.75,10.75,4.25,4.25,4449,80.98,E-G,E-G,High,CMPDI/MSTC — Machhakata Geological Report — DERIVED ANALYTICAL RECORD,SOURCE_DERIVED_ANALYTICAL,https://mstcecommerce.com/auctionhome/coalblock/RenderFileCoalBlock.jsp?file=com-Machhakata-and-Mahanadi.pdf
465,10-04-26,2026,April,Machhakata (Revised),Odisha,Odisha,VI BOT,4.16,4.16,42.68,5586,80,80,16.8,16.8,6.0,6.0,4472,78.46,E-G,E-G,Low,CMPDI/MSTC — Machhakata Geological Report — DERIVED ANALYTICAL RECORD,SOURCE_DERIVED_ANALYTICAL,https://mstcecommerce.com/auctionhome/coalblock/RenderFileCoalBlock.jsp?file=com-Machhakata-and-Mahanadi.pdf
466,11-04-26,2026,April,Machhakata (Revised),Odisha,Odisha,IV/V,2.7,2.7,74.51,4811,87,87,9.65,9.65,2.5,2.5,4495,56.73,D-G,D-G,Low,CMPDI/MSTC — Machhakata Geological Report — DERIVED ANALYTICAL RECORD,SOURCE_DERIVED_ANALYTICAL,https://mstcecommerce.com/auctionhome/coalblock/RenderFileCoalBlock.jsp?file=com-Machhakata-and-Mahanadi.pdf
467,12-04-26,2026,April,Machhakata (Revised),Odisha,Odisha,III TOP TOP,8.86,8.86,111.08,10872,94,94,15.7,15.7,4.25,4.25,4518,158.03,E-G,E-G,Medium,CMPDI/MSTC — Machhakata Geological Report — DERIVED ANALYTICAL RECORD,SOURCE_DERIVED_ANALYTICAL,https://mstcecommerce.com/auctionhome/coalblock/RenderFileCoalBlock.jsp?file=com-Machhakata-and-Mahanadi.pdf
468,13-04-26,2026,April,Machhakata (Revised),Odisha,Odisha,III MID,8.84,8.84,159.37,17894,77,77,8.55,8.55,6.0,6.0,4541,217.16,D-G,D-G,High,CMPDI/MSTC — Machhakata Geological Report — DERIVED ANALYTICAL RECORD,SOURCE_DERIVED_ANALYTICAL,https://mstcecommerce.com/auctionhome/coalblock/RenderFileCoalBlock.jsp?file=com-Machhakata-and-Mahanadi.pdf
469,14-04-26,2026,April,Machhakata (Revised),Odisha,Odisha,III BOT TOP,4.96,4.96,193.03,4832,84,84,14.6,14.6,2.5,2.5,4564,72.77,C-G,C-G,High,CMPDI/MSTC — Machhakata Geological Report — DERIVED ANALYTICAL RECORD,SOURCE_DERIVED_ANALYTICAL,https://mstcecommerce.com/auctionhome/coalblock/RenderFileCoalBlock.jsp?file=com-Machhakata-and-Mahanadi.pdf
470,15-04-26,2026,April,Machhakata (Revised),Odisha,Odisha,III BOT BOT,5.73,5.73,61.99,863,91,91,20.65,20.65,4.25,4.25,4587,10.79,F-G,F-G,Medium,CMPDI/MSTC — Machhakata Geological Report — DERIVED ANALYTICAL RECORD,SOURCE_DERIVED_ANALYTICAL,https://mstcecommerce.com/auctionhome/coalblock/RenderFileCoalBlock.jsp?file=com-Machhakata-and-Mahanadi.pdf
471,16-04-26,2026,April,Machhakata (Revised),Odisha,Odisha,LOCAL 1,0.31,0.31,105.17,1785,74,74,13.5,13.5,6.0,6.0,4610,19.07,D-G,D-G,Medium,CMPDI/MSTC — Machhakata Geological Report — DERIVED ANALYTICAL RECORD,SOURCE_DERIVED_ANALYTICAL,https://mstcecommerce.com/auctionhome/coalblock/RenderFileCoalBlock.jsp?file=com-Machhakata-and-Mahanadi.pdf
472,17-04-26,2026,April,Machhakata (Revised),Odisha,Odisha,LOCAL 2,0.66,0.66,147.27,1134,81,81,19.55,19.55,2.5,2.5,4633,14.61,E-G,E-G,High,CMPDI/MSTC — Machhakata Geological Report — DERIVED ANALYTICAL RECORD,SOURCE_DERIVED_ANALYTICAL,https://mstcecommerce.com/auctionhome/coalblock/RenderFileCoalBlock.jsp?file=com-Machhakata-and-Mahanadi.pdf
473,18-04-26,2026,April,Machhakata (Revised),Odisha,Odisha,II TOP,2.05,2.05,186.91,3928,88,88,12.4,12.4,4.25,4.25,4656,43.07,E-G,E-G,High,CMPDI/MSTC — Machhakata Geological Report — DERIVED ANALYTICAL RECORD,SOURCE_DERIVED_ANALYTICAL,https://mstcecommerce.com/auctionhome/coalblock/RenderFileCoalBlock.jsp?file=com-Machhakata-and-Mahanadi.pdf
474,19-04-26,2026,April,Machhakata (Revised),Odisha,Odisha,II MID,1.16,1.16,216.47,617,95,95,18.45,18.45,6.0,6.0,4679,8.2,E-G,E-G,High,CMPDI/MSTC — Machhakata Geological Report — DERIVED ANALYTICAL RECORD,SOURCE_DERIVED_ANALYTICAL,https://mstcecommerce.com/auctionhome/coalblock/RenderFileCoalBlock.jsp?file=com-Machhakata-and-Mahanadi.pdf
475,20-04-26,2026,April,Machhakata (Revised),Odisha,Odisha,II BOT,1.74,1.74,98.51,529,78,78,11.3,11.3,2.5,2.5,4702,5.96,D-G,D-G,Medium,CMPDI/MSTC — Machhakata Geological Report — DERIVED ANALYTICAL RECORD,SOURCE_DERIVED_ANALYTICAL,https://mstcecommerce.com/auctionhome/coalblock/RenderFileCoalBlock.jsp?file=com-Machhakata-and-Mahanadi.pdf
476,21-04-26,2026,April,Machhakata (Revised),Odisha,Odisha,I A TOP,2.1,2.1,151.8,890,85,85,17.35,17.35,4.25,4.25,4725,12.22,E-G,E-G,Medium,CMPDI/MSTC — Machhakata Geological Report — DERIVED ANALYTICAL RECORD,SOURCE_DERIVED_ANALYTICAL,https://mstcecommerce.com/auctionhome/coalblock/RenderFileCoalBlock.jsp?file=com-Machhakata-and-Mahanadi.pdf
477,22-04-26,2026,April,Machhakata (Revised),Odisha,Odisha,I A BOT,4.56,4.56,168.83,3319,92,92,10.2,10.2,6.0,6.0,4748,38.42,D-G,D-G,Medium,CMPDI/MSTC — Machhakata Geological Report — DERIVED ANALYTICAL RECORD,SOURCE_DERIVED_ANALYTICAL,https://mstcecommerce.com/auctionhome/coalblock/RenderFileCoalBlock.jsp?file=com-Machhakata-and-Mahanadi.pdf
478,23-04-26,2026,April,Machhakata (Revised),Odisha,Odisha,I B,1.71,1.71,203.81,12685,75,75,16.25,16.25,2.5,2.5,4771,180.18,C-G,C-G,High,CMPDI/MSTC — Machhakata Geological Report — DERIVED ANALYTICAL RECORD,SOURCE_DERIVED_ANALYTICAL,https://mstcecommerce.com/auctionhome/coalblock/RenderFileCoalBlock.jsp?file=com-Machhakata-and-Mahanadi.pdf
479,24-04-26,2026,April,Machhakata (Revised),Odisha,Odisha,I C,0.76,0.76,236.05,787,82,82,9.1,9.1,4.25,4.25,4794,9.37,C-G,C-G,High,CMPDI/MSTC — Machhakata Geological Report — DERIVED ANALYTICAL RECORD,SOURCE_DERIVED_ANALYTICAL,https://mstcecommerce.com/auctionhome/coalblock/RenderFileCoalBlock.jsp?file=com-Machhakata-and-Mahanadi.pdf
480,25-04-26,2026,April,Machhakata (Revised),Odisha,Odisha,I D,2.44,2.44,144.29,3556,89,89,15.15,15.15,6.0,6.0,4817,52.29,B-G,B-G,Medium,CMPDI/MSTC — Machhakata Geological Report — DERIVED ANALYTICAL RECORD,SOURCE_DERIVED_ANALYTICAL,https://mstcecommerce.com/auctionhome/coalblock/RenderFileCoalBlock.jsp?file=com-Machhakata-and-Mahanadi.pdf
481,26-04-26,2026,April,Machhakata (Revised),Odisha,Odisha,XI,3.03,3.03,40.97,879,72,72,8.0,8.0,2.5,2.5,4840,10.77,E-G,E-G,Low,CMPDI/MSTC — Machhakata Geological Report — DERIVED ANALYTICAL RECORD,SOURCE_DERIVED_ANALYTICAL,https://mstcecommerce.com/auctionhome/coalblock/RenderFileCoalBlock.jsp?file=com-Machhakata-and-Mahanadi.pdf
482,27-04-26,2026,April,Machhakata (Revised),Odisha,Odisha,X,2.05,2.05,66.22,337,79,79,14.05,14.05,4.25,4.25,4863,5.13,E-G,E-G,Medium,CMPDI/MSTC — Machhakata Geological Report — DERIVED ANALYTICAL RECORD,SOURCE_DERIVED_ANALYTICAL,https://mstcecommerce.com/auctionhome/coalblock/RenderFileCoalBlock.jsp?file=com-Machhakata-and-Mahanadi.pdf
483,28-04-26,2026,April,Machhakata (Revised),Odisha,Odisha,IX TOP,3.31,3.31,99.18,927,86,86,20.1,20.1,6.0,6.0,4886,11.7,E-G,E-G,Medium,CMPDI/MSTC — Machhakata Geological Report — DERIVED ANALYTICAL RECORD,SOURCE_DERIVED_ANALYTICAL,https://mstcecommerce.com/auctionhome/coalblock/RenderFileCoalBlock.jsp?file=com-Machhakata-and-Mahanadi.pdf
484,29-04-26,2026,April,Machhakata (Revised),Odisha,Odisha,IX BOT,5.12,5.12,132.73,5984,93,93,12.95,12.95,2.5,2.5,4909,64.48,E-G,E-G,High,CMPDI/MSTC — Machhakata Geological Report — DERIVED ANALYTICAL RECORD,SOURCE_DERIVED_ANALYTICAL,https://mstcecommerce.com/auctionhome/coalblock/RenderFileCoalBlock.jsp?file=com-Machhakata-and-Mahanadi.pdf
485,30-04-26,2026,April,Machhakata (Revised),Odisha,Odisha,VIII,12.85,12.85,118.42,9424,76,76,19.0,19.0,4.25,4.25,4932,122.71,F-G,F-G,High,CMPDI/MSTC — Machhakata Geological Report — DERIVED ANALYTICAL RECORD,SOURCE_DERIVED_ANALYTICAL,https://mstcecommerce.com/auctionhome/coalblock/RenderFileCoalBlock.jsp?file=com-Machhakata-and-Mahanadi.pdf
486,01-05-26,2026,May,Machhakata (Revised),Odisha,Odisha,VII TOP,0.91,0.91,33.89,10852,83,83,11.85,11.85,6.0,6.0,4955,120.04,E-G,E-G,Low,CMPDI/MSTC — Machhakata Geological Report — DERIVED ANALYTICAL RECORD,SOURCE_DERIVED_ANALYTICAL,https://mstcecommerce.com/auctionhome/coalblock/RenderFileCoalBlock.jsp?file=com-Machhakata-and-Mahanadi.pdf
487,02-05-26,2026,May,Machhakata (Revised),Odisha,Odisha,VII BOT,1.02,1.02,59.97,559,90,90,17.9,17.9,2.5,2.5,4978,7.51,E-G,E-G,Medium,CMPDI/MSTC — Machhakata Geological Report — DERIVED ANALYTICAL RECORD,SOURCE_DERIVED_ANALYTICAL,https://mstcecommerce.com/auctionhome/coalblock/RenderFileCoalBlock.jsp?file=com-Machhakata-and-Mahanadi.pdf
488,03-05-26,2026,May,Machhakata (Revised),Odisha,Odisha,VI TOP,2.78,2.78,85.31,7126,73,73,10.75,10.75,4.25,4.25,5001,80.98,E-G,E-G,Medium,CMPDI/MSTC — Machhakata Geological Report — DERIVED ANALYTICAL RECORD,SOURCE_DERIVED_ANALYTICAL,https://mstcecommerce.com/auctionhome/coalblock/RenderFileCoalBlock.jsp?file=com-Machhakata-and-Mahanadi.pdf
489,04-05-26,2026,May,Machhakata (Revised),Odisha,Odisha,VI BOT,5.65,5.65,130.57,5649,80,80,16.8,16.8,6.0,6.0,5024,78.46,E-G,E-G,High,CMPDI/MSTC — Machhakata Geological Report — DERIVED ANALYTICAL RECORD,SOURCE_DERIVED_ANALYTICAL,https://mstcecommerce.com/auctionhome/coalblock/RenderFileCoalBlock.jsp?file=com-Machhakata-and-Mahanadi.pdf
490,05-05-26,2026,May,Machhakata (Revised),Odisha,Odisha,IV/V,3.39,3.39,162.12,4856,87,87,9.65,9.65,2.5,2.5,5047,56.73,D-G,D-G,High,CMPDI/MSTC — Machhakata Geological Report — DERIVED ANALYTICAL RECORD,SOURCE_DERIVED_ANALYTICAL,https://mstcecommerce.com/auctionhome/coalblock/RenderFileCoalBlock.jsp?file=com-Machhakata-and-Mahanadi.pdf
491,06-05-26,2026,May,Machhakata (Revised),Odisha,Odisha,III TOP TOP,10.23,10.23,44.2,10999,94,94,15.7,15.7,4.25,4.25,5070,158.03,E-G,E-G,Low,CMPDI/MSTC — Machhakata Geological Report — DERIVED ANALYTICAL RECORD,SOURCE_DERIVED_ANALYTICAL,https://mstcecommerce.com/auctionhome/coalblock/RenderFileCoalBlock.jsp?file=com-Machhakata-and-Mahanadi.pdf
492,07-05-26,2026,May,Machhakata (Revised),Odisha,Odisha,III MID,9.66,9.66,88.42,18068,77,77,8.55,8.55,6.0,6.0,5093,217.16,D-G,D-G,Medium,CMPDI/MSTC — Machhakata Geological Report — DERIVED ANALYTICAL RECORD,SOURCE_DERIVED_ANALYTICAL,https://mstcecommerce.com/auctionhome/coalblock/RenderFileCoalBlock.jsp?file=com-Machhakata-and-Mahanadi.pdf
493,08-05-26,2026,May,Machhakata (Revised),Odisha,Odisha,III BOT TOP,5.62,5.62,122.54,4890,84,84,14.6,14.6,2.5,2.5,5116,72.77,C-G,C-G,Medium,CMPDI/MSTC — Machhakata Geological Report — DERIVED ANALYTICAL RECORD,SOURCE_DERIVED_ANALYTICAL,https://mstcecommerce.com/auctionhome/coalblock/RenderFileCoalBlock.jsp?file=com-Machhakata-and-Mahanadi.pdf
494,09-05-26,2026,May,Machhakata (Revised),Odisha,Odisha,III BOT BOT,0.58,0.58,148.47,872,91,91,20.65,20.65,4.25,4.25,5139,10.79,F-G,F-G,High,CMPDI/MSTC — Machhakata Geological Report — DERIVED ANALYTICAL RECORD,SOURCE_DERIVED_ANALYTICAL,https://mstcecommerce.com/auctionhome/coalblock/RenderFileCoalBlock.jsp?file=com-Machhakata-and-Mahanadi.pdf
495,10-05-26,2026,May,Machhakata (Revised),Odisha,Odisha,LOCAL 1,0.62,0.62,207.59,1800,74,74,13.5,13.5,6.0,6.0,5162,19.07,D-G,D-G,High,CMPDI/MSTC — Machhakata Geological Report — DERIVED ANALYTICAL RECORD,SOURCE_DERIVED_ANALYTICAL,https://mstcecommerce.com/auctionhome/coalblock/RenderFileCoalBlock.jsp?file=com-Machhakata-and-Mahanadi.pdf
496,11-05-26,2026,May,Machhakata (Revised),Odisha,Odisha,LOCAL 2,0.97,0.97,70.79,1145,81,81,19.55,19.55,2.5,2.5,5185,14.61,E-G,E-G,Medium,CMPDI/MSTC — Machhakata Geological Report — DERIVED ANALYTICAL RECORD,SOURCE_DERIVED_ANALYTICAL,https://mstcecommerce.com/auctionhome/coalblock/RenderFileCoalBlock.jsp?file=com-Machhakata-and-Mahanadi.pdf
497,12-05-26,2026,May,Machhakata (Revised),Odisha,Odisha,II TOP,2.69,2.69,111.3,3962,88,88,12.4,12.4,4.25,4.25,5208,43.07,E-G,E-G,Medium,CMPDI/MSTC — Machhakata Geological Report — DERIVED ANALYTICAL RECORD,SOURCE_DERIVED_ANALYTICAL,https://mstcecommerce.com/auctionhome/coalblock/RenderFileCoalBlock.jsp?file=com-Machhakata-and-Mahanadi.pdf
498,13-05-26,2026,May,Machhakata (Revised),Odisha,Odisha,II MID,1.43,1.43,111.52,623,95,95,18.45,18.45,6.0,6.0,5231,8.2,E-G,E-G,Medium,CMPDI/MSTC — Machhakata Geological Report — DERIVED ANALYTICAL RECORD,SOURCE_DERIVED_ANALYTICAL,https://mstcecommerce.com/auctionhome/coalblock/RenderFileCoalBlock.jsp?file=com-Machhakata-and-Mahanadi.pdf
499,14-05-26,2026,May,Machhakata (Revised),Odisha,Odisha,II BOT,2.06,2.06,179.06,534,78,78,11.3,11.3,2.5,2.5,5254,5.96,D-G,D-G,High,CMPDI/MSTC — Machhakata Geological Report — DERIVED ANALYTICAL RECORD,SOURCE_DERIVED_ANALYTICAL,https://mstcecommerce.com/auctionhome/coalblock/RenderFileCoalBlock.jsp?file=com-Machhakata-and-Mahanadi.pdf
500,15-05-26,2026,May,Machhakata (Revised),Odisha,Odisha,I A TOP,2.41,2.41,212.24,899,85,85,17.35,17.35,4.25,4.25,5277,12.22,E-G,E-G,High,CMPDI/MSTC — Machhakata Geological Report — DERIVED ANALYTICAL RECORD,SOURCE_DERIVED_ANALYTICAL,https://mstcecommerce.com/auctionhome/coalblock/RenderFileCoalBlock.jsp?file=com-Machhakata-and-Mahanadi.pdf
501,16-05-26,2026,May,Machhakata (Revised),Odisha,Odisha,I A BOT,0.1,0.1,113.57,3350,92,92,10.2,10.2,6.0,6.0,5300,38.42,D-G,D-G,Medium,CMPDI/MSTC — Machhakata Geological Report — DERIVED ANALYTICAL RECORD,SOURCE_DERIVED_ANALYTICAL,https://mstcecommerce.com/auctionhome/coalblock/RenderFileCoalBlock.jsp?file=com-Machhakata-and-Mahanadi.pdf
502,17-05-26,2026,May,Machhakata (Revised),Odisha,Odisha,I B,2.97,2.97,148.89,12829,75,75,16.25,16.25,2.5,2.5,5323,180.18,C-G,C-G,Medium,CMPDI/MSTC — Machhakata Geological Report — DERIVED ANALYTICAL RECORD,SOURCE_DERIVED_ANALYTICAL,https://mstcecommerce.com/auctionhome/coalblock/RenderFileCoalBlock.jsp?file=com-Machhakata-and-Mahanadi.pdf
503,18-05-26,2026,May,Machhakata (Revised),Odisha,Odisha,I C,1.33,1.33,180.69,795,82,82,9.1,9.1,4.25,4.25,5346,9.37,C-G,C-G,Medium,CMPDI/MSTC — Machhakata Geological Report — DERIVED ANALYTICAL RECORD,SOURCE_DERIVED_ANALYTICAL,https://mstcecommerce.com/auctionhome/coalblock/RenderFileCoalBlock.jsp?file=com-Machhakata-and-Mahanadi.pdf
504,19-05-26,2026,May,Machhakata (Revised),Odisha,Odisha,I D,3.48,3.48,216.42,3598,89,89,15.15,15.15,6.0,6.0,5369,52.29,B-G,B-G,High,CMPDI/MSTC — Machhakata Geological Report — DERIVED ANALYTICAL RECORD,SOURCE_DERIVED_ANALYTICAL,https://mstcecommerce.com/auctionhome/coalblock/RenderFileCoalBlock.jsp?file=com-Machhakata-and-Mahanadi.pdf
505,20-05-26,2026,May,Machhakata (Revised),Odisha,Odisha,XI,3.88,3.88,109.86,887,72,72,8.0,8.0,2.5,2.5,5392,10.77,E-G,E-G,High,CMPDI/MSTC — Machhakata Geological Report — DERIVED ANALYTICAL RECORD,SOURCE_DERIVED_ANALYTICAL,https://mstcecommerce.com/auctionhome/coalblock/RenderFileCoalBlock.jsp?file=com-Machhakata-and-Mahanadi.pdf
506,21-05-26,2026,May,Machhakata (Revised),Odisha,Odisha,X,2.49,2.49,140.47,341,79,79,14.05,14.05,4.25,4.25,5415,5.13,E-G,E-G,High,CMPDI/MSTC — Machhakata Geological Report — DERIVED ANALYTICAL RECORD,SOURCE_DERIVED_ANALYTICAL,https://mstcecommerce.com/auctionhome/coalblock/RenderFileCoalBlock.jsp?file=com-Machhakata-and-Mahanadi.pdf
507,22-05-26,2026,May,Machhakata (Revised),Odisha,Odisha,IX TOP,3.89,3.89,34.56,936,86,86,20.1,20.1,6.0,6.0,5438,11.7,E-G,E-G,Low,CMPDI/MSTC — Machhakata Geological Report — DERIVED ANALYTICAL RECORD,SOURCE_DERIVED_ANALYTICAL,https://mstcecommerce.com/auctionhome/coalblock/RenderFileCoalBlock.jsp?file=com-Machhakata-and-Mahanadi.pdf
508,23-05-26,2026,May,Machhakata (Revised),Odisha,Odisha,IX BOT,5.83,5.83,65.31,6035,93,93,12.95,12.95,2.5,2.5,5461,64.48,E-G,E-G,Low,CMPDI/MSTC — Machhakata Geological Report — DERIVED ANALYTICAL RECORD,SOURCE_DERIVED_ANALYTICAL,https://mstcecommerce.com/auctionhome/coalblock/RenderFileCoalBlock.jsp?file=com-Machhakata-and-Mahanadi.pdf
509,24-05-26,2026,May,Machhakata (Revised),Odisha,Odisha,VIII,1.03,1.03,71.55,9522,76,76,19.0,19.0,4.25,4.25,5484,122.71,F-G,F-G,Medium,CMPDI/MSTC — Machhakata Geological Report — DERIVED ANALYTICAL RECORD,SOURCE_DERIVED_ANALYTICAL,https://mstcecommerce.com/auctionhome/coalblock/RenderFileCoalBlock.jsp?file=com-Machhakata-and-Mahanadi.pdf
510,25-05-26,2026,May,Machhakata (Revised),Odisha,Odisha,VII TOP,2.38,2.38,104.42,10948,83,83,11.85,11.85,6.0,6.0,5507,120.04,E-G,E-G,High,CMPDI/MSTC — Machhakata Geological Report — DERIVED ANALYTICAL RECORD,SOURCE_DERIVED_ANALYTICAL,https://mstcecommerce.com/auctionhome/coalblock/RenderFileCoalBlock.jsp?file=com-Machhakata-and-Mahanadi.pdf
511,26-05-26,2026,May,Machhakata (Revised),Odisha,Odisha,VII BOT,1.66,1.66,131.06,565,90,90,17.9,17.9,2.5,2.5,5530,7.51,E-G,E-G,High,CMPDI/MSTC — Machhakata Geological Report — DERIVED ANALYTICAL RECORD,SOURCE_DERIVED_ANALYTICAL,https://mstcecommerce.com/auctionhome/coalblock/RenderFileCoalBlock.jsp?file=com-Machhakata-and-Mahanadi.pdf
512,27-05-26,2026,May,Machhakata (Revised),Odisha,Odisha,VI TOP,3.72,3.72,22.88,7191,73,73,10.75,10.75,4.25,4.25,5553,80.98,E-G,E-G,Low,CMPDI/MSTC — Machhakata Geological Report — DERIVED ANALYTICAL RECORD,SOURCE_DERIVED_ANALYTICAL,https://mstcecommerce.com/auctionhome/coalblock/RenderFileCoalBlock.jsp?file=com-Machhakata-and-Mahanadi.pdf
513,28-05-26,2026,May,Machhakata (Revised),Odisha,Odisha,VI BOT,7.13,7.13,61.51,5712,80,80,16.8,16.8,6.0,6.0,5576,78.46,E-G,E-G,Medium,CMPDI/MSTC — Machhakata Geological Report — DERIVED ANALYTICAL RECORD,SOURCE_DERIVED_ANALYTICAL,https://mstcecommerce.com/auctionhome/coalblock/RenderFileCoalBlock.jsp?file=com-Machhakata-and-Mahanadi.pdf
514,29-05-26,2026,May,Machhakata (Revised),Odisha,Odisha,IV/V,4.08,4.08,93.28,4901,87,87,9.65,9.65,2.5,2.5,5599,56.73,D-G,D-G,Medium,CMPDI/MSTC — Machhakata Geological Report — DERIVED ANALYTICAL RECORD,SOURCE_DERIVED_ANALYTICAL,https://mstcecommerce.com/auctionhome/coalblock/RenderFileCoalBlock.jsp?file=com-Machhakata-and-Mahanadi.pdf
515,30-05-26,2026,May,Machhakata (Revised),Odisha,Odisha,III TOP TOP,11.6,11.6,129.32,11125,94,94,15.7,15.7,4.25,4.25,5622,158.03,E-G,E-G,Medium,CMPDI/MSTC — Machhakata Geological Report — DERIVED ANALYTICAL RECORD,SOURCE_DERIVED_ANALYTICAL,https://mstcecommerce.com/auctionhome/coalblock/RenderFileCoalBlock.jsp?file=com-Machhakata-and-Mahanadi.pdf
516,31-05-26,2026,May,Machhakata (Revised),Odisha,Odisha,III MID,10.48,10.48,178.71,18241,77,77,8.55,8.55,6.0,6.0,5645,217.16,D-G,D-G,High,CMPDI/MSTC — Machhakata Geological Report — DERIVED ANALYTICAL RECORD,SOURCE_DERIVED_ANALYTICAL,https://mstcecommerce.com/auctionhome/coalblock/RenderFileCoalBlock.jsp?file=com-Machhakata-and-Mahanadi.pdf
517,01-06-26,2026,June,Machhakata (Revised),Odisha,Odisha,III BOT TOP,0.8,0.8,52.04,4948,84,84,14.6,14.6,2.5,2.5,5668,72.77,C-G,C-G,Low,CMPDI/MSTC — Machhakata Geological Report — DERIVED ANALYTICAL RECORD,SOURCE_DERIVED_ANALYTICAL,https://mstcecommerce.com/auctionhome/coalblock/RenderFileCoalBlock.jsp?file=com-Machhakata-and-Mahanadi.pdf
518,02-06-26,2026,June,Machhakata (Revised),Odisha,Odisha,III BOT BOT,1.28,1.28,80.52,880,91,91,20.65,20.65,4.25,4.25,5691,10.79,F-G,F-G,Medium,CMPDI/MSTC — Machhakata Geological Report — DERIVED ANALYTICAL RECORD,SOURCE_DERIVED_ANALYTICAL,https://mstcecommerce.com/auctionhome/coalblock/RenderFileCoalBlock.jsp?file=com-Machhakata-and-Mahanadi.pdf
519,03-06-26,2026,June,Machhakata (Revised),Odisha,Odisha,LOCAL 1,0.92,0.92,127.11,1251,74,74,13.5,13.5,6.0,6.0,5714,19.07,D-G,D-G,Medium,CMPDI/MSTC — Machhakata Geological Report — DERIVED ANALYTICAL RECORD,SOURCE_DERIVED_ANALYTICAL,https://mstcecommerce.com/auctionhome/coalblock/RenderFileCoalBlock.jsp?file=com-Machhakata-and-Mahanadi.pdf
520,04-06-26,2026,June,Machhakata (Revised),Odisha,Odisha,LOCAL 2,1.27,1.27,168.13,1157,81,81,19.55,19.55,2.5,2.5,5737,14.61,E-G,E-G,High,CMPDI/MSTC — Machhakata Geological Report — DERIVED ANALYTICAL RECORD,SOURCE_DERIVED_ANALYTICAL,https://mstcecommerce.com/auctionhome/coalblock/RenderFileCoalBlock.jsp?file=com-Machhakata-and-Mahanadi.pdf
521,05-06-26,2026,June,Machhakata (Revised),Odisha,Odisha,II TOP,3.33,3.33,207.54,3997,88,88,12.4,12.4,4.25,4.25,5760,43.07,E-G,E-G,High,CMPDI/MSTC — Machhakata Geological Report — DERIVED ANALYTICAL RECORD,SOURCE_DERIVED_ANALYTICAL,https://mstcecommerce.com/auctionhome/coalblock/RenderFileCoalBlock.jsp?file=com-Machhakata-and-Mahanadi.pdf
522,06-06-26,2026,June,Machhakata (Revised),Odisha,Odisha,II MID,1.7,1.7,245.09,630,95,95,18.45,18.45,6.0,6.0,5783,8.2,E-G,E-G,High,CMPDI/MSTC — Machhakata Geological Report — DERIVED ANALYTICAL RECORD,SOURCE_DERIVED_ANALYTICAL,https://mstcecommerce.com/auctionhome/coalblock/RenderFileCoalBlock.jsp?file=com-Machhakata-and-Mahanadi.pdf
523,07-06-26,2026,June,Machhakata (Revised),Odisha,Odisha,II BOT,2.38,2.38,115.77,539,78,78,11.3,11.3,2.5,2.5,4306,5.96,D-G,D-G,Medium,CMPDI/MSTC — Machhakata Geological Report — DERIVED ANALYTICAL RECORD,SOURCE_DERIVED_ANALYTICAL,https://mstcecommerce.com/auctionhome/coalblock/RenderFileCoalBlock.jsp?file=com-Machhakata-and-Mahanadi.pdf
524,08-06-26,2026,June,Machhakata (Revised),Odisha,Odisha,I A TOP,2.71,2.71,164.75,909,85,85,17.35,17.35,4.25,4.25,4329,12.22,E-G,E-G,High,CMPDI/MSTC — Machhakata Geological Report — DERIVED ANALYTICAL RECORD,SOURCE_DERIVED_ANALYTICAL,https://mstcecommerce.com/auctionhome/coalblock/RenderFileCoalBlock.jsp?file=com-Machhakata-and-Mahanadi.pdf
525,09-06-26,2026,June,Machhakata (Revised),Odisha,Odisha,I A BOT,0.71,0.71,183.89,3381,92,92,10.2,10.2,6.0,6.0,4352,38.42,D-G,D-G,Medium,CMPDI/MSTC — Machhakata Geological Report — DERIVED ANALYTICAL RECORD,SOURCE_DERIVED_ANALYTICAL,https://mstcecommerce.com/auctionhome/coalblock/RenderFileCoalBlock.jsp?file=com-Machhakata-and-Mahanadi.pdf
526,10-06-26,2026,June,Machhakata (Revised),Odisha,Odisha,I B,4.24,4.24,218.79,12973,75,75,16.25,16.25,2.5,2.5,4375,180.18,C-G,C-G,High,CMPDI/MSTC — Machhakata Geological Report — DERIVED ANALYTICAL RECORD,SOURCE_DERIVED_ANALYTICAL,https://mstcecommerce.com/auctionhome/coalblock/RenderFileCoalBlock.jsp?file=com-Machhakata-and-Mahanadi.pdf
527,11-06-26,2026,June,Machhakata (Revised),Odisha,Odisha,I C,1.9,1.9,251.15,802,82,82,9.1,9.1,4.25,4.25,4398,9.37,C-G,C-G,High,CMPDI/MSTC — Machhakata Geological Report — DERIVED ANALYTICAL RECORD,SOURCE_DERIVED_ANALYTICAL,https://mstcecommerce.com/auctionhome/coalblock/RenderFileCoalBlock.jsp?file=com-Machhakata-and-Mahanadi.pdf
528,12-06-26,2026,June,Machhakata (Revised),Odisha,Odisha,I D,4.52,4.52,159.74,3639,89,89,15.15,15.15,6.0,6.0,4421,52.29,B-G,B-G,Medium,CMPDI/MSTC — Machhakata Geological Report — DERIVED ANALYTICAL RECORD,SOURCE_DERIVED_ANALYTICAL,https://mstcecommerce.com/auctionhome/coalblock/RenderFileCoalBlock.jsp?file=com-Machhakata-and-Mahanadi.pdf
529,13-06-26,2026,June,Machhakata (Revised),Odisha,Odisha,XI,4.72,4.72,55.73,896,72,72,8.0,8.0,2.5,2.5,4444,10.77,E-G,E-G,Low,CMPDI/MSTC — Machhakata Geological Report — DERIVED ANALYTICAL RECORD,SOURCE_DERIVED_ANALYTICAL,https://mstcecommerce.com/auctionhome/coalblock/RenderFileCoalBlock.jsp?file=com-Machhakata-and-Mahanadi.pdf
530,14-06-26,2026,June,Machhakata (Revised),Odisha,Odisha,X,2.93,2.93,82.13,345,79,79,14.05,14.05,4.25,4.25,4467,5.13,E-G,E-G,Medium,CMPDI/MSTC — Machhakata Geological Report — DERIVED ANALYTICAL RECORD,SOURCE_DERIVED_ANALYTICAL,https://mstcecommerce.com/auctionhome/coalblock/RenderFileCoalBlock.jsp?file=com-Machhakata-and-Mahanadi.pdf
531,15-06-26,2026,June,Machhakata (Revised),Odisha,Odisha,IX TOP,4.47,4.47,116.81,945,86,86,20.1,20.1,6.0,6.0,4490,11.7,E-G,E-G,High,CMPDI/MSTC — Machhakata Geological Report — DERIVED ANALYTICAL RECORD,SOURCE_DERIVED_ANALYTICAL,https://mstcecommerce.com/auctionhome/coalblock/RenderFileCoalBlock.jsp?file=com-Machhakata-and-Mahanadi.pdf
532,16-06-26,2026,June,Machhakata (Revised),Odisha,Odisha,IX BOT,0.58,0.58,151.11,6087,93,93,12.95,12.95,2.5,2.5,4513,64.48,E-G,E-G,High,CMPDI/MSTC — Machhakata Geological Report — DERIVED ANALYTICAL RECORD,SOURCE_DERIVED_ANALYTICAL,https://mstcecommerce.com/auctionhome/coalblock/RenderFileCoalBlock.jsp?file=com-Machhakata-and-Mahanadi.pdf
533,17-06-26,2026,June,Machhakata (Revised),Odisha,Odisha,VIII,2.64,2.64,24.68,9620,76,76,19.0,19.0,4.25,4.25,4536,122.71,F-G,F-G,Low,CMPDI/MSTC — Machhakata Geological Report — DERIVED ANALYTICAL RECORD,SOURCE_DERIVED_ANALYTICAL,https://mstcecommerce.com/auctionhome/coalblock/RenderFileCoalBlock.jsp?file=com-Machhakata-and-Mahanadi.pdf
534,18-06-26,2026,June,Machhakata (Revised),Odisha,Odisha,VII TOP,3.86,3.86,49.01,11044,83,83,11.85,11.85,6.0,6.0,4559,120.04,E-G,E-G,Low,CMPDI/MSTC — Machhakata Geological Report — DERIVED ANALYTICAL RECORD,SOURCE_DERIVED_ANALYTICAL,https://mstcecommerce.com/auctionhome/coalblock/RenderFileCoalBlock.jsp?file=com-Machhakata-and-Mahanadi.pdf
535,19-06-26,2026,June,Machhakata (Revised),Odisha,Odisha,VII BOT,2.3,2.3,75.21,571,90,90,17.9,17.9,2.5,2.5,4582,7.51,E-G,E-G,Medium,CMPDI/MSTC — Machhakata Geological Report — DERIVED ANALYTICAL RECORD,SOURCE_DERIVED_ANALYTICAL,https://mstcecommerce.com/auctionhome/coalblock/RenderFileCoalBlock.jsp?file=com-Machhakata-and-Mahanadi.pdf
536,20-06-26,2026,June,Machhakata (Revised),Odisha,Odisha,VI TOP,4.67,4.67,102.34,7256,73,73,10.75,10.75,4.25,4.25,4605,80.98,E-G,E-G,Medium,CMPDI/MSTC — Machhakata Geological Report — DERIVED ANALYTICAL RECORD,SOURCE_DERIVED_ANALYTICAL,https://mstcecommerce.com/auctionhome/coalblock/RenderFileCoalBlock.jsp?file=com-Machhakata-and-Mahanadi.pdf
537,21-06-26,2026,June,Machhakata (Revised),Odisha,Odisha,VI BOT,8.62,8.62,149.4,5775,80,80,16.8,16.8,6.0,6.0,4628,78.46,E-G,E-G,High,CMPDI/MSTC — Machhakata Geological Report — DERIVED ANALYTICAL RECORD,SOURCE_DERIVED_ANALYTICAL,https://mstcecommerce.com/auctionhome/coalblock/RenderFileCoalBlock.jsp?file=com-Machhakata-and-Mahanadi.pdf
538,22-06-26,2026,June,Machhakata (Revised),Odisha,Odisha,IV/V,4.76,4.76,24.44,4947,87,87,9.65,9.65,2.5,2.5,4651,56.73,D-G,D-G,Low,CMPDI/MSTC — Machhakata Geological Report — DERIVED ANALYTICAL RECORD,SOURCE_DERIVED_ANALYTICAL,https://mstcecommerce.com/auctionhome/coalblock/RenderFileCoalBlock.jsp?file=com-Machhakata-and-Mahanadi.pdf
539,23-06-26,2026,June,Machhakata (Revised),Odisha,Odisha,III TOP TOP,12.97,12.97,62.44,11252,94,94,15.7,15.7,4.25,4.25,4674,158.03,E-G,E-G,Low,CMPDI/MSTC — Machhakata Geological Report — DERIVED ANALYTICAL RECORD,SOURCE_DERIVED_ANALYTICAL,https://mstcecommerce.com/auctionhome/coalblock/RenderFileCoalBlock.jsp?file=com-Machhakata-and-Mahanadi.pdf
540,24-06-26,2026,June,Machhakata (Revised),Odisha,Odisha,III MID,4.46,4.46,107.77,18415,77,77,8.55,8.55,6.0,6.0,4697,217.16,D-G,D-G,Medium,CMPDI/MSTC — Machhakata Geological Report — DERIVED ANALYTICAL RECORD,SOURCE_DERIVED_ANALYTICAL,https://mstcecommerce.com/auctionhome/coalblock/RenderFileCoalBlock.jsp?file=com-Machhakata-and-Mahanadi.pdf
541,25-06-26,2026,June,Machhakata (Revised),Odisha,Odisha,III BOT TOP,1.46,1.46,141.76,5007,84,84,14.6,14.6,2.5,2.5,4720,72.77,C-G,C-G,Medium,CMPDI/MSTC — Machhakata Geological Report — DERIVED ANALYTICAL RECORD,SOURCE_DERIVED_ANALYTICAL,https://mstcecommerce.com/auctionhome/coalblock/RenderFileCoalBlock.jsp?file=com-Machhakata-and-Mahanadi.pdf
542,26-06-26,2026,June,Machhakata (Revised),Odisha,Odisha,III BOT BOT,1.98,1.98,167.01,889,91,91,20.65,20.65,4.25,4.25,4743,10.79,F-G,F-G,High,CMPDI/MSTC — Machhakata Geological Report — DERIVED ANALYTICAL RECORD,SOURCE_DERIVED_ANALYTICAL,https://mstcecommerce.com/auctionhome/coalblock/RenderFileCoalBlock.jsp?file=com-Machhakata-and-Mahanadi.pdf
543,27-06-26,2026,June,Machhakata (Revised),Odisha,Odisha,LOCAL 1,1.23,1.23,229.53,1266,74,74,13.5,13.5,6.0,6.0,4766,19.07,D-G,D-G,High,CMPDI/MSTC — Machhakata Geological Report — DERIVED ANALYTICAL RECORD,SOURCE_DERIVED_ANALYTICAL,https://mstcecommerce.com/auctionhome/coalblock/RenderFileCoalBlock.jsp?file=com-Machhakata-and-Mahanadi.pdf
544,28-06-26,2026,June,Machhakata (Revised),Odisha,Odisha,LOCAL 2,1.58,1.58,91.65,1169,81,81,19.55,19.55,2.5,2.5,4789,14.61,E-G,E-G,Medium,CMPDI/MSTC — Machhakata Geological Report — DERIVED ANALYTICAL RECORD,SOURCE_DERIVED_ANALYTICAL,https://mstcecommerce.com/auctionhome/coalblock/RenderFileCoalBlock.jsp?file=com-Machhakata-and-Mahanadi.pdf
545,29-06-26,2026,June,Machhakata (Revised),Odisha,Odisha,II TOP,3.97,3.97,131.92,4031,88,88,12.4,12.4,4.25,4.25,4812,43.07,E-G,E-G,Medium,CMPDI/MSTC — Machhakata Geological Report — DERIVED ANALYTICAL RECORD,SOURCE_DERIVED_ANALYTICAL,https://mstcecommerce.com/auctionhome/coalblock/RenderFileCoalBlock.jsp?file=com-Machhakata-and-Mahanadi.pdf
546,30-06-26,2026,June,Machhakata (Revised),Odisha,Odisha,II MID,1.97,1.97,140.14,636,95,95,18.45,18.45,6.0,6.0,4835,8.2,E-G,E-G,Medium,CMPDI/MSTC — Machhakata Geological Report — DERIVED ANALYTICAL RECORD,SOURCE_DERIVED_ANALYTICAL,https://mstcecommerce.com/auctionhome/coalblock/RenderFileCoalBlock.jsp?file=com-Machhakata-and-Mahanadi.pdf
547,01-07-26,2026,July,Machhakata (Revised),Odisha,Odisha,II BOT,2.71,2.71,196.32,544,78,78,11.3,11.3,2.5,2.5,4858,5.96,D-G,D-G,High,CMPDI/MSTC — Machhakata Geological Report — DERIVED ANALYTICAL RECORD,SOURCE_DERIVED_ANALYTICAL,https://mstcecommerce.com/auctionhome/coalblock/RenderFileCoalBlock.jsp?file=com-Machhakata-and-Mahanadi.pdf
548,02-07-26,2026,July,Machhakata (Revised),Odisha,Odisha,I A TOP,0.47,0.47,225.19,919,85,85,17.35,17.35,4.25,4.25,4881,12.22,E-G,E-G,High,CMPDI/MSTC — Machhakata Geological Report — DERIVED ANALYTICAL RECORD,SOURCE_DERIVED_ANALYTICAL,https://mstcecommerce.com/auctionhome/coalblock/RenderFileCoalBlock.jsp?file=com-Machhakata-and-Mahanadi.pdf
549,03-07-26,2026,July,Machhakata (Revised),Odisha,Odisha,I A BOT,1.32,1.32,128.64,3412,92,92,10.2,10.2,6.0,6.0,4904,38.42,D-G,D-G,Medium,CMPDI/MSTC — Machhakata Geological Report — DERIVED ANALYTICAL RECORD,SOURCE_DERIVED_ANALYTICAL,https://mstcecommerce.com/auctionhome/coalblock/RenderFileCoalBlock.jsp?file=com-Machhakata-and-Mahanadi.pdf
550,04-07-26,2026,July,Machhakata (Revised),Odisha,Odisha,I B,5.5,5.5,163.87,13117,75,75,16.25,16.25,2.5,2.5,4927,180.18,C-G,C-G,High,CMPDI/MSTC — Machhakata Geological Report — DERIVED ANALYTICAL RECORD,SOURCE_DERIVED_ANALYTICAL,https://mstcecommerce.com/auctionhome/coalblock/RenderFileCoalBlock.jsp?file=com-Machhakata-and-Mahanadi.pdf
551,05-07-26,2026,July,Machhakata (Revised),Odisha,Odisha,I C,2.48,2.48,195.78,810,82,82,9.1,9.1,4.25,4.25,4950,9.37,C-G,C-G,Medium,CMPDI/MSTC — Machhakata Geological Report — DERIVED ANALYTICAL RECORD,SOURCE_DERIVED_ANALYTICAL,https://mstcecommerce.com/auctionhome/coalblock/RenderFileCoalBlock.jsp?file=com-Machhakata-and-Mahanadi.pdf
552,06-07-26,2026,July,Machhakata (Revised),Odisha,Odisha,I D,5.56,5.56,231.87,3681,89,89,15.15,15.15,6.0,6.0,4973,52.29,B-G,B-G,High,CMPDI/MSTC — Machhakata Geological Report — DERIVED ANALYTICAL RECORD,SOURCE_DERIVED_ANALYTICAL,https://mstcecommerce.com/auctionhome/coalblock/RenderFileCoalBlock.jsp?file=com-Machhakata-and-Mahanadi.pdf
553,07-07-26,2026,July,Machhakata (Revised),Odisha,Odisha,XI,5.57,5.57,124.62,905,72,72,8.0,8.0,2.5,2.5,4996,10.77,E-G,E-G,High,CMPDI/MSTC — Machhakata Geological Report — DERIVED ANALYTICAL RECORD,SOURCE_DERIVED_ANALYTICAL,https://mstcecommerce.com/auctionhome/coalblock/RenderFileCoalBlock.jsp?file=com-Machhakata-and-Mahanadi.pdf
554,08-07-26,2026,July,Machhakata (Revised),Odisha,Odisha,X,3.37,3.37,23.79,349,79,79,14.05,14.05,4.25,4.25,5019,5.13,E-G,E-G,Low,CMPDI/MSTC — Machhakata Geological Report — DERIVED ANALYTICAL RECORD,SOURCE_DERIVED_ANALYTICAL,https://mstcecommerce.com/auctionhome/coalblock/RenderFileCoalBlock.jsp?file=com-Machhakata-and-Mahanadi.pdf
555,09-07-26,2026,July,Machhakata (Revised),Odisha,Odisha,IX TOP,0.2,0.2,52.19,955,86,86,20.1,20.1,6.0,6.0,5042,11.7,E-G,E-G,Medium,CMPDI/MSTC — Machhakata Geological Report — DERIVED ANALYTICAL RECORD,SOURCE_DERIVED_ANALYTICAL,https://mstcecommerce.com/auctionhome/coalblock/RenderFileCoalBlock.jsp?file=com-Machhakata-and-Mahanadi.pdf
556,10-07-26,2026,July,Machhakata (Revised),Odisha,Odisha,IX BOT,1.3,1.3,83.69,4230,93,93,12.95,12.95,2.5,2.5,5065,64.48,E-G,E-G,Medium,CMPDI/MSTC — Machhakata Geological Report — DERIVED ANALYTICAL RECORD,SOURCE_DERIVED_ANALYTICAL,https://mstcecommerce.com/auctionhome/coalblock/RenderFileCoalBlock.jsp?file=com-Machhakata-and-Mahanadi.pdf
557,11-07-26,2026,July,Machhakata (Revised),Odisha,Odisha,VIII,4.25,4.25,84.33,9719,76,76,19.0,19.0,4.25,4.25,5088,122.71,F-G,F-G,High,CMPDI/MSTC — Machhakata Geological Report — DERIVED ANALYTICAL RECORD,SOURCE_DERIVED_ANALYTICAL,https://mstcecommerce.com/auctionhome/coalblock/RenderFileCoalBlock.jsp?file=com-Machhakata-and-Mahanadi.pdf
558,12-07-26,2026,July,Machhakata (Revised),Odisha,Odisha,VII TOP,5.34,5.34,119.54,11140,83,83,11.85,11.85,6.0,6.0,5111,120.04,E-G,E-G,High,CMPDI/MSTC — Machhakata Geological Report — DERIVED ANALYTICAL RECORD,SOURCE_DERIVED_ANALYTICAL,https://mstcecommerce.com/auctionhome/coalblock/RenderFileCoalBlock.jsp?file=com-Machhakata-and-Mahanadi.pdf
559,13-07-26,2026,July,Machhakata (Revised),Odisha,Odisha,VII BOT,2.93,2.93,19.35,577,90,90,17.9,17.9,2.5,2.5,5134,7.51,E-G,E-G,Low,CMPDI/MSTC — Machhakata Geological Report — DERIVED ANALYTICAL RECORD,SOURCE_DERIVED_ANALYTICAL,https://mstcecommerce.com/auctionhome/coalblock/RenderFileCoalBlock.jsp?file=com-Machhakata-and-Mahanadi.pdf
560,14-07-26,2026,July,Machhakata (Revised),Odisha,Odisha,VI TOP,5.61,5.61,39.91,7321,73,73,10.75,10.75,4.25,4.25,5157,80.98,E-G,E-G,Low,CMPDI/MSTC — Machhakata Geological Report — DERIVED ANALYTICAL RECORD,SOURCE_DERIVED_ANALYTICAL,https://mstcecommerce.com/auctionhome/coalblock/RenderFileCoalBlock.jsp?file=com-Machhakata-and-Mahanadi.pdf
561,15-07-26,2026,July,Machhakata (Revised),Odisha,Odisha,VI BOT,10.1,10.1,80.35,5837,80,80,16.8,16.8,6.0,6.0,5180,78.46,E-G,E-G,Medium,CMPDI/MSTC — Machhakata Geological Report — DERIVED ANALYTICAL RECORD,SOURCE_DERIVED_ANALYTICAL,https://mstcecommerce.com/auctionhome/coalblock/RenderFileCoalBlock.jsp?file=com-Machhakata-and-Mahanadi.pdf
562,16-07-26,2026,July,Machhakata (Revised),Odisha,Odisha,IV/V,5.45,5.45,112.06,4992,87,87,9.65,9.65,2.5,2.5,5203,56.73,D-G,D-G,Medium,CMPDI/MSTC — Machhakata Geological Report — DERIVED ANALYTICAL RECORD,SOURCE_DERIVED_ANALYTICAL,https://mstcecommerce.com/auctionhome/coalblock/RenderFileCoalBlock.jsp?file=com-Machhakata-and-Mahanadi.pdf
563,17-07-26,2026,July,Machhakata (Revised),Odisha,Odisha,III TOP TOP,2.93,2.93,147.56,11378,94,94,15.7,15.7,4.25,4.25,5226,158.03,E-G,E-G,High,CMPDI/MSTC — Machhakata Geological Report — DERIVED ANALYTICAL RECORD,SOURCE_DERIVED_ANALYTICAL,https://mstcecommerce.com/auctionhome/coalblock/RenderFileCoalBlock.jsp?file=com-Machhakata-and-Mahanadi.pdf
564,18-07-26,2026,July,Machhakata (Revised),Odisha,Odisha,III MID,5.28,5.28,198.06,18589,77,77,8.55,8.55,6.0,6.0,5249,217.16,D-G,D-G,High,CMPDI/MSTC — Machhakata Geological Report — DERIVED ANALYTICAL RECORD,SOURCE_DERIVED_ANALYTICAL,https://mstcecommerce.com/auctionhome/coalblock/RenderFileCoalBlock.jsp?file=com-Machhakata-and-Mahanadi.pdf
565,19-07-26,2026,July,Machhakata (Revised),Odisha,Odisha,III BOT TOP,2.11,2.11,71.27,5065,84,84,14.6,14.6,2.5,2.5,5272,72.77,C-G,C-G,Low,CMPDI/MSTC — Machhakata Geological Report — DERIVED ANALYTICAL RECORD,SOURCE_DERIVED_ANALYTICAL,https://mstcecommerce.com/auctionhome/coalblock/RenderFileCoalBlock.jsp?file=com-Machhakata-and-Mahanadi.pdf
566,20-07-26,2026,July,Machhakata (Revised),Odisha,Odisha,III BOT BOT,2.69,2.69,99.05,898,91,91,20.65,20.65,4.25,4.25,5295,10.79,F-G,F-G,Medium,CMPDI/MSTC — Machhakata Geological Report — DERIVED ANALYTICAL RECORD,SOURCE_DERIVED_ANALYTICAL,https://mstcecommerce.com/auctionhome/coalblock/RenderFileCoalBlock.jsp?file=com-Machhakata-and-Mahanadi.pdf
567,21-07-26,2026,July,Machhakata (Revised),Odisha,Odisha,LOCAL 1,1.54,1.54,149.06,1282,74,74,13.5,13.5,6.0,6.0,5318,19.07,D-G,D-G,Medium,CMPDI/MSTC — Machhakata Geological Report — DERIVED ANALYTICAL RECORD,SOURCE_DERIVED_ANALYTICAL,https://mstcecommerce.com/auctionhome/coalblock/RenderFileCoalBlock.jsp?file=com-Machhakata-and-Mahanadi.pdf
568,22-07-26,2026,July,Machhakata (Revised),Odisha,Odisha,LOCAL 2,1.88,1.88,188.99,1180,81,81,19.55,19.55,2.5,2.5,5341,14.61,E-G,E-G,High,CMPDI/MSTC — Machhakata Geological Report — DERIVED ANALYTICAL RECORD,SOURCE_DERIVED_ANALYTICAL,https://mstcecommerce.com/auctionhome/coalblock/RenderFileCoalBlock.jsp?file=com-Machhakata-and-Mahanadi.pdf
569,23-07-26,2026,July,Machhakata (Revised),Odisha,Odisha,II TOP,4.61,4.61,228.16,4066,88,88,12.4,12.4,4.25,4.25,5364,43.07,E-G,E-G,High,CMPDI/MSTC — Machhakata Geological Report — DERIVED ANALYTICAL RECORD,SOURCE_DERIVED_ANALYTICAL,https://mstcecommerce.com/auctionhome/coalblock/RenderFileCoalBlock.jsp?file=com-Machhakata-and-Mahanadi.pdf
570,24-07-26,2026,July,Machhakata (Revised),Odisha,Odisha,II MID,2.24,2.24,35.19,643,95,95,18.45,18.45,6.0,6.0,5387,8.2,E-G,E-G,Low,CMPDI/MSTC — Machhakata Geological Report — DERIVED ANALYTICAL RECORD,SOURCE_DERIVED_ANALYTICAL,https://mstcecommerce.com/auctionhome/coalblock/RenderFileCoalBlock.jsp?file=com-Machhakata-and-Mahanadi.pdf
571,25-07-26,2026,July,Machhakata (Revised),Odisha,Odisha,II BOT,0.34,0.34,133.03,548,78,78,11.3,11.3,2.5,2.5,5410,5.96,D-G,D-G,Medium,CMPDI/MSTC — Machhakata Geological Report — DERIVED ANALYTICAL RECORD,SOURCE_DERIVED_ANALYTICAL,https://mstcecommerce.com/auctionhome/coalblock/RenderFileCoalBlock.jsp?file=com-Machhakata-and-Mahanadi.pdf
572,26-07-26,2026,July,Machhakata (Revised),Odisha,Odisha,I A TOP,0.78,0.78,177.7,929,85,85,17.35,17.35,4.25,4.25,5433,12.22,E-G,E-G,High,CMPDI/MSTC — Machhakata Geological Report — DERIVED ANALYTICAL RECORD,SOURCE_DERIVED_ANALYTICAL,https://mstcecommerce.com/auctionhome/coalblock/RenderFileCoalBlock.jsp?file=com-Machhakata-and-Mahanadi.pdf
573,27-07-26,2026,July,Machhakata (Revised),Odisha,Odisha,I A BOT,1.93,1.93,198.96,3442,92,92,10.2,10.2,6.0,6.0,5456,38.42,D-G,D-G,High,CMPDI/MSTC — Machhakata Geological Report — DERIVED ANALYTICAL RECORD,SOURCE_DERIVED_ANALYTICAL,https://mstcecommerce.com/auctionhome/coalblock/RenderFileCoalBlock.jsp?file=com-Machhakata-and-Mahanadi.pdf
574,28-07-26,2026,July,Machhakata (Revised),Odisha,Odisha,I B,6.77,6.77,233.77,13261,75,75,16.25,16.25,2.5,2.5,5479,180.18,C-G,C-G,High,CMPDI/MSTC — Machhakata Geological Report — DERIVED ANALYTICAL RECORD,SOURCE_DERIVED_ANALYTICAL,https://mstcecommerce.com/auctionhome/coalblock/RenderFileCoalBlock.jsp?file=com-Machhakata-and-Mahanadi.pdf
575,29-07-26,2026,July,Machhakata (Revised),Odisha,Odisha,I C,3.05,3.05,140.42,817,82,82,9.1,9.1,4.25,4.25,5502,9.37,C-G,C-G,Medium,CMPDI/MSTC — Machhakata Geological Report — DERIVED ANALYTICAL RECORD,SOURCE_DERIVED_ANALYTICAL,https://mstcecommerce.com/auctionhome/coalblock/RenderFileCoalBlock.jsp?file=com-Machhakata-and-Mahanadi.pdf
576,30-07-26,2026,July,Machhakata (Revised),Odisha,Odisha,I D,6.6,6.6,175.2,3723,89,89,15.15,15.15,6.0,6.0,5525,52.29,B-G,B-G,Medium,CMPDI/MSTC — Machhakata Geological Report — DERIVED ANALYTICAL RECORD,SOURCE_DERIVED_ANALYTICAL,https://mstcecommerce.com/auctionhome/coalblock/RenderFileCoalBlock.jsp?file=com-Machhakata-and-Mahanadi.pdf
577,31-07-26,2026,July,Machhakata (Revised),Odisha,Odisha,XI,6.42,6.42,70.49,913,72,72,8.0,8.0,2.5,2.5,5548,10.77,E-G,E-G,Medium,CMPDI/MSTC — Machhakata Geological Report — DERIVED ANALYTICAL RECORD,SOURCE_DERIVED_ANALYTICAL,https://mstcecommerce.com/auctionhome/coalblock/RenderFileCoalBlock.jsp?file=com-Machhakata-and-Mahanadi.pdf
578,01-08-26,2026,August,Machhakata (Revised),Odisha,Odisha,X,0.16,0.16,98.04,353,79,79,14.05,14.05,4.25,4.25,5571,5.13,E-G,E-G,Medium,CMPDI/MSTC — Machhakata Geological Report — DERIVED ANALYTICAL RECORD,SOURCE_DERIVED_ANALYTICAL,https://mstcecommerce.com/auctionhome/coalblock/RenderFileCoalBlock.jsp?file=com-Machhakata-and-Mahanadi.pdf
579,02-08-26,2026,August,Machhakata (Revised),Odisha,Odisha,IX TOP,0.78,0.78,134.43,964,86,86,20.1,20.1,6.0,6.0,5594,11.7,E-G,E-G,High,CMPDI/MSTC — Machhakata Geological Report — DERIVED ANALYTICAL RECORD,SOURCE_DERIVED_ANALYTICAL,https://mstcecommerce.com/auctionhome/coalblock/RenderFileCoalBlock.jsp?file=com-Machhakata-and-Mahanadi.pdf
580,03-08-26,2026,August,Machhakata (Revised),Odisha,Odisha,IX BOT,2.01,2.01,16.27,4281,93,93,12.95,12.95,2.5,2.5,5617,64.48,E-G,E-G,Low,CMPDI/MSTC — Machhakata Geological Report — DERIVED ANALYTICAL RECORD,SOURCE_DERIVED_ANALYTICAL,https://mstcecommerce.com/auctionhome/coalblock/RenderFileCoalBlock.jsp?file=com-Machhakata-and-Mahanadi.pdf
581,04-08-26,2026,August,Machhakata (Revised),Odisha,Odisha,VIII,5.86,5.86,37.46,9817,76,76,19.0,19.0,4.25,4.25,5640,122.71,F-G,F-G,Medium,CMPDI/MSTC — Machhakata Geological Report — DERIVED ANALYTICAL RECORD,SOURCE_DERIVED_ANALYTICAL,https://mstcecommerce.com/auctionhome/coalblock/RenderFileCoalBlock.jsp?file=com-Machhakata-and-Mahanadi.pdf
582,05-08-26,2026,August,Machhakata (Revised),Odisha,Odisha,VII TOP,6.81,6.81,64.12,11236,83,83,11.85,11.85,6.0,6.0,5663,120.04,E-G,E-G,Medium,CMPDI/MSTC — Machhakata Geological Report — DERIVED ANALYTICAL RECORD,SOURCE_DERIVED_ANALYTICAL,https://mstcecommerce.com/auctionhome/coalblock/RenderFileCoalBlock.jsp?file=com-Machhakata-and-Mahanadi.pdf
583,06-08-26,2026,August,Machhakata (Revised),Odisha,Odisha,VII BOT,3.57,3.57,90.44,583,90,90,17.9,17.9,2.5,2.5,5686,7.51,E-G,E-G,Medium,CMPDI/MSTC — Machhakata Geological Report — DERIVED ANALYTICAL RECORD,SOURCE_DERIVED_ANALYTICAL,https://mstcecommerce.com/auctionhome/coalblock/RenderFileCoalBlock.jsp?file=com-Machhakata-and-Mahanadi.pdf
584,07-08-26,2026,August,Machhakata (Revised),Odisha,Odisha,VI TOP,6.56,6.56,119.37,7385,73,73,10.75,10.75,4.25,4.25,5709,80.98,E-G,E-G,High,CMPDI/MSTC — Machhakata Geological Report — DERIVED ANALYTICAL RECORD,SOURCE_DERIVED_ANALYTICAL,https://mstcecommerce.com/auctionhome/coalblock/RenderFileCoalBlock.jsp?file=com-Machhakata-and-Mahanadi.pdf
585,08-08-26,2026,August,Machhakata (Revised),Odisha,Odisha,VI BOT,11.59,11.59,168.23,5900,80,80,16.8,16.8,6.0,6.0,5732,78.46,E-G,E-G,High,CMPDI/MSTC — Machhakata Geological Report — DERIVED ANALYTICAL RECORD,SOURCE_DERIVED_ANALYTICAL,https://mstcecommerce.com/auctionhome/coalblock/RenderFileCoalBlock.jsp?file=com-Machhakata-and-Mahanadi.pdf
586,09-08-26,2026,August,Machhakata (Revised),Odisha,Odisha,IV/V,0.42,0.42,43.22,5038,87,87,9.65,9.65,2.5,2.5,5755,56.73,D-G,D-G,Low,CMPDI/MSTC — Machhakata Geological Report — DERIVED ANALYTICAL RECORD,SOURCE_DERIVED_ANALYTICAL,https://mstcecommerce.com/auctionhome/coalblock/RenderFileCoalBlock.jsp?file=com-Machhakata-and-Mahanadi.pdf
587,10-08-26,2026,August,Machhakata (Revised),Odisha,Odisha,III TOP TOP,4.3,4.3,80.68,11505,94,94,15.7,15.7,4.25,4.25,5778,158.03,E-G,E-G,Medium,CMPDI/MSTC — Machhakata Geological Report — DERIVED ANALYTICAL RECORD,SOURCE_DERIVED_ANALYTICAL,https://mstcecommerce.com/auctionhome/coalblock/RenderFileCoalBlock.jsp?file=com-Machhakata-and-Mahanadi.pdf
588,11-08-26,2026,August,Machhakata (Revised),Odisha,Odisha,III MID,6.1,6.1,127.12,18763,77,77,8.55,8.55,6.0,6.0,4301,217.16,D-G,D-G,Medium,CMPDI/MSTC — Machhakata Geological Report — DERIVED ANALYTICAL RECORD,SOURCE_DERIVED_ANALYTICAL,https://mstcecommerce.com/auctionhome/coalblock/RenderFileCoalBlock.jsp?file=com-Machhakata-and-Mahanadi.pdf
589,12-08-26,2026,August,Machhakata (Revised),Odisha,Odisha,III BOT TOP,2.77,2.77,160.99,5123,84,84,14.6,14.6,2.5,2.5,4324,72.77,C-G,C-G,High,CMPDI/MSTC — Machhakata Geological Report — DERIVED ANALYTICAL RECORD,SOURCE_DERIVED_ANALYTICAL,https://mstcecommerce.com/auctionhome/coalblock/RenderFileCoalBlock.jsp?file=com-Machhakata-and-Mahanadi.pdf
590,13-08-26,2026,August,Machhakata (Revised),Odisha,Odisha,III BOT BOT,3.39,3.39,185.54,906,91,91,20.65,20.65,4.25,4.25,4347,10.79,F-G,F-G,High,CMPDI/MSTC — Machhakata Geological Report — DERIVED ANALYTICAL RECORD,SOURCE_DERIVED_ANALYTICAL,https://mstcecommerce.com/auctionhome/coalblock/RenderFileCoalBlock.jsp?file=com-Machhakata-and-Mahanadi.pdf
591,14-08-26,2026,August,Machhakata (Revised),Odisha,Odisha,LOCAL 1,1.85,1.85,68.59,1297,74,74,13.5,13.5,6.0,6.0,4370,19.07,D-G,D-G,Low,CMPDI/MSTC — Machhakata Geological Report — DERIVED ANALYTICAL RECORD,SOURCE_DERIVED_ANALYTICAL,https://mstcecommerce.com/auctionhome/coalblock/RenderFileCoalBlock.jsp?file=com-Machhakata-and-Mahanadi.pdf
592,15-08-26,2026,August,Machhakata (Revised),Odisha,Odisha,LOCAL 2,2.19,2.19,112.51,1192,81,81,19.55,19.55,2.5,2.5,4393,14.61,E-G,E-G,Medium,CMPDI/MSTC — Machhakata Geological Report — DERIVED ANALYTICAL RECORD,SOURCE_DERIVED_ANALYTICAL,https://mstcecommerce.com/auctionhome/coalblock/RenderFileCoalBlock.jsp?file=com-Machhakata-and-Mahanadi.pdf
593,16-08-26,2026,August,Machhakata (Revised),Odisha,Odisha,II TOP,5.26,5.26,152.54,2825,88,88,12.4,12.4,4.25,4.25,4416,43.07,E-G,E-G,Medium,CMPDI/MSTC — Machhakata Geological Report — DERIVED ANALYTICAL RECORD,SOURCE_DERIVED_ANALYTICAL,https://mstcecommerce.com/auctionhome/coalblock/RenderFileCoalBlock.jsp?file=com-Machhakata-and-Mahanadi.pdf
594,17-08-26,2026,August,Machhakata (Revised),Odisha,Odisha,II MID,0.26,0.26,168.77,649,95,95,18.45,18.45,6.0,6.0,4439,8.2,E-G,E-G,Medium,CMPDI/MSTC — Machhakata Geological Report — DERIVED ANALYTICAL RECORD,SOURCE_DERIVED_ANALYTICAL,https://mstcecommerce.com/auctionhome/coalblock/RenderFileCoalBlock.jsp?file=com-Machhakata-and-Mahanadi.pdf
595,18-08-26,2026,August,Machhakata (Revised),Odisha,Odisha,II BOT,0.66,0.66,213.58,553,78,78,11.3,11.3,2.5,2.5,4462,5.96,D-G,D-G,High,CMPDI/MSTC — Machhakata Geological Report — DERIVED ANALYTICAL RECORD,SOURCE_DERIVED_ANALYTICAL,https://mstcecommerce.com/auctionhome/coalblock/RenderFileCoalBlock.jsp?file=com-Machhakata-and-Mahanadi.pdf
596,19-08-26,2026,August,Machhakata (Revised),Odisha,Odisha,I A TOP,1.08,1.08,130.21,938,85,85,17.35,17.35,4.25,4.25,4485,12.22,E-G,E-G,Medium,CMPDI/MSTC — Machhakata Geological Report — DERIVED ANALYTICAL RECORD,SOURCE_DERIVED_ANALYTICAL,https://mstcecommerce.com/auctionhome/coalblock/RenderFileCoalBlock.jsp?file=com-Machhakata-and-Mahanadi.pdf
597,20-08-26,2026,August,Machhakata (Revised),Odisha,Odisha,I A BOT,2.53,2.53,143.71,3473,92,92,10.2,10.2,6.0,6.0,4508,38.42,D-G,D-G,Medium,CMPDI/MSTC — Machhakata Geological Report — DERIVED ANALYTICAL RECORD,SOURCE_DERIVED_ANALYTICAL,https://mstcecommerce.com/auctionhome/coalblock/RenderFileCoalBlock.jsp?file=com-Machhakata-and-Mahanadi.pdf
598,21-08-26,2026,August,Machhakata (Revised),Odisha,Odisha,I B,8.04,8.04,178.85,13405,75,75,16.25,16.25,2.5,2.5,4531,180.18,C-G,C-G,High,CMPDI/MSTC — Machhakata Geological Report — DERIVED ANALYTICAL RECORD,SOURCE_DERIVED_ANALYTICAL,https://mstcecommerce.com/auctionhome/coalblock/RenderFileCoalBlock.jsp?file=com-Machhakata-and-Mahanadi.pdf
599,22-08-26,2026,August,Machhakata (Revised),Odisha,Odisha,I C,3.62,3.62,210.88,825,82,82,9.1,9.1,4.25,4.25,4554,9.37,C-G,C-G,High,CMPDI/MSTC — Machhakata Geological Report — DERIVED ANALYTICAL RECORD,SOURCE_DERIVED_ANALYTICAL,https://mstcecommerce.com/auctionhome/coalblock/RenderFileCoalBlock.jsp?file=com-Machhakata-and-Mahanadi.pdf
600,23-08-26,2026,August,Machhakata (Revised),Odisha,Odisha,I D,7.64,7.64,247.33,3765,89,89,15.15,15.15,6.0,6.0,4577,52.29,B-G,B-G,High,CMPDI/MSTC — Machhakata Geological Report — DERIVED ANALYTICAL RECORD,SOURCE_DERIVED_ANALYTICAL,https://mstcecommerce.com/auctionhome/coalblock/RenderFileCoalBlock.jsp?file=com-Machhakata-and-Mahanadi.pdf
601,24-08-26,2026,August,Machhakata (Revised),Odisha,Odisha,XI,0.2,0.2,16.37,922,72,72,8.0,8.0,2.5,2.5,4600,10.77,E-G,E-G,Low,CMPDI/MSTC — Machhakata Geological Report — DERIVED ANALYTICAL RECORD,SOURCE_DERIVED_ANALYTICAL,https://mstcecommerce.com/auctionhome/coalblock/RenderFileCoalBlock.jsp?file=com-Machhakata-and-Mahanadi.pdf
602,25-08-26,2026,August,Machhakata (Revised),Odisha,Odisha,X,0.59,0.59,39.7,357,79,79,14.05,14.05,4.25,4.25,4623,5.13,E-G,E-G,Low,CMPDI/MSTC — Machhakata Geological Report — DERIVED ANALYTICAL RECORD,SOURCE_DERIVED_ANALYTICAL,https://mstcecommerce.com/auctionhome/coalblock/RenderFileCoalBlock.jsp?file=com-Machhakata-and-Mahanadi.pdf
603,26-08-26,2026,August,Machhakata (Revised),Odisha,Odisha,IX TOP,1.36,1.36,69.81,973,86,86,20.1,20.1,6.0,6.0,4646,11.7,E-G,E-G,Medium,CMPDI/MSTC — Machhakata Geological Report — DERIVED ANALYTICAL RECORD,SOURCE_DERIVED_ANALYTICAL,https://mstcecommerce.com/auctionhome/coalblock/RenderFileCoalBlock.jsp?file=com-Machhakata-and-Mahanadi.pdf
604,27-08-26,2026,August,Machhakata (Revised),Odisha,Odisha,IX BOT,2.73,2.73,102.08,4333,93,93,12.95,12.95,2.5,2.5,4669,64.48,E-G,E-G,Medium,CMPDI/MSTC — Machhakata Geological Report — DERIVED ANALYTICAL RECORD,SOURCE_DERIVED_ANALYTICAL,https://mstcecommerce.com/auctionhome/coalblock/RenderFileCoalBlock.jsp?file=com-Machhakata-and-Mahanadi.pdf
605,28-08-26,2026,August,Machhakata (Revised),Odisha,Odisha,VIII,7.47,7.47,97.12,9915,76,76,19.0,19.0,4.25,4.25,4692,122.71,F-G,F-G,High,CMPDI/MSTC — Machhakata Geological Report — DERIVED ANALYTICAL RECORD,SOURCE_DERIVED_ANALYTICAL,https://mstcecommerce.com/auctionhome/coalblock/RenderFileCoalBlock.jsp?file=com-Machhakata-and-Mahanadi.pdf
606,29-08-26,2026,August,Machhakata (Revised),Odisha,Odisha,VII TOP,8.29,8.29,134.65,11332,83,83,11.85,11.85,6.0,6.0,4715,120.04,E-G,E-G,High,CMPDI/MSTC — Machhakata Geological Report — DERIVED ANALYTICAL RECORD,SOURCE_DERIVED_ANALYTICAL,https://mstcecommerce.com/auctionhome/coalblock/RenderFileCoalBlock.jsp?file=com-Machhakata-and-Mahanadi.pdf
607,30-08-26,2026,August,Machhakata (Revised),Odisha,Odisha,VII BOT,4.2,4.2,34.58,589,90,90,17.9,17.9,2.5,2.5,4738,7.51,E-G,E-G,Low,CMPDI/MSTC — Machhakata Geological Report — DERIVED ANALYTICAL RECORD,SOURCE_DERIVED_ANALYTICAL,https://mstcecommerce.com/auctionhome/coalblock/RenderFileCoalBlock.jsp?file=com-Machhakata-and-Mahanadi.pdf
608,31-08-26,2026,August,Machhakata (Revised),Odisha,Odisha,VI TOP,7.5,7.5,56.93,7450,73,73,10.75,10.75,4.25,4.25,4761,80.98,E-G,E-G,Low,CMPDI/MSTC — Machhakata Geological Report — DERIVED ANALYTICAL RECORD,SOURCE_DERIVED_ANALYTICAL,https://mstcecommerce.com/auctionhome/coalblock/RenderFileCoalBlock.jsp?file=com-Machhakata-and-Mahanadi.pdf
609,01-09-26,2026,September,Machhakata (Revised),Odisha,Odisha,VI BOT,0.7,0.7,99.18,5963,80,80,16.8,16.8,6.0,6.0,4784,78.46,E-G,E-G,Medium,CMPDI/MSTC — Machhakata Geological Report — DERIVED ANALYTICAL RECORD,SOURCE_DERIVED_ANALYTICAL,https://mstcecommerce.com/auctionhome/coalblock/RenderFileCoalBlock.jsp?file=com-Machhakata-and-Mahanadi.pdf
610,02-09-26,2026,September,Machhakata (Revised),Odisha,Odisha,IV/V,1.1,1.1,130.83,5083,87,87,9.65,9.65,2.5,2.5,4807,56.73,D-G,D-G,Medium,CMPDI/MSTC — Machhakata Geological Report — DERIVED ANALYTICAL RECORD,SOURCE_DERIVED_ANALYTICAL,https://mstcecommerce.com/auctionhome/coalblock/RenderFileCoalBlock.jsp?file=com-Machhakata-and-Mahanadi.pdf
611,03-09-26,2026,September,Machhakata (Revised),Odisha,Odisha,III TOP TOP,5.67,5.67,165.8,11631,94,94,15.7,15.7,4.25,4.25,4830,158.03,E-G,E-G,High,CMPDI/MSTC — Machhakata Geological Report — DERIVED ANALYTICAL RECORD,SOURCE_DERIVED_ANALYTICAL,https://mstcecommerce.com/auctionhome/coalblock/RenderFileCoalBlock.jsp?file=com-Machhakata-and-Mahanadi.pdf
612,04-09-26,2026,September,Machhakata (Revised),Odisha,Odisha,III MID,6.92,6.92,56.17,18936,77,77,8.55,8.55,6.0,6.0,4853,217.16,D-G,D-G,Low,CMPDI/MSTC — Machhakata Geological Report — DERIVED ANALYTICAL RECORD,SOURCE_DERIVED_ANALYTICAL,https://mstcecommerce.com/auctionhome/coalblock/RenderFileCoalBlock.jsp?file=com-Machhakata-and-Mahanadi.pdf
613,05-09-26,2026,September,Machhakata (Revised),Odisha,Odisha,III BOT TOP,3.43,3.43,90.49,5181,84,84,14.6,14.6,2.5,2.5,4876,72.77,C-G,C-G,Medium,CMPDI/MSTC — Machhakata Geological Report — DERIVED ANALYTICAL RECORD,SOURCE_DERIVED_ANALYTICAL,https://mstcecommerce.com/auctionhome/coalblock/RenderFileCoalBlock.jsp?file=com-Machhakata-and-Mahanadi.pdf
614,06-09-26,2026,September,Machhakata (Revised),Odisha,Odisha,III BOT BOT,4.09,4.09,117.59,915,91,91,20.65,20.65,4.25,4.25,4899,10.79,F-G,F-G,Medium,CMPDI/MSTC — Machhakata Geological Report — DERIVED ANALYTICAL RECORD,SOURCE_DERIVED_ANALYTICAL,https://mstcecommerce.com/auctionhome/coalblock/RenderFileCoalBlock.jsp?file=com-Machhakata-and-Mahanadi.pdf
615,07-09-26,2026,September,Machhakata (Revised),Odisha,Odisha,LOCAL 1,2.16,2.16,171.01,1312,74,74,13.5,13.5,6.0,6.0,4922,19.07,D-G,D-G,High,CMPDI/MSTC — Machhakata Geological Report — DERIVED ANALYTICAL RECORD,SOURCE_DERIVED_ANALYTICAL,https://mstcecommerce.com/auctionhome/coalblock/RenderFileCoalBlock.jsp?file=com-Machhakata-and-Mahanadi.pdf
616,08-09-26,2026,September,Machhakata (Revised),Odisha,Odisha,LOCAL 2,2.49,2.49,209.85,1204,81,81,19.55,19.55,2.5,2.5,4945,14.61,E-G,E-G,High,CMPDI/MSTC — Machhakata Geological Report — DERIVED ANALYTICAL RECORD,SOURCE_DERIVED_ANALYTICAL,https://mstcecommerce.com/auctionhome/coalblock/RenderFileCoalBlock.jsp?file=com-Machhakata-and-Mahanadi.pdf
617,09-09-26,2026,September,Machhakata (Revised),Odisha,Odisha,II TOP,0.55,0.55,76.92,2860,88,88,12.4,12.4,4.25,4.25,4968,43.07,E-G,E-G,Low,CMPDI/MSTC — Machhakata Geological Report — DERIVED ANALYTICAL RECORD,SOURCE_DERIVED_ANALYTICAL,https://mstcecommerce.com/auctionhome/coalblock/RenderFileCoalBlock.jsp?file=com-Machhakata-and-Mahanadi.pdf
618,10-09-26,2026,September,Machhakata (Revised),Odisha,Odisha,II MID,0.53,0.53,63.81,656,95,95,18.45,18.45,6.0,6.0,4991,8.2,E-G,E-G,Low,CMPDI/MSTC — Machhakata Geological Report — DERIVED ANALYTICAL RECORD,SOURCE_DERIVED_ANALYTICAL,https://mstcecommerce.com/auctionhome/coalblock/RenderFileCoalBlock.jsp?file=com-Machhakata-and-Mahanadi.pdf
619,11-09-26,2026,September,Machhakata (Revised),Odisha,Odisha,II BOT,0.98,0.98,150.29,558,78,78,11.3,11.3,2.5,2.5,5014,5.96,D-G,D-G,Medium,CMPDI/MSTC — Machhakata Geological Report — DERIVED ANALYTICAL RECORD,SOURCE_DERIVED_ANALYTICAL,https://mstcecommerce.com/auctionhome/coalblock/RenderFileCoalBlock.jsp?file=com-Machhakata-and-Mahanadi.pdf
620,12-09-26,2026,September,Machhakata (Revised),Odisha,Odisha,I A TOP,1.39,1.39,190.65,948,85,85,17.35,17.35,4.25,4.25,5037,12.22,E-G,E-G,High,CMPDI/MSTC — Machhakata Geological Report — DERIVED ANALYTICAL RECORD,SOURCE_DERIVED_ANALYTICAL,https://mstcecommerce.com/auctionhome/coalblock/RenderFileCoalBlock.jsp?file=com-Machhakata-and-Mahanadi.pdf
621,13-09-26,2026,September,Machhakata (Revised),Odisha,Odisha,I A BOT,3.14,3.14,214.03,3504,92,92,10.2,10.2,6.0,6.0,5060,38.42,D-G,D-G,High,CMPDI/MSTC — Machhakata Geological Report — DERIVED ANALYTICAL RECORD,SOURCE_DERIVED_ANALYTICAL,https://mstcecommerce.com/auctionhome/coalblock/RenderFileCoalBlock.jsp?file=com-Machhakata-and-Mahanadi.pdf
622,14-09-26,2026,September,Machhakata (Revised),Odisha,Odisha,I B,9.3,9.3,248.75,13550,75,75,16.25,16.25,2.5,2.5,5083,180.18,C-G,C-G,High,CMPDI/MSTC — Machhakata Geological Report — DERIVED ANALYTICAL RECORD,SOURCE_DERIVED_ANALYTICAL,https://mstcecommerce.com/auctionhome/coalblock/RenderFileCoalBlock.jsp?file=com-Machhakata-and-Mahanadi.pdf
623,15-09-26,2026,September,Machhakata (Revised),Odisha,Odisha,I C,4.19,4.19,155.52,832,82,82,9.1,9.1,4.25,4.25,5106,9.37,C-G,C-G,Medium,CMPDI/MSTC — Machhakata Geological Report — DERIVED ANALYTICAL RECORD,SOURCE_DERIVED_ANALYTICAL,https://mstcecommerce.com/auctionhome/coalblock/RenderFileCoalBlock.jsp?file=com-Machhakata-and-Mahanadi.pdf
624,16-09-26,2026,September,Machhakata (Revised),Odisha,Odisha,I D,8.68,8.68,190.66,3807,89,89,15.15,15.15,6.0,6.0,5129,52.29,B-G,B-G,Medium,CMPDI/MSTC — Machhakata Geological Report — DERIVED ANALYTICAL RECORD,SOURCE_DERIVED_ANALYTICAL,https://mstcecommerce.com/auctionhome/coalblock/RenderFileCoalBlock.jsp?file=com-Machhakata-and-Mahanadi.pdf
625,17-09-26,2026,September,Machhakata (Revised),Odisha,Odisha,XI,1.05,1.05,85.26,931,72,72,8.0,8.0,2.5,2.5,5152,10.77,E-G,E-G,Medium,CMPDI/MSTC — Machhakata Geological Report — DERIVED ANALYTICAL RECORD,SOURCE_DERIVED_ANALYTICAL,https://mstcecommerce.com/auctionhome/coalblock/RenderFileCoalBlock.jsp?file=com-Machhakata-and-Mahanadi.pdf
626,18-09-26,2026,September,Machhakata (Revised),Odisha,Odisha,X,1.03,1.03,113.95,361,79,79,14.05,14.05,4.25,4.25,5175,5.13,E-G,E-G,High,CMPDI/MSTC — Machhakata Geological Report — DERIVED ANALYTICAL RECORD,SOURCE_DERIVED_ANALYTICAL,https://mstcecommerce.com/auctionhome/coalblock/RenderFileCoalBlock.jsp?file=com-Machhakata-and-Mahanadi.pdf
627,19-09-26,2026,September,Machhakata (Revised),Odisha,Odisha,IX TOP,1.95,1.95,152.06,983,86,86,20.1,20.1,6.0,6.0,5198,11.7,E-G,E-G,High,CMPDI/MSTC — Machhakata Geological Report — DERIVED ANALYTICAL RECORD,SOURCE_DERIVED_ANALYTICAL,https://mstcecommerce.com/auctionhome/coalblock/RenderFileCoalBlock.jsp?file=com-Machhakata-and-Mahanadi.pdf
628,20-09-26,2026,September,Machhakata (Revised),Odisha,Odisha,IX BOT,3.44,3.44,34.66,4385,93,93,12.95,12.95,2.5,2.5,5221,64.48,E-G,E-G,Low,CMPDI/MSTC — Machhakata Geological Report — DERIVED ANALYTICAL RECORD,SOURCE_DERIVED_ANALYTICAL,https://mstcecommerce.com/auctionhome/coalblock/RenderFileCoalBlock.jsp?file=com-Machhakata-and-Mahanadi.pdf
629,21-09-26,2026,September,Machhakata (Revised),Odisha,Odisha,VIII,9.09,9.09,50.25,10013,76,76,19.0,19.0,4.25,4.25,5244,122.71,F-G,F-G,Medium,CMPDI/MSTC — Machhakata Geological Report — DERIVED ANALYTICAL RECORD,SOURCE_DERIVED_ANALYTICAL,https://mstcecommerce.com/auctionhome/coalblock/RenderFileCoalBlock.jsp?file=com-Machhakata-and-Mahanadi.pdf
630,22-09-26,2026,September,Machhakata (Revised),Odisha,Odisha,VII TOP,9.77,9.77,79.23,7875,83,83,11.85,11.85,6.0,6.0,5267,120.04,E-G,E-G,Medium,CMPDI/MSTC — Machhakata Geological Report — DERIVED ANALYTICAL RECORD,SOURCE_DERIVED_ANALYTICAL,https://mstcecommerce.com/auctionhome/coalblock/RenderFileCoalBlock.jsp?file=com-Machhakata-and-Mahanadi.pdf
631,23-09-26,2026,September,Machhakata (Revised),Odisha,Odisha,VII BOT,4.84,4.84,105.67,595,90,90,17.9,17.9,2.5,2.5,5290,7.51,E-G,E-G,High,CMPDI/MSTC — Machhakata Geological Report — DERIVED ANALYTICAL RECORD,SOURCE_DERIVED_ANALYTICAL,https://mstcecommerce.com/auctionhome/coalblock/RenderFileCoalBlock.jsp?file=com-Machhakata-and-Mahanadi.pdf
632,24-09-26,2026,September,Machhakata (Revised),Odisha,Odisha,VI TOP,0.58,0.58,136.39,7515,73,73,10.75,10.75,4.25,4.25,5313,80.98,E-G,E-G,High,CMPDI/MSTC — Machhakata Geological Report — DERIVED ANALYTICAL RECORD,SOURCE_DERIVED_ANALYTICAL,https://mstcecommerce.com/auctionhome/coalblock/RenderFileCoalBlock.jsp?file=com-Machhakata-and-Mahanadi.pdf
633,25-09-26,2026,September,Machhakata (Revised),Odisha,Odisha,VI BOT,2.18,2.18,30.13,6026,80,80,16.8,16.8,6.0,6.0,5336,78.46,E-G,E-G,Low,CMPDI/MSTC — Machhakata Geological Report — DERIVED ANALYTICAL RECORD,SOURCE_DERIVED_ANALYTICAL,https://mstcecommerce.com/auctionhome/coalblock/RenderFileCoalBlock.jsp?file=com-Machhakata-and-Mahanadi.pdf
634,26-09-26,2026,September,Machhakata (Revised),Odisha,Odisha,IV/V,1.79,1.79,61.99,5128,87,87,9.65,9.65,2.5,2.5,5359,56.73,D-G,D-G,Low,CMPDI/MSTC — Machhakata Geological Report — DERIVED ANALYTICAL RECORD,SOURCE_DERIVED_ANALYTICAL,https://mstcecommerce.com/auctionhome/coalblock/RenderFileCoalBlock.jsp?file=com-Machhakata-and-Mahanadi.pdf
635,27-09-26,2026,September,Machhakata (Revised),Odisha,Odisha,III TOP TOP,7.04,7.04,98.92,11757,94,94,15.7,15.7,4.25,4.25,5382,158.03,E-G,E-G,Medium,CMPDI/MSTC — Machhakata Geological Report — DERIVED ANALYTICAL RECORD,SOURCE_DERIVED_ANALYTICAL,https://mstcecommerce.com/auctionhome/coalblock/RenderFileCoalBlock.jsp?file=com-Machhakata-and-Mahanadi.pdf
636,28-09-26,2026,September,Machhakata (Revised),Odisha,Odisha,III MID,7.74,7.74,146.47,19110,77,77,8.55,8.55,6.0,6.0,5405,217.16,D-G,D-G,Medium,CMPDI/MSTC — Machhakata Geological Report — DERIVED ANALYTICAL RECORD,SOURCE_DERIVED_ANALYTICAL,https://mstcecommerce.com/auctionhome/coalblock/RenderFileCoalBlock.jsp?file=com-Machhakata-and-Mahanadi.pdf
637,29-09-26,2026,September,Machhakata (Revised),Odisha,Odisha,III BOT TOP,4.09,4.09,180.21,5239,84,84,14.6,14.6,2.5,2.5,5428,72.77,C-G,C-G,High,CMPDI/MSTC — Machhakata Geological Report — DERIVED ANALYTICAL RECORD,SOURCE_DERIVED_ANALYTICAL,https://mstcecommerce.com/auctionhome/coalblock/RenderFileCoalBlock.jsp?file=com-Machhakata-and-Mahanadi.pdf
638,30-09-26,2026,September,Machhakata (Revised),Odisha,Odisha,III BOT BOT,4.8,4.8,49.63,924,91,91,20.65,20.65,4.25,4.25,5451,10.79,F-G,F-G,Low,CMPDI/MSTC — Machhakata Geological Report — DERIVED ANALYTICAL RECORD,SOURCE_DERIVED_ANALYTICAL,https://mstcecommerce.com/auctionhome/coalblock/RenderFileCoalBlock.jsp?file=com-Machhakata-and-Mahanadi.pdf
639,01-10-26,2026,October,Machhakata (Revised),Odisha,Odisha,LOCAL 1,2.47,2.47,90.54,1327,74,74,13.5,13.5,6.0,6.0,5474,19.07,D-G,D-G,Medium,CMPDI/MSTC — Machhakata Geological Report — DERIVED ANALYTICAL RECORD,SOURCE_DERIVED_ANALYTICAL,https://mstcecommerce.com/auctionhome/coalblock/RenderFileCoalBlock.jsp?file=com-Machhakata-and-Mahanadi.pdf
640,02-10-26,2026,October,Machhakata (Revised),Odisha,Odisha,LOCAL 2,0.26,0.26,133.37,1216,81,81,19.55,19.55,2.5,2.5,5497,14.61,E-G,E-G,Medium,CMPDI/MSTC — Machhakata Geological Report — DERIVED ANALYTICAL RECORD,SOURCE_DERIVED_ANALYTICAL,https://mstcecommerce.com/auctionhome/coalblock/RenderFileCoalBlock.jsp?file=com-Machhakata-and-Mahanadi.pdf
641,03-10-26,2026,October,Machhakata (Revised),Odisha,Odisha,II TOP,1.19,1.19,173.17,2894,88,88,12.4,12.4,4.25,4.25,5520,43.07,E-G,E-G,Medium,CMPDI/MSTC — Machhakata Geological Report — DERIVED ANALYTICAL RECORD,SOURCE_DERIVED_ANALYTICAL,https://mstcecommerce.com/auctionhome/coalblock/RenderFileCoalBlock.jsp?file=com-Machhakata-and-Mahanadi.pdf
642,04-10-26,2026,October,Machhakata (Revised),Odisha,Odisha,II MID,0.8,0.8,197.39,663,95,95,18.45,18.45,6.0,6.0,5543,8.2,E-G,E-G,High,CMPDI/MSTC — Machhakata Geological Report — DERIVED ANALYTICAL RECORD,SOURCE_DERIVED_ANALYTICAL,https://mstcecommerce.com/auctionhome/coalblock/RenderFileCoalBlock.jsp?file=com-Machhakata-and-Mahanadi.pdf
643,05-10-26,2026,October,Machhakata (Revised),Odisha,Odisha,II BOT,1.31,1.31,230.84,563,78,78,11.3,11.3,2.5,2.5,5566,5.96,D-G,D-G,High,CMPDI/MSTC — Machhakata Geological Report — DERIVED ANALYTICAL RECORD,SOURCE_DERIVED_ANALYTICAL,https://mstcecommerce.com/auctionhome/coalblock/RenderFileCoalBlock.jsp?file=com-Machhakata-and-Mahanadi.pdf
644,06-10-26,2026,October,Machhakata (Revised),Odisha,Odisha,I A TOP,1.69,1.69,143.16,958,85,85,17.35,17.35,4.25,4.25,5589,12.22,E-G,E-G,Medium,CMPDI/MSTC — Machhakata Geological Report — DERIVED ANALYTICAL RECORD,SOURCE_DERIVED_ANALYTICAL,https://mstcecommerce.com/auctionhome/coalblock/RenderFileCoalBlock.jsp?file=com-Machhakata-and-Mahanadi.pdf
645,07-10-26,2026,October,Machhakata (Revised),Odisha,Odisha,I A BOT,3.75,3.75,158.78,3535,92,92,10.2,10.2,6.0,6.0,5612,38.42,D-G,D-G,Medium,CMPDI/MSTC — Machhakata Geological Report — DERIVED ANALYTICAL RECORD,SOURCE_DERIVED_ANALYTICAL,https://mstcecommerce.com/auctionhome/coalblock/RenderFileCoalBlock.jsp?file=com-Machhakata-and-Mahanadi.pdf
646,08-10-26,2026,October,Machhakata (Revised),Odisha,Odisha,I B,10.57,10.57,193.83,13694,75,75,16.25,16.25,2.5,2.5,5635,180.18,C-G,C-G,High,CMPDI/MSTC — Machhakata Geological Report — DERIVED ANALYTICAL RECORD,SOURCE_DERIVED_ANALYTICAL,https://mstcecommerce.com/auctionhome/coalblock/RenderFileCoalBlock.jsp?file=com-Machhakata-and-Mahanadi.pdf
647,09-10-26,2026,October,Machhakata (Revised),Odisha,Odisha,I C,4.76,4.76,225.98,840,82,82,9.1,9.1,4.25,4.25,5658,9.37,C-G,C-G,High,CMPDI/MSTC — Machhakata Geological Report — DERIVED ANALYTICAL RECORD,SOURCE_DERIVED_ANALYTICAL,https://mstcecommerce.com/auctionhome/coalblock/RenderFileCoalBlock.jsp?file=com-Machhakata-and-Mahanadi.pdf
648,10-10-26,2026,October,Machhakata (Revised),Odisha,Odisha,I D,1.05,1.05,262.78,3849,89,89,15.15,15.15,6.0,6.0,5681,52.29,B-G,B-G,High,CMPDI/MSTC — Machhakata Geological Report — DERIVED ANALYTICAL RECORD,SOURCE_DERIVED_ANALYTICAL,https://mstcecommerce.com/auctionhome/coalblock/RenderFileCoalBlock.jsp?file=com-Machhakata-and-Mahanadi.pdf
649,11-10-26,2026,October,Machhakata (Revised),Odisha,Odisha,XI,1.9,1.9,31.13,939,72,72,8.0,8.0,2.5,2.5,5704,10.77,E-G,E-G,Low,CMPDI/MSTC — Machhakata Geological Report — DERIVED ANALYTICAL RECORD,SOURCE_DERIVED_ANALYTICAL,https://mstcecommerce.com/auctionhome/coalblock/RenderFileCoalBlock.jsp?file=com-Machhakata-and-Mahanadi.pdf
650,12-10-26,2026,October,Machhakata (Revised),Odisha,Odisha,X,1.47,1.47,55.61,365,79,79,14.05,14.05,4.25,4.25,5727,5.13,E-G,E-G,Medium,CMPDI/MSTC — Machhakata Geological Report — DERIVED ANALYTICAL RECORD,SOURCE_DERIVED_ANALYTICAL,https://mstcecommerce.com/auctionhome/coalblock/RenderFileCoalBlock.jsp?file=com-Machhakata-and-Mahanadi.pdf
651,13-10-26,2026,October,Machhakata (Revised),Odisha,Odisha,IX TOP,2.53,2.53,87.44,992,86,86,20.1,20.1,6.0,6.0,5750,11.7,E-G,E-G,Medium,CMPDI/MSTC — Machhakata Geological Report — DERIVED ANALYTICAL RECORD,SOURCE_DERIVED_ANALYTICAL,https://mstcecommerce.com/auctionhome/coalblock/RenderFileCoalBlock.jsp?file=com-Machhakata-and-Mahanadi.pdf
652,14-10-26,2026,October,Machhakata (Revised),Odisha,Odisha,IX BOT,4.16,4.16,120.47,4436,93,93,12.95,12.95,2.5,2.5,5773,64.48,E-G,E-G,Medium,CMPDI/MSTC — Machhakata Geological Report — DERIVED ANALYTICAL RECORD,SOURCE_DERIVED_ANALYTICAL,https://mstcecommerce.com/auctionhome/coalblock/RenderFileCoalBlock.jsp?file=com-Machhakata-and-Mahanadi.pdf
653,15-10-26,2026,October,Machhakata (Revised),Odisha,Odisha,VIII,10.7,10.7,109.9,10111,76,76,19.0,19.0,4.25,4.25,5796,122.71,F-G,F-G,High,CMPDI/MSTC — Machhakata Geological Report — DERIVED ANALYTICAL RECORD,SOURCE_DERIVED_ANALYTICAL,https://mstcecommerce.com/auctionhome/coalblock/RenderFileCoalBlock.jsp?file=com-Machhakata-and-Mahanadi.pdf
654,16-10-26,2026,October,Machhakata (Revised),Odisha,Odisha,VII TOP,11.25,11.25,23.82,7971,83,83,11.85,11.85,6.0,6.0,4319,120.04,E-G,E-G,Low,CMPDI/MSTC — Machhakata Geological Report — DERIVED ANALYTICAL RECORD,SOURCE_DERIVED_ANALYTICAL,https://mstcecommerce.com/auctionhome/coalblock/RenderFileCoalBlock.jsp?file=com-Machhakata-and-Mahanadi.pdf
655,17-10-26,2026,October,Machhakata (Revised),Odisha,Odisha,VII BOT,0.18,0.18,49.82,601,90,90,17.9,17.9,2.5,2.5,4342,7.51,E-G,E-G,Medium,CMPDI/MSTC — Machhakata Geological Report — DERIVED ANALYTICAL RECORD,SOURCE_DERIVED_ANALYTICAL,https://mstcecommerce.com/auctionhome/coalblock/RenderFileCoalBlock.jsp?file=com-Machhakata-and-Mahanadi.pdf
656,18-10-26,2026,October,Machhakata (Revised),Odisha,Odisha,VI TOP,1.52,1.52,73.96,7580,73,73,10.75,10.75,4.25,4.25,4365,80.98,E-G,E-G,Medium,CMPDI/MSTC — Machhakata Geological Report — DERIVED ANALYTICAL RECORD,SOURCE_DERIVED_ANALYTICAL,https://mstcecommerce.com/auctionhome/coalblock/RenderFileCoalBlock.jsp?file=com-Machhakata-and-Mahanadi.pdf
657,19-10-26,2026,October,Machhakata (Revised),Odisha,Odisha,VI BOT,3.67,3.67,118.01,6088,80,80,16.8,16.8,6.0,6.0,4388,78.46,E-G,E-G,High,CMPDI/MSTC — Machhakata Geological Report — DERIVED ANALYTICAL RECORD,SOURCE_DERIVED_ANALYTICAL,https://mstcecommerce.com/auctionhome/coalblock/RenderFileCoalBlock.jsp?file=com-Machhakata-and-Mahanadi.pdf
658,20-10-26,2026,October,Machhakata (Revised),Odisha,Odisha,IV/V,2.48,2.48,149.6,5174,87,87,9.65,9.65,2.5,2.5,4411,56.73,D-G,D-G,High,CMPDI/MSTC — Machhakata Geological Report — DERIVED ANALYTICAL RECORD,SOURCE_DERIVED_ANALYTICAL,https://mstcecommerce.com/auctionhome/coalblock/RenderFileCoalBlock.jsp?file=com-Machhakata-and-Mahanadi.pdf
659,21-10-26,2026,October,Machhakata (Revised),Odisha,Odisha,III TOP TOP,8.41,8.41,32.04,11884,94,94,15.7,15.7,4.25,4.25,4434,158.03,E-G,E-G,Low,CMPDI/MSTC — Machhakata Geological Report — DERIVED ANALYTICAL RECORD,SOURCE_DERIVED_ANALYTICAL,https://mstcecommerce.com/auctionhome/coalblock/RenderFileCoalBlock.jsp?file=com-Machhakata-and-Mahanadi.pdf
660,22-10-26,2026,October,Machhakata (Revised),Odisha,Odisha,III MID,8.56,8.56,75.52,19284,77,77,8.55,8.55,6.0,6.0,4457,217.16,D-G,D-G,Low,CMPDI/MSTC — Machhakata Geological Report — DERIVED ANALYTICAL RECORD,SOURCE_DERIVED_ANALYTICAL,https://mstcecommerce.com/auctionhome/coalblock/RenderFileCoalBlock.jsp?file=com-Machhakata-and-Mahanadi.pdf
661,23-10-26,2026,October,Machhakata (Revised),Odisha,Odisha,III BOT TOP,4.74,4.74,109.72,5298,84,84,14.6,14.6,2.5,2.5,4480,72.77,C-G,C-G,Medium,CMPDI/MSTC — Machhakata Geological Report — DERIVED ANALYTICAL RECORD,SOURCE_DERIVED_ANALYTICAL,https://mstcecommerce.com/auctionhome/coalblock/RenderFileCoalBlock.jsp?file=com-Machhakata-and-Mahanadi.pdf
662,24-10-26,2026,October,Machhakata (Revised),Odisha,Odisha,III BOT BOT,5.5,5.5,136.12,932,91,91,20.65,20.65,4.25,4.25,4503,10.79,F-G,F-G,High,CMPDI/MSTC — Machhakata Geological Report — DERIVED ANALYTICAL RECORD,SOURCE_DERIVED_ANALYTICAL,https://mstcecommerce.com/auctionhome/coalblock/RenderFileCoalBlock.jsp?file=com-Machhakata-and-Mahanadi.pdf
663,25-10-26,2026,October,Machhakata (Revised),Odisha,Odisha,LOCAL 1,0.2,0.2,192.95,1343,74,74,13.5,13.5,6.0,6.0,4526,19.07,D-G,D-G,High,CMPDI/MSTC — Machhakata Geological Report — DERIVED ANALYTICAL RECORD,SOURCE_DERIVED_ANALYTICAL,https://mstcecommerce.com/auctionhome/coalblock/RenderFileCoalBlock.jsp?file=com-Machhakata-and-Mahanadi.pdf
664,26-10-26,2026,October,Machhakata (Revised),Odisha,Odisha,LOCAL 2,0.56,0.56,230.71,1227,81,81,19.55,19.55,2.5,2.5,4549,14.61,E-G,E-G,High,CMPDI/MSTC — Machhakata Geological Report — DERIVED ANALYTICAL RECORD,SOURCE_DERIVED_ANALYTICAL,https://mstcecommerce.com/auctionhome/coalblock/RenderFileCoalBlock.jsp?file=com-Machhakata-and-Mahanadi.pdf
665,27-10-26,2026,October,Machhakata (Revised),Odisha,Odisha,II TOP,1.83,1.83,97.55,2929,88,88,12.4,12.4,4.25,4.25,4572,43.07,E-G,E-G,Low,CMPDI/MSTC — Machhakata Geological Report — DERIVED ANALYTICAL RECORD,SOURCE_DERIVED_ANALYTICAL,https://mstcecommerce.com/auctionhome/coalblock/RenderFileCoalBlock.jsp?file=com-Machhakata-and-Mahanadi.pdf
666,28-10-26,2026,October,Machhakata (Revised),Odisha,Odisha,II MID,1.07,1.07,92.44,669,95,95,18.45,18.45,6.0,6.0,4595,8.2,E-G,E-G,Medium,CMPDI/MSTC — Machhakata Geological Report — DERIVED ANALYTICAL RECORD,SOURCE_DERIVED_ANALYTICAL,https://mstcecommerce.com/auctionhome/coalblock/RenderFileCoalBlock.jsp?file=com-Machhakata-and-Mahanadi.pdf
667,29-10-26,2026,October,Machhakata (Revised),Odisha,Odisha,II BOT,1.63,1.63,167.55,391,78,78,11.3,11.3,2.5,2.5,4618,5.96,D-G,D-G,Medium,CMPDI/MSTC — Machhakata Geological Report — DERIVED ANALYTICAL RECORD,SOURCE_DERIVED_ANALYTICAL,https://mstcecommerce.com/auctionhome/coalblock/RenderFileCoalBlock.jsp?file=com-Machhakata-and-Mahanadi.pdf
668,30-10-26,2026,October,Machhakata (Revised),Odisha,Odisha,I A TOP,2.0,2.0,203.61,968,85,85,17.35,17.35,4.25,4.25,4641,12.22,E-G,E-G,High,CMPDI/MSTC — Machhakata Geological Report — DERIVED ANALYTICAL RECORD,SOURCE_DERIVED_ANALYTICAL,https://mstcecommerce.com/auctionhome/coalblock/RenderFileCoalBlock.jsp?file=com-Machhakata-and-Mahanadi.pdf
669,31-10-26,2026,October,Machhakata (Revised),Odisha,Odisha,I A BOT,4.36,4.36,229.1,3565,92,92,10.2,10.2,6.0,6.0,4664,38.42,D-G,D-G,High,CMPDI/MSTC — Machhakata Geological Report — DERIVED ANALYTICAL RECORD,SOURCE_DERIVED_ANALYTICAL,https://mstcecommerce.com/auctionhome/coalblock/RenderFileCoalBlock.jsp?file=com-Machhakata-and-Mahanadi.pdf
670,01-11-26,2026,November,Machhakata (Revised),Odisha,Odisha,I B,11.83,11.83,138.9,13838,75,75,16.25,16.25,2.5,2.5,4687,180.18,C-G,C-G,Medium,CMPDI/MSTC — Machhakata Geological Report — DERIVED ANALYTICAL RECORD,SOURCE_DERIVED_ANALYTICAL,https://mstcecommerce.com/auctionhome/coalblock/RenderFileCoalBlock.jsp?file=com-Machhakata-and-Mahanadi.pdf
671,02-11-26,2026,November,Machhakata (Revised),Odisha,Odisha,I C,0.57,0.57,170.62,847,82,82,9.1,9.1,4.25,4.25,4710,9.37,C-G,C-G,Medium,CMPDI/MSTC — Machhakata Geological Report — DERIVED ANALYTICAL RECORD,SOURCE_DERIVED_ANALYTICAL,https://mstcecommerce.com/auctionhome/coalblock/RenderFileCoalBlock.jsp?file=com-Machhakata-and-Mahanadi.pdf
672,03-11-26,2026,November,Machhakata (Revised),Odisha,Odisha,I D,2.09,2.09,206.11,3890,89,89,15.15,15.15,6.0,6.0,4733,52.29,B-G,B-G,High,CMPDI/MSTC — Machhakata Geological Report — DERIVED ANALYTICAL RECORD,SOURCE_DERIVED_ANALYTICAL,https://mstcecommerce.com/auctionhome/coalblock/RenderFileCoalBlock.jsp?file=com-Machhakata-and-Mahanadi.pdf
673,04-11-26,2026,November,Machhakata (Revised),Odisha,Odisha,XI,2.75,2.75,100.02,948,72,72,8.0,8.0,2.5,2.5,4756,10.77,E-G,E-G,Medium,CMPDI/MSTC — Machhakata Geological Report — DERIVED ANALYTICAL RECORD,SOURCE_DERIVED_ANALYTICAL,https://mstcecommerce.com/auctionhome/coalblock/RenderFileCoalBlock.jsp?file=com-Machhakata-and-Mahanadi.pdf
674,05-11-26,2026,November,Machhakata (Revised),Odisha,Odisha,X,1.91,1.91,129.86,369,79,79,14.05,14.05,4.25,4.25,4779,5.13,E-G,E-G,High,CMPDI/MSTC — Machhakata Geological Report — DERIVED ANALYTICAL RECORD,SOURCE_DERIVED_ANALYTICAL,https://mstcecommerce.com/auctionhome/coalblock/RenderFileCoalBlock.jsp?file=com-Machhakata-and-Mahanadi.pdf
675,06-11-26,2026,November,Machhakata (Revised),Odisha,Odisha,IX TOP,3.11,3.11,22.81,1002,86,86,20.1,20.1,6.0,6.0,4802,11.7,E-G,E-G,Low,CMPDI/MSTC — Machhakata Geological Report — DERIVED ANALYTICAL RECORD,SOURCE_DERIVED_ANALYTICAL,https://mstcecommerce.com/auctionhome/coalblock/RenderFileCoalBlock.jsp?file=com-Machhakata-and-Mahanadi.pdf
676,07-11-26,2026,November,Machhakata (Revised),Odisha,Odisha,IX BOT,4.88,4.88,53.05,4488,93,93,12.95,12.95,2.5,2.5,4825,64.48,E-G,E-G,Low,CMPDI/MSTC — Machhakata Geological Report — DERIVED ANALYTICAL RECORD,SOURCE_DERIVED_ANALYTICAL,https://mstcecommerce.com/auctionhome/coalblock/RenderFileCoalBlock.jsp?file=com-Machhakata-and-Mahanadi.pdf
677,08-11-26,2026,November,Machhakata (Revised),Odisha,Odisha,VIII,12.31,12.31,63.03,10209,76,76,19.0,19.0,4.25,4.25,4848,122.71,F-G,F-G,Medium,CMPDI/MSTC — Machhakata Geological Report — DERIVED ANALYTICAL RECORD,SOURCE_DERIVED_ANALYTICAL,https://mstcecommerce.com/auctionhome/coalblock/RenderFileCoalBlock.jsp?file=com-Machhakata-and-Mahanadi.pdf
678,09-11-26,2026,November,Machhakata (Revised),Odisha,Odisha,VII TOP,0.41,0.41,94.35,8067,83,83,11.85,11.85,6.0,6.0,4871,120.04,E-G,E-G,Medium,CMPDI/MSTC — Machhakata Geological Report — DERIVED ANALYTICAL RECORD,SOURCE_DERIVED_ANALYTICAL,https://mstcecommerce.com/auctionhome/coalblock/RenderFileCoalBlock.jsp?file=com-Machhakata-and-Mahanadi.pdf
679,10-11-26,2026,November,Machhakata (Revised),Odisha,Odisha,VII BOT,0.81,0.81,120.91,607,90,90,17.9,17.9,2.5,2.5,4894,7.51,E-G,E-G,High,CMPDI/MSTC — Machhakata Geological Report — DERIVED ANALYTICAL RECORD,SOURCE_DERIVED_ANALYTICAL,https://mstcecommerce.com/auctionhome/coalblock/RenderFileCoalBlock.jsp?file=com-Machhakata-and-Mahanadi.pdf
680,11-11-26,2026,November,Machhakata (Revised),Odisha,Odisha,VI TOP,2.46,2.46,11.53,7645,73,73,10.75,10.75,4.25,4.25,4917,80.98,E-G,E-G,Low,CMPDI/MSTC — Machhakata Geological Report — DERIVED ANALYTICAL RECORD,SOURCE_DERIVED_ANALYTICAL,https://mstcecommerce.com/auctionhome/coalblock/RenderFileCoalBlock.jsp?file=com-Machhakata-and-Mahanadi.pdf
681,12-11-26,2026,November,Machhakata (Revised),Odisha,Odisha,VI BOT,5.15,5.15,48.96,6151,80,80,16.8,16.8,6.0,6.0,4940,78.46,E-G,E-G,Low,CMPDI/MSTC — Machhakata Geological Report — DERIVED ANALYTICAL RECORD,SOURCE_DERIVED_ANALYTICAL,https://mstcecommerce.com/auctionhome/coalblock/RenderFileCoalBlock.jsp?file=com-Machhakata-and-Mahanadi.pdf
682,13-11-26,2026,November,Machhakata (Revised),Odisha,Odisha,IV/V,3.16,3.16,80.77,5219,87,87,9.65,9.65,2.5,2.5,4963,56.73,D-G,D-G,Medium,CMPDI/MSTC — Machhakata Geological Report — DERIVED ANALYTICAL RECORD,SOURCE_DERIVED_ANALYTICAL,https://mstcecommerce.com/auctionhome/coalblock/RenderFileCoalBlock.jsp?file=com-Machhakata-and-Mahanadi.pdf
683,14-11-26,2026,November,Machhakata (Revised),Odisha,Odisha,III TOP TOP,9.77,9.77,117.16,12010,94,94,15.7,15.7,4.25,4.25,4986,158.03,E-G,E-G,Medium,CMPDI/MSTC — Machhakata Geological Report — DERIVED ANALYTICAL RECORD,SOURCE_DERIVED_ANALYTICAL,https://mstcecommerce.com/auctionhome/coalblock/RenderFileCoalBlock.jsp?file=com-Machhakata-and-Mahanadi.pdf
684,15-11-26,2026,November,Machhakata (Revised),Odisha,Odisha,III MID,9.38,9.38,165.81,19458,77,77,8.55,8.55,6.0,6.0,5009,217.16,D-G,D-G,High,CMPDI/MSTC — Machhakata Geological Report — DERIVED ANALYTICAL RECORD,SOURCE_DERIVED_ANALYTICAL,https://mstcecommerce.com/auctionhome/coalblock/RenderFileCoalBlock.jsp?file=com-Machhakata-and-Mahanadi.pdf
685,16-11-26,2026,November,Machhakata (Revised),Odisha,Odisha,III BOT TOP,5.4,5.4,199.44,5356,84,84,14.6,14.6,2.5,2.5,5032,72.77,C-G,C-G,High,CMPDI/MSTC — Machhakata Geological Report — DERIVED ANALYTICAL RECORD,SOURCE_DERIVED_ANALYTICAL,https://mstcecommerce.com/auctionhome/coalblock/RenderFileCoalBlock.jsp?file=com-Machhakata-and-Mahanadi.pdf
686,17-11-26,2026,November,Machhakata (Revised),Odisha,Odisha,III BOT BOT,0.34,0.34,68.17,941,91,91,20.65,20.65,4.25,4.25,5055,10.79,F-G,F-G,Medium,CMPDI/MSTC — Machhakata Geological Report — DERIVED ANALYTICAL RECORD,SOURCE_DERIVED_ANALYTICAL,https://mstcecommerce.com/auctionhome/coalblock/RenderFileCoalBlock.jsp?file=com-Machhakata-and-Mahanadi.pdf
687,18-11-26,2026,November,Machhakata (Revised),Odisha,Odisha,LOCAL 1,0.51,0.51,112.48,1358,74,74,13.5,13.5,6.0,6.0,5078,19.07,D-G,D-G,Medium,CMPDI/MSTC — Machhakata Geological Report — DERIVED ANALYTICAL RECORD,SOURCE_DERIVED_ANALYTICAL,https://mstcecommerce.com/auctionhome/coalblock/RenderFileCoalBlock.jsp?file=com-Machhakata-and-Mahanadi.pdf
688,19-11-26,2026,November,Machhakata (Revised),Odisha,Odisha,LOCAL 2,0.87,0.87,154.22,1239,81,81,19.55,19.55,2.5,2.5,5101,14.61,E-G,E-G,High,CMPDI/MSTC — Machhakata Geological Report — DERIVED ANALYTICAL RECORD,SOURCE_DERIVED_ANALYTICAL,https://mstcecommerce.com/auctionhome/coalblock/RenderFileCoalBlock.jsp?file=com-Machhakata-and-Mahanadi.pdf
689,20-11-26,2026,November,Machhakata (Revised),Odisha,Odisha,II TOP,2.47,2.47,193.79,2963,88,88,12.4,12.4,4.25,4.25,5124,43.07,E-G,E-G,High,CMPDI/MSTC — Machhakata Geological Report — DERIVED ANALYTICAL RECORD,SOURCE_DERIVED_ANALYTICAL,https://mstcecommerce.com/auctionhome/coalblock/RenderFileCoalBlock.jsp?file=com-Machhakata-and-Mahanadi.pdf
690,21-11-26,2026,November,Machhakata (Revised),Odisha,Odisha,II MID,1.34,1.34,226.01,676,95,95,18.45,18.45,6.0,6.0,5147,8.2,E-G,E-G,High,CMPDI/MSTC — Machhakata Geological Report — DERIVED ANALYTICAL RECORD,SOURCE_DERIVED_ANALYTICAL,https://mstcecommerce.com/auctionhome/coalblock/RenderFileCoalBlock.jsp?file=com-Machhakata-and-Mahanadi.pdf
691,22-11-26,2026,November,Machhakata (Revised),Odisha,Odisha,II BOT,1.95,1.95,104.26,396,78,78,11.3,11.3,2.5,2.5,5170,5.96,D-G,D-G,Medium,CMPDI/MSTC — Machhakata Geological Report — DERIVED ANALYTICAL RECORD,SOURCE_DERIVED_ANALYTICAL,https://mstcecommerce.com/auctionhome/coalblock/RenderFileCoalBlock.jsp?file=com-Machhakata-and-Mahanadi.pdf
692,23-11-26,2026,November,Machhakata (Revised),Odisha,Odisha,I A TOP,2.31,2.31,156.11,978,85,85,17.35,17.35,4.25,4.25,5193,12.22,E-G,E-G,High,CMPDI/MSTC — Machhakata Geological Report — DERIVED ANALYTICAL RECORD,SOURCE_DERIVED_ANALYTICAL,https://mstcecommerce.com/auctionhome/coalblock/RenderFileCoalBlock.jsp?file=com-Machhakata-and-Mahanadi.pdf
693,24-11-26,2026,November,Machhakata (Revised),Odisha,Odisha,I A BOT,4.97,4.97,173.85,3596,92,92,10.2,10.2,6.0,6.0,5216,38.42,D-G,D-G,Medium,CMPDI/MSTC — Machhakata Geological Report — DERIVED ANALYTICAL RECORD,SOURCE_DERIVED_ANALYTICAL,https://mstcecommerce.com/auctionhome/coalblock/RenderFileCoalBlock.jsp?file=com-Machhakata-and-Mahanadi.pdf
694,25-11-26,2026,November,Machhakata (Revised),Odisha,Odisha,I B,2.55,2.55,208.81,13982,75,75,16.25,16.25,2.5,2.5,5239,180.18,C-G,C-G,High,CMPDI/MSTC — Machhakata Geological Report — DERIVED ANALYTICAL RECORD,SOURCE_DERIVED_ANALYTICAL,https://mstcecommerce.com/auctionhome/coalblock/RenderFileCoalBlock.jsp?file=com-Machhakata-and-Mahanadi.pdf
695,26-11-26,2026,November,Machhakata (Revised),Odisha,Odisha,I C,1.14,1.14,241.08,855,82,82,9.1,9.1,4.25,4.25,5262,9.37,C-G,C-G,High,CMPDI/MSTC — Machhakata Geological Report — DERIVED ANALYTICAL RECORD,SOURCE_DERIVED_ANALYTICAL,https://mstcecommerce.com/auctionhome/coalblock/RenderFileCoalBlock.jsp?file=com-Machhakata-and-Mahanadi.pdf
696,27-11-26,2026,November,Machhakata (Revised),Odisha,Odisha,I D,3.13,3.13,149.44,3932,89,89,15.15,15.15,6.0,6.0,5285,52.29,B-G,B-G,Medium,CMPDI/MSTC — Machhakata Geological Report — DERIVED ANALYTICAL RECORD,SOURCE_DERIVED_ANALYTICAL,https://mstcecommerce.com/auctionhome/coalblock/RenderFileCoalBlock.jsp?file=com-Machhakata-and-Mahanadi.pdf
697,28-11-26,2026,November,Machhakata (Revised),Odisha,Odisha,XI,3.59,3.59,45.89,956,72,72,8.0,8.0,2.5,2.5,5308,10.77,E-G,E-G,Low,CMPDI/MSTC — Machhakata Geological Report — DERIVED ANALYTICAL RECORD,SOURCE_DERIVED_ANALYTICAL,https://mstcecommerce.com/auctionhome/coalblock/RenderFileCoalBlock.jsp?file=com-Machhakata-and-Mahanadi.pdf
698,29-11-26,2026,November,Machhakata (Revised),Odisha,Odisha,X,2.35,2.35,71.52,373,79,79,14.05,14.05,4.25,4.25,5331,5.13,E-G,E-G,Medium,CMPDI/MSTC — Machhakata Geological Report — DERIVED ANALYTICAL RECORD,SOURCE_DERIVED_ANALYTICAL,https://mstcecommerce.com/auctionhome/coalblock/RenderFileCoalBlock.jsp?file=com-Machhakata-and-Mahanadi.pdf
699,30-11-26,2026,November,Machhakata (Revised),Odisha,Odisha,IX TOP,3.7,3.7,105.06,1011,86,86,20.1,20.1,6.0,6.0,5354,11.7,E-G,E-G,High,CMPDI/MSTC — Machhakata Geological Report — DERIVED ANALYTICAL RECORD,SOURCE_DERIVED_ANALYTICAL,https://mstcecommerce.com/auctionhome/coalblock/RenderFileCoalBlock.jsp?file=com-Machhakata-and-Mahanadi.pdf
700,01-12-26,2026,December,Machhakata (Revised),Odisha,Odisha,IX BOT,5.59,5.59,138.86,4539,93,93,12.95,12.95,2.5,2.5,5377,64.48,E-G,E-G,High,CMPDI/MSTC — Machhakata Geological Report — DERIVED ANALYTICAL RECORD,SOURCE_DERIVED_ANALYTICAL,https://mstcecommerce.com/auctionhome/coalblock/RenderFileCoalBlock.jsp?file=com-Machhakata-and-Mahanadi.pdf
701,02-12-26,2026,December,Machhakata (Revised),Odisha,Odisha,VIII,0.49,0.49,16.16,10308,76,76,19.0,19.0,4.25,4.25,5400,122.71,F-G,F-G,Low,CMPDI/MSTC — Machhakata Geological Report — DERIVED ANALYTICAL RECORD,SOURCE_DERIVED_ANALYTICAL,https://mstcecommerce.com/auctionhome/coalblock/RenderFileCoalBlock.jsp?file=com-Machhakata-and-Mahanadi.pdf
702,03-12-26,2026,December,Machhakata (Revised),Odisha,Odisha,VII TOP,1.89,1.89,38.93,8163,83,83,11.85,11.85,6.0,6.0,5423,120.04,E-G,E-G,Low,CMPDI/MSTC — Machhakata Geological Report — DERIVED ANALYTICAL RECORD,SOURCE_DERIVED_ANALYTICAL,https://mstcecommerce.com/auctionhome/coalblock/RenderFileCoalBlock.jsp?file=com-Machhakata-and-Mahanadi.pdf
703,04-12-26,2026,December,Machhakata (Revised),Odisha,Odisha,VII BOT,1.45,1.45,65.05,613,90,90,17.9,17.9,2.5,2.5,5446,7.51,E-G,E-G,Medium,CMPDI/MSTC — Machhakata Geological Report — DERIVED ANALYTICAL RECORD,SOURCE_DERIVED_ANALYTICAL,https://mstcecommerce.com/auctionhome/coalblock/RenderFileCoalBlock.jsp?file=com-Machhakata-and-Mahanadi.pdf
704,05-12-26,2026,December,Machhakata (Revised),Odisha,Odisha,VI TOP,3.41,3.41,90.99,5312,73,73,10.75,10.75,4.25,4.25,5469,80.98,E-G,E-G,Medium,CMPDI/MSTC — Machhakata Geological Report — DERIVED ANALYTICAL RECORD,SOURCE_DERIVED_ANALYTICAL,https://mstcecommerce.com/auctionhome/coalblock/RenderFileCoalBlock.jsp?file=com-Machhakata-and-Mahanadi.pdf
705,06-12-26,2026,December,Machhakata (Revised),Odisha,Odisha,VI BOT,6.64,6.64,136.84,6214,80,80,16.8,16.8,6.0,6.0,5492,78.46,E-G,E-G,High,CMPDI/MSTC — Machhakata Geological Report — DERIVED ANALYTICAL RECORD,SOURCE_DERIVED_ANALYTICAL,https://mstcecommerce.com/auctionhome/coalblock/RenderFileCoalBlock.jsp?file=com-Machhakata-and-Mahanadi.pdf
706,07-12-26,2026,December,Machhakata (Revised),Odisha,Odisha,IV/V,3.85,3.85,168.38,5265,87,87,9.65,9.65,2.5,2.5,5515,56.73,D-G,D-G,High,CMPDI/MSTC — Machhakata Geological Report — DERIVED ANALYTICAL RECORD,SOURCE_DERIVED_ANALYTICAL,https://mstcecommerce.com/auctionhome/coalblock/RenderFileCoalBlock.jsp?file=com-Machhakata-and-Mahanadi.pdf
707,08-12-26,2026,December,Machhakata (Revised),Odisha,Odisha,III TOP TOP,11.14,11.14,50.28,12137,94,94,15.7,15.7,4.25,4.25,5538,158.03,E-G,E-G,Low,CMPDI/MSTC — Machhakata Geological Report — DERIVED ANALYTICAL RECORD,SOURCE_DERIVED_ANALYTICAL,https://mstcecommerce.com/auctionhome/coalblock/RenderFileCoalBlock.jsp?file=com-Machhakata-and-Mahanadi.pdf
708,09-12-26,2026,December,Machhakata (Revised),Odisha,Odisha,III MID,10.2,10.2,94.87,19631,77,77,8.55,8.55,6.0,6.0,5561,217.16,D-G,D-G,Medium,CMPDI/MSTC — Machhakata Geological Report — DERIVED ANALYTICAL RECORD,SOURCE_DERIVED_ANALYTICAL,https://mstcecommerce.com/auctionhome/coalblock/RenderFileCoalBlock.jsp?file=com-Machhakata-and-Mahanadi.pdf
709,10-12-26,2026,December,Machhakata (Revised),Odisha,Odisha,III BOT TOP,0.58,0.58,128.94,5414,84,84,14.6,14.6,2.5,2.5,5584,72.77,C-G,C-G,Medium,CMPDI/MSTC — Machhakata Geological Report — DERIVED ANALYTICAL RECORD,SOURCE_DERIVED_ANALYTICAL,https://mstcecommerce.com/auctionhome/coalblock/RenderFileCoalBlock.jsp?file=com-Machhakata-and-Mahanadi.pdf
710,11-12-26,2026,December,Machhakata (Revised),Odisha,Odisha,III BOT BOT,1.05,1.05,154.65,950,91,91,20.65,20.65,4.25,4.25,5607,10.79,F-G,F-G,High,CMPDI/MSTC — Machhakata Geological Report — DERIVED ANALYTICAL RECORD,SOURCE_DERIVED_ANALYTICAL,https://mstcecommerce.com/auctionhome/coalblock/RenderFileCoalBlock.jsp?file=com-Machhakata-and-Mahanadi.pdf
711,12-12-26,2026,December,Machhakata (Revised),Odisha,Odisha,LOCAL 1,0.82,0.82,214.9,1373,74,74,13.5,13.5,6.0,6.0,5630,19.07,D-G,D-G,High,CMPDI/MSTC — Machhakata Geological Report — DERIVED ANALYTICAL RECORD,SOURCE_DERIVED_ANALYTICAL,https://mstcecommerce.com/auctionhome/coalblock/RenderFileCoalBlock.jsp?file=com-Machhakata-and-Mahanadi.pdf
712,13-12-26,2026,December,Machhakata (Revised),Odisha,Odisha,LOCAL 2,1.17,1.17,77.74,1251,81,81,19.55,19.55,2.5,2.5,5653,14.61,E-G,E-G,Medium,CMPDI/MSTC — Machhakata Geological Report — DERIVED ANALYTICAL RECORD,SOURCE_DERIVED_ANALYTICAL,https://mstcecommerce.com/auctionhome/coalblock/RenderFileCoalBlock.jsp?file=com-Machhakata-and-Mahanadi.pdf
713,14-12-26,2026,December,Machhakata (Revised),Odisha,Odisha,II TOP,3.12,3.12,118.17,2998,88,88,12.4,12.4,4.25,4.25,5676,43.07,E-G,E-G,Medium,CMPDI/MSTC — Machhakata Geological Report — DERIVED ANALYTICAL RECORD,SOURCE_DERIVED_ANALYTICAL,https://mstcecommerce.com/auctionhome/coalblock/RenderFileCoalBlock.jsp?file=com-Machhakata-and-Mahanadi.pdf
714,15-12-26,2026,December,Machhakata (Revised),Odisha,Odisha,II MID,1.61,1.61,121.06,682,95,95,18.45,18.45,6.0,6.0,5699,8.2,E-G,E-G,Medium,CMPDI/MSTC — Machhakata Geological Report — DERIVED ANALYTICAL RECORD,SOURCE_DERIVED_ANALYTICAL,https://mstcecommerce.com/auctionhome/coalblock/RenderFileCoalBlock.jsp?file=com-Machhakata-and-Mahanadi.pdf
715,16-12-26,2026,December,Machhakata (Revised),Odisha,Odisha,II BOT,2.28,2.28,184.81,401,78,78,11.3,11.3,2.5,2.5,5722,5.96,D-G,D-G,High,CMPDI/MSTC — Machhakata Geological Report — DERIVED ANALYTICAL RECORD,SOURCE_DERIVED_ANALYTICAL,https://mstcecommerce.com/auctionhome/coalblock/RenderFileCoalBlock.jsp?file=com-Machhakata-and-Mahanadi.pdf
716,17-12-26,2026,December,Machhakata (Revised),Odisha,Odisha,I A TOP,2.61,2.61,216.56,987,85,85,17.35,17.35,4.25,4.25,5745,12.22,E-G,E-G,High,CMPDI/MSTC — Machhakata Geological Report — DERIVED ANALYTICAL RECORD,SOURCE_DERIVED_ANALYTICAL,https://mstcecommerce.com/auctionhome/coalblock/RenderFileCoalBlock.jsp?file=com-Machhakata-and-Mahanadi.pdf
717,18-12-26,2026,December,Machhakata (Revised),Odisha,Odisha,I A BOT,0.51,0.51,118.59,3627,92,92,10.2,10.2,6.0,6.0,5768,38.42,D-G,D-G,Medium,CMPDI/MSTC — Machhakata Geological Report — DERIVED ANALYTICAL RECORD,SOURCE_DERIVED_ANALYTICAL,https://mstcecommerce.com/auctionhome/coalblock/RenderFileCoalBlock.jsp?file=com-Machhakata-and-Mahanadi.pdf
718,19-12-26,2026,December,Machhakata (Revised),Odisha,Odisha,I B,3.82,3.82,153.88,14126,75,75,16.25,16.25,2.5,2.5,5791,180.18,C-G,C-G,Medium,CMPDI/MSTC — Machhakata Geological Report — DERIVED ANALYTICAL RECORD,SOURCE_DERIVED_ANALYTICAL,https://mstcecommerce.com/auctionhome/coalblock/RenderFileCoalBlock.jsp?file=com-Machhakata-and-Mahanadi.pdf
719,20-12-26,2026,December,Machhakata (Revised),Odisha,Odisha,I C,1.71,1.71,185.72,862,82,82,9.1,9.1,4.25,4.25,4314,9.37,C-G,C-G,Medium,CMPDI/MSTC — Machhakata Geological Report — DERIVED ANALYTICAL RECORD,SOURCE_DERIVED_ANALYTICAL,https://mstcecommerce.com/auctionhome/coalblock/RenderFileCoalBlock.jsp?file=com-Machhakata-and-Mahanadi.pdf
720,21-12-26,2026,December,Machhakata (Revised),Odisha,Odisha,I D,4.17,4.17,221.57,3974,89,89,15.15,15.15,6.0,6.0,4337,52.29,B-G,B-G,High,CMPDI/MSTC — Machhakata Geological Report — DERIVED ANALYTICAL RECORD,SOURCE_DERIVED_ANALYTICAL,https://mstcecommerce.com/auctionhome/coalblock/RenderFileCoalBlock.jsp?file=com-Machhakata-and-Mahanadi.pdf
721,22-12-26,2026,December,Machhakata (Revised),Odisha,Odisha,XI,4.44,4.44,114.78,965,72,72,8.0,8.0,2.5,2.5,4360,10.77,E-G,E-G,High,CMPDI/MSTC — Machhakata Geological Report — DERIVED ANALYTICAL RECORD,SOURCE_DERIVED_ANALYTICAL,https://mstcecommerce.com/auctionhome/coalblock/RenderFileCoalBlock.jsp?file=com-Machhakata-and-Mahanadi.pdf
722,23-12-26,2026,December,Machhakata (Revised),Odisha,Odisha,X,2.78,2.78,145.77,378,79,79,14.05,14.05,4.25,4.25,4383,5.13,E-G,E-G,High,CMPDI/MSTC — Machhakata Geological Report — DERIVED ANALYTICAL RECORD,SOURCE_DERIVED_ANALYTICAL,https://mstcecommerce.com/auctionhome/coalblock/RenderFileCoalBlock.jsp?file=com-Machhakata-and-Mahanadi.pdf
723,24-12-26,2026,December,Machhakata (Revised),Odisha,Odisha,IX TOP,4.28,4.28,40.44,1020,86,86,20.1,20.1,6.0,6.0,4406,11.7,E-G,E-G,Low,CMPDI/MSTC — Machhakata Geological Report — DERIVED ANALYTICAL RECORD,SOURCE_DERIVED_ANALYTICAL,https://mstcecommerce.com/auctionhome/coalblock/RenderFileCoalBlock.jsp?file=com-Machhakata-and-Mahanadi.pdf
724,25-12-26,2026,December,Machhakata (Revised),Odisha,Odisha,IX BOT,6.31,6.31,71.44,4591,93,93,12.95,12.95,2.5,2.5,4429,64.48,E-G,E-G,Low,CMPDI/MSTC — Machhakata Geological Report — DERIVED ANALYTICAL RECORD,SOURCE_DERIVED_ANALYTICAL,https://mstcecommerce.com/auctionhome/coalblock/RenderFileCoalBlock.jsp?file=com-Machhakata-and-Mahanadi.pdf
725,26-12-26,2026,December,Machhakata (Revised),Odisha,Odisha,VIII,2.1,2.1,75.81,10406,76,76,19.0,19.0,4.25,4.25,4452,122.71,F-G,F-G,High,CMPDI/MSTC — Machhakata Geological Report — DERIVED ANALYTICAL RECORD,SOURCE_DERIVED_ANALYTICAL,https://mstcecommerce.com/auctionhome/coalblock/RenderFileCoalBlock.jsp?file=com-Machhakata-and-Mahanadi.pdf
726,27-12-26,2026,December,Machhakata (Revised),Odisha,Odisha,VII TOP,3.37,3.37,109.46,8259,83,83,11.85,11.85,6.0,6.0,4475,120.04,E-G,E-G,High,CMPDI/MSTC — Machhakata Geological Report — DERIVED ANALYTICAL RECORD,SOURCE_DERIVED_ANALYTICAL,https://mstcecommerce.com/auctionhome/coalblock/RenderFileCoalBlock.jsp?file=com-Machhakata-and-Mahanadi.pdf
727,28-12-26,2026,December,Machhakata (Revised),Odisha,Odisha,VII BOT,2.08,2.08,136.14,619,90,90,17.9,17.9,2.5,2.5,4498,7.51,E-G,E-G,High,CMPDI/MSTC — Machhakata Geological Report — DERIVED ANALYTICAL RECORD,SOURCE_DERIVED_ANALYTICAL,https://mstcecommerce.com/auctionhome/coalblock/RenderFileCoalBlock.jsp?file=com-Machhakata-and-Mahanadi.pdf
728,29-12-26,2026,December,Machhakata (Revised),Odisha,Odisha,VI TOP,4.35,4.35,28.56,5377,73,73,10.75,10.75,4.25,4.25,4521,80.98,E-G,E-G,Low,CMPDI/MSTC — Machhakata Geological Report — DERIVED ANALYTICAL RECORD,SOURCE_DERIVED_ANALYTICAL,https://mstcecommerce.com/auctionhome/coalblock/RenderFileCoalBlock.jsp?file=com-Machhakata-and-Mahanadi.pdf
729,30-12-26,2026,December,Machhakata (Revised),Odisha,Odisha,VI BOT,8.12,8.12,67.79,6277,80,80,16.8,16.8,6.0,6.0,4544,78.46,E-G,E-G,Medium,CMPDI/MSTC — Machhakata Geological Report — DERIVED ANALYTICAL RECORD,SOURCE_DERIVED_ANALYTICAL,https://mstcecommerce.com/auctionhome/coalblock/RenderFileCoalBlock.jsp?file=com-Machhakata-and-Mahanadi.pdf
730,31-12-26,2026,December,Machhakata (Revised),Odisha,Odisha,IV/V,4.53,4.53,99.54,5310,87,87,9.65,9.65,2.5,2.5,4567,56.73,D-G,D-G,Medium,CMPDI/MSTC — Machhakata Geological Report — DERIVED ANALYTICAL RECORD,SOURCE_DERIVED_ANALYTICAL,https://mstcecommerce.com/auctionhome/coalblock/RenderFileCoalBlock.jsp?file=com-Machhakata-and-Mahanadi.pdf
731,01-01-27,2027,January,Machhakata (Revised),Odisha,Odisha,III TOP TOP,12.51,12.51,135.4,12263,94,94,15.7,15.7,4.25,4.25,4590,158.03,E-G,E-G,High,CMPDI/MSTC — Machhakata Geological Report — DERIVED ANALYTICAL RECORD,SOURCE_DERIVED_ANALYTICAL,https://mstcecommerce.com/auctionhome/coalblock/RenderFileCoalBlock.jsp?file=com-Machhakata-and-Mahanadi.pdf
732,02-01-27,2027,January,Machhakata (Revised),Odisha,Odisha,III MID,4.19,4.19,185.16,19805,77,77,8.55,8.55,6.0,6.0,4613,217.16,D-G,D-G,High,CMPDI/MSTC — Machhakata Geological Report — DERIVED ANALYTICAL RECORD,SOURCE_DERIVED_ANALYTICAL,https://mstcecommerce.com/auctionhome/coalblock/RenderFileCoalBlock.jsp?file=com-Machhakata-and-Mahanadi.pdf
733,03-01-27,2027,January,Machhakata (Revised),Odisha,Odisha,III BOT TOP,1.24,1.24,58.45,5472,84,84,14.6,14.6,2.5,2.5,4636,72.77,C-G,C-G,Low,CMPDI/MSTC — Machhakata Geological Report — DERIVED ANALYTICAL RECORD,SOURCE_DERIVED_ANALYTICAL,https://mstcecommerce.com/auctionhome/coalblock/RenderFileCoalBlock.jsp?file=com-Machhakata-and-Mahanadi.pdf
734,04-01-27,2027,January,Machhakata (Revised),Odisha,Odisha,III BOT BOT,1.75,1.75,86.7,958,91,91,20.65,20.65,4.25,4.25,4659,10.79,F-G,F-G,Medium,CMPDI/MSTC — Machhakata Geological Report — DERIVED ANALYTICAL RECORD,SOURCE_DERIVED_ANALYTICAL,https://mstcecommerce.com/auctionhome/coalblock/RenderFileCoalBlock.jsp?file=com-Machhakata-and-Mahanadi.pdf
735,05-01-27,2027,January,Machhakata (Revised),Odisha,Odisha,LOCAL 1,1.13,1.13,134.43,1388,74,74,13.5,13.5,6.0,6.0,4682,19.07,D-G,D-G,Medium,CMPDI/MSTC — Machhakata Geological Report — DERIVED ANALYTICAL RECORD,SOURCE_DERIVED_ANALYTICAL,https://mstcecommerce.com/auctionhome/coalblock/RenderFileCoalBlock.jsp?file=com-Machhakata-and-Mahanadi.pdf
736,06-01-27,2027,January,Machhakata (Revised),Odisha,Odisha,LOCAL 2,1.48,1.48,175.08,1262,81,81,19.55,19.55,2.5,2.5,4705,14.61,E-G,E-G,High,CMPDI/MSTC — Machhakata Geological Report — DERIVED ANALYTICAL RECORD,SOURCE_DERIVED_ANALYTICAL,https://mstcecommerce.com/auctionhome/coalblock/RenderFileCoalBlock.jsp?file=com-Machhakata-and-Mahanadi.pdf
737,07-01-27,2027,January,Machhakata (Revised),Odisha,Odisha,II TOP,3.76,3.76,214.41,3032,88,88,12.4,12.4,4.25,4.25,4728,43.07,E-G,E-G,High,CMPDI/MSTC — Machhakata Geological Report — DERIVED ANALYTICAL RECORD,SOURCE_DERIVED_ANALYTICAL,https://mstcecommerce.com/auctionhome/coalblock/RenderFileCoalBlock.jsp?file=com-Machhakata-and-Mahanadi.pdf
738,08-01-27,2027,January,Machhakata (Revised),Odisha,Odisha,II MID,1.88,1.88,16.11,689,95,95,18.45,18.45,6.0,6.0,4751,8.2,E-G,E-G,Low,CMPDI/MSTC — Machhakata Geological Report — DERIVED ANALYTICAL RECORD,SOURCE_DERIVED_ANALYTICAL,https://mstcecommerce.com/auctionhome/coalblock/RenderFileCoalBlock.jsp?file=com-Machhakata-and-Mahanadi.pdf
739,09-01-27,2027,January,Machhakata (Revised),Odisha,Odisha,II BOT,2.6,2.6,121.52,405,78,78,11.3,11.3,2.5,2.5,4774,5.96,D-G,D-G,Medium,CMPDI/MSTC — Machhakata Geological Report — DERIVED ANALYTICAL RECORD,SOURCE_DERIVED_ANALYTICAL,https://mstcecommerce.com/auctionhome/coalblock/RenderFileCoalBlock.jsp?file=com-Machhakata-and-Mahanadi.pdf
740,10-01-27,2027,January,Machhakata (Revised),Odisha,Odisha,I A TOP,0.37,0.37,169.07,997,85,85,17.35,17.35,4.25,4.25,4797,12.22,E-G,E-G,High,CMPDI/MSTC — Machhakata Geological Report — DERIVED ANALYTICAL RECORD,SOURCE_DERIVED_ANALYTICAL,https://mstcecommerce.com/auctionhome/coalblock/RenderFileCoalBlock.jsp?file=com-Machhakata-and-Mahanadi.pdf
741,11-01-27,2027,January,Machhakata (Revised),Odisha,Odisha,I A BOT,1.11,1.11,188.92,2520,92,92,10.2,10.2,6.0,6.0,4820,38.42,D-G,D-G,Medium,CMPDI/MSTC — Machhakata Geological Report — DERIVED ANALYTICAL RECORD,SOURCE_DERIVED_ANALYTICAL,https://mstcecommerce.com/auctionhome/coalblock/RenderFileCoalBlock.jsp?file=com-Machhakata-and-Mahanadi.pdf
742,12-01-27,2027,January,Machhakata (Revised),Odisha,Odisha,I B,5.08,5.08,223.79,14270,75,75,16.25,16.25,2.5,2.5,4843,180.18,C-G,C-G,High,CMPDI/MSTC — Machhakata Geological Report — DERIVED ANALYTICAL RECORD,SOURCE_DERIVED_ANALYTICAL,https://mstcecommerce.com/auctionhome/coalblock/RenderFileCoalBlock.jsp?file=com-Machhakata-and-Mahanadi.pdf
743,13-01-27,2027,January,Machhakata (Revised),Odisha,Odisha,I C,2.28,2.28,256.18,870,82,82,9.1,9.1,4.25,4.25,4866,9.37,C-G,C-G,High,CMPDI/MSTC — Machhakata Geological Report — DERIVED ANALYTICAL RECORD,SOURCE_DERIVED_ANALYTICAL,https://mstcecommerce.com/auctionhome/coalblock/RenderFileCoalBlock.jsp?file=com-Machhakata-and-Mahanadi.pdf
744,14-01-27,2027,January,Machhakata (Revised),Odisha,Odisha,I D,5.22,5.22,164.9,4016,89,89,15.15,15.15,6.0,6.0,4889,52.29,B-G,B-G,Medium,CMPDI/MSTC — Machhakata Geological Report — DERIVED ANALYTICAL RECORD,SOURCE_DERIVED_ANALYTICAL,https://mstcecommerce.com/auctionhome/coalblock/RenderFileCoalBlock.jsp?file=com-Machhakata-and-Mahanadi.pdf
745,15-01-27,2027,January,Machhakata (Revised),Odisha,Odisha,XI,5.29,5.29,60.65,974,72,72,8.0,8.0,2.5,2.5,4912,10.77,E-G,E-G,Medium,CMPDI/MSTC — Machhakata Geological Report — DERIVED ANALYTICAL RECORD,SOURCE_DERIVED_ANALYTICAL,https://mstcecommerce.com/auctionhome/coalblock/RenderFileCoalBlock.jsp?file=com-Machhakata-and-Mahanadi.pdf
746,16-01-27,2027,January,Machhakata (Revised),Odisha,Odisha,X,3.22,3.22,87.43,382,79,79,14.05,14.05,4.25,4.25,4935,5.13,E-G,E-G,Medium,CMPDI/MSTC — Machhakata Geological Report — DERIVED ANALYTICAL RECORD,SOURCE_DERIVED_ANALYTICAL,https://mstcecommerce.com/auctionhome/coalblock/RenderFileCoalBlock.jsp?file=com-Machhakata-and-Mahanadi.pdf
747,17-01-27,2027,January,Machhakata (Revised),Odisha,Odisha,IX TOP,4.86,4.86,122.68,1030,86,86,20.1,20.1,6.0,6.0,4958,11.7,E-G,E-G,High,CMPDI/MSTC — Machhakata Geological Report — DERIVED ANALYTICAL RECORD,SOURCE_DERIVED_ANALYTICAL,https://mstcecommerce.com/auctionhome/coalblock/RenderFileCoalBlock.jsp?file=com-Machhakata-and-Mahanadi.pdf
748,18-01-27,2027,January,Machhakata (Revised),Odisha,Odisha,IX BOT,1.06,1.06,157.24,4643,93,93,12.95,12.95,2.5,2.5,4981,64.48,E-G,E-G,High,CMPDI/MSTC — Machhakata Geological Report — DERIVED ANALYTICAL RECORD,SOURCE_DERIVED_ANALYTICAL,https://mstcecommerce.com/auctionhome/coalblock/RenderFileCoalBlock.jsp?file=com-Machhakata-and-Mahanadi.pdf
749,19-01-27,2027,January,Machhakata (Revised),Odisha,Odisha,VIII,3.71,3.71,28.94,10504,76,76,19.0,19.0,4.25,4.25,5004,122.71,F-G,F-G,Low,CMPDI/MSTC — Machhakata Geological Report — DERIVED ANALYTICAL RECORD,SOURCE_DERIVED_ANALYTICAL,https://mstcecommerce.com/auctionhome/coalblock/RenderFileCoalBlock.jsp?file=com-Machhakata-and-Mahanadi.pdf
750,20-01-27,2027,January,Machhakata (Revised),Odisha,Odisha,VII TOP,4.84,4.84,54.04,8355,83,83,11.85,11.85,6.0,6.0,5027,120.04,E-G,E-G,Low,CMPDI/MSTC — Machhakata Geological Report — DERIVED ANALYTICAL RECORD,SOURCE_DERIVED_ANALYTICAL,https://mstcecommerce.com/auctionhome/coalblock/RenderFileCoalBlock.jsp?file=com-Machhakata-and-Mahanadi.pdf
751,21-01-27,2027,January,Machhakata (Revised),Odisha,Odisha,VII BOT,2.72,2.72,80.28,625,90,90,17.9,17.9,2.5,2.5,5050,7.51,E-G,E-G,Medium,CMPDI/MSTC — Machhakata Geological Report — DERIVED ANALYTICAL RECORD,SOURCE_DERIVED_ANALYTICAL,https://mstcecommerce.com/auctionhome/coalblock/RenderFileCoalBlock.jsp?file=com-Machhakata-and-Mahanadi.pdf
752,22-01-27,2027,January,Machhakata (Revised),Odisha,Odisha,VI TOP,5.3,5.3,108.01,5442,73,73,10.75,10.75,4.25,4.25,5073,80.98,E-G,E-G,High,CMPDI/MSTC — Machhakata Geological Report — DERIVED ANALYTICAL RECORD,SOURCE_DERIVED_ANALYTICAL,https://mstcecommerce.com/auctionhome/coalblock/RenderFileCoalBlock.jsp?file=com-Machhakata-and-Mahanadi.pdf
753,23-01-27,2027,January,Machhakata (Revised),Odisha,Odisha,VI BOT,9.61,9.61,155.68,6340,80,80,16.8,16.8,6.0,6.0,5096,78.46,E-G,E-G,High,CMPDI/MSTC — Machhakata Geological Report — DERIVED ANALYTICAL RECORD,SOURCE_DERIVED_ANALYTICAL,https://mstcecommerce.com/auctionhome/coalblock/RenderFileCoalBlock.jsp?file=com-Machhakata-and-Mahanadi.pdf
754,24-01-27,2027,January,Machhakata (Revised),Odisha,Odisha,IV/V,5.22,5.22,30.7,5355,87,87,9.65,9.65,2.5,2.5,5119,56.73,D-G,D-G,Low,CMPDI/MSTC — Machhakata Geological Report — DERIVED ANALYTICAL RECORD,SOURCE_DERIVED_ANALYTICAL,https://mstcecommerce.com/auctionhome/coalblock/RenderFileCoalBlock.jsp?file=com-Machhakata-and-Mahanadi.pdf
755,25-01-27,2027,January,Machhakata (Revised),Odisha,Odisha,III TOP TOP,2.48,2.48,68.52,12390,94,94,15.7,15.7,4.25,4.25,5142,158.03,E-G,E-G,Low,CMPDI/MSTC — Machhakata Geological Report — DERIVED ANALYTICAL RECORD,SOURCE_DERIVED_ANALYTICAL,https://mstcecommerce.com/auctionhome/coalblock/RenderFileCoalBlock.jsp?file=com-Machhakata-and-Mahanadi.pdf
756,26-01-27,2027,January,Machhakata (Revised),Odisha,Odisha,III MID,5.01,5.01,114.22,19979,77,77,8.55,8.55,6.0,6.0,5165,217.16,D-G,D-G,Medium,CMPDI/MSTC — Machhakata Geological Report — DERIVED ANALYTICAL RECORD,SOURCE_DERIVED_ANALYTICAL,https://mstcecommerce.com/auctionhome/coalblock/RenderFileCoalBlock.jsp?file=com-Machhakata-and-Mahanadi.pdf
757,27-01-27,2027,January,Machhakata (Revised),Odisha,Odisha,III BOT TOP,1.89,1.89,148.17,5531,84,84,14.6,14.6,2.5,2.5,5188,72.77,C-G,C-G,High,CMPDI/MSTC — Machhakata Geological Report — DERIVED ANALYTICAL RECORD,SOURCE_DERIVED_ANALYTICAL,https://mstcecommerce.com/auctionhome/coalblock/RenderFileCoalBlock.jsp?file=com-Machhakata-and-Mahanadi.pdf
758,28-01-27,2027,January,Machhakata (Revised),Odisha,Odisha,III BOT BOT,2.45,2.45,173.19,967,91,91,20.65,20.65,4.25,4.25,5211,10.79,F-G,F-G,High,CMPDI/MSTC — Machhakata Geological Report — DERIVED ANALYTICAL RECORD,SOURCE_DERIVED_ANALYTICAL,https://mstcecommerce.com/auctionhome/coalblock/RenderFileCoalBlock.jsp?file=com-Machhakata-and-Mahanadi.pdf
759,29-01-27,2027,January,Machhakata (Revised),Odisha,Odisha,LOCAL 1,1.44,1.44,53.96,1404,74,74,13.5,13.5,6.0,6.0,5234,19.07,D-G,D-G,Low,CMPDI/MSTC — Machhakata Geological Report — DERIVED ANALYTICAL RECORD,SOURCE_DERIVED_ANALYTICAL,https://mstcecommerce.com/auctionhome/coalblock/RenderFileCoalBlock.jsp?file=com-Machhakata-and-Mahanadi.pdf
760,30-01-27,2027,January,Machhakata (Revised),Odisha,Odisha,LOCAL 2,1.78,1.78,98.6,1274,81,81,19.55,19.55,2.5,2.5,5257,14.61,E-G,E-G,Medium,CMPDI/MSTC — Machhakata Geological Report — DERIVED ANALYTICAL RECORD,SOURCE_DERIVED_ANALYTICAL,https://mstcecommerce.com/auctionhome/coalblock/RenderFileCoalBlock.jsp?file=com-Machhakata-and-Mahanadi.pdf
761,31-01-27,2027,January,Machhakata (Revised),Odisha,Odisha,II TOP,4.4,4.4,138.79,3067,88,88,12.4,12.4,4.25,4.25,5280,43.07,E-G,E-G,Medium,CMPDI/MSTC — Machhakata Geological Report — DERIVED ANALYTICAL RECORD,SOURCE_DERIVED_ANALYTICAL,https://mstcecommerce.com/auctionhome/coalblock/RenderFileCoalBlock.jsp?file=com-Machhakata-and-Mahanadi.pdf
762,01-02-27,2027,February,Machhakata (Revised),Odisha,Odisha,II MID,2.15,2.15,149.68,695,95,95,18.45,18.45,6.0,6.0,5303,8.2,E-G,E-G,Medium,CMPDI/MSTC — Machhakata Geological Report — DERIVED ANALYTICAL RECORD,SOURCE_DERIVED_ANALYTICAL,https://mstcecommerce.com/auctionhome/coalblock/RenderFileCoalBlock.jsp?file=com-Machhakata-and-Mahanadi.pdf
763,02-02-27,2027,February,Machhakata (Revised),Odisha,Odisha,II BOT,0.23,0.23,202.08,410,78,78,11.3,11.3,2.5,2.5,5326,5.96,D-G,D-G,High,CMPDI/MSTC — Machhakata Geological Report — DERIVED ANALYTICAL RECORD,SOURCE_DERIVED_ANALYTICAL,https://mstcecommerce.com/auctionhome/coalblock/RenderFileCoalBlock.jsp?file=com-Machhakata-and-Mahanadi.pdf
764,03-02-27,2027,February,Machhakata (Revised),Odisha,Odisha,I A TOP,0.67,0.67,229.51,1007,85,85,17.35,17.35,4.25,4.25,5349,12.22,E-G,E-G,High,CMPDI/MSTC — Machhakata Geological Report — DERIVED ANALYTICAL RECORD,SOURCE_DERIVED_ANALYTICAL,https://mstcecommerce.com/auctionhome/coalblock/RenderFileCoalBlock.jsp?file=com-Machhakata-and-Mahanadi.pdf
765,04-02-27,2027,February,Machhakata (Revised),Odisha,Odisha,I A BOT,1.72,1.72,133.66,2551,92,92,10.2,10.2,6.0,6.0,5372,38.42,D-G,D-G,Medium,CMPDI/MSTC — Machhakata Geological Report — DERIVED ANALYTICAL RECORD,SOURCE_DERIVED_ANALYTICAL,https://mstcecommerce.com/auctionhome/coalblock/RenderFileCoalBlock.jsp?file=com-Machhakata-and-Mahanadi.pdf
766,05-02-27,2027,February,Machhakata (Revised),Odisha,Odisha,I B,6.35,6.35,168.86,14414,75,75,16.25,16.25,2.5,2.5,5395,180.18,C-G,C-G,High,CMPDI/MSTC — Machhakata Geological Report — DERIVED ANALYTICAL RECORD,SOURCE_DERIVED_ANALYTICAL,https://mstcecommerce.com/auctionhome/coalblock/RenderFileCoalBlock.jsp?file=com-Machhakata-and-Mahanadi.pdf
767,06-02-27,2027,February,Machhakata (Revised),Odisha,Odisha,I C,2.86,2.86,200.82,877,82,82,9.1,9.1,4.25,4.25,5418,9.37,C-G,C-G,High,CMPDI/MSTC — Machhakata Geological Report — DERIVED ANALYTICAL RECORD,SOURCE_DERIVED_ANALYTICAL,https://mstcecommerce.com/auctionhome/coalblock/RenderFileCoalBlock.jsp?file=com-Machhakata-and-Mahanadi.pdf
768,07-02-27,2027,February,Machhakata (Revised),Odisha,Odisha,I D,6.26,6.26,237.02,4058,89,89,15.15,15.15,6.0,6.0,5441,52.29,B-G,B-G,High,CMPDI/MSTC — Machhakata Geological Report — DERIVED ANALYTICAL RECORD,SOURCE_DERIVED_ANALYTICAL,https://mstcecommerce.com/auctionhome/coalblock/RenderFileCoalBlock.jsp?file=com-Machhakata-and-Mahanadi.pdf
769,08-02-27,2027,February,Machhakata (Revised),Odisha,Odisha,XI,6.14,6.14,129.54,982,72,72,8.0,8.0,2.5,2.5,5464,10.77,E-G,E-G,High,CMPDI/MSTC — Machhakata Geological Report — DERIVED ANALYTICAL RECORD,SOURCE_DERIVED_ANALYTICAL,https://mstcecommerce.com/auctionhome/coalblock/RenderFileCoalBlock.jsp?file=com-Machhakata-and-Mahanadi.pdf
770,09-02-27,2027,February,Machhakata (Revised),Odisha,Odisha,X,3.66,3.66,29.09,386,79,79,14.05,14.05,4.25,4.25,5487,5.13,E-G,E-G,Low,CMPDI/MSTC — Machhakata Geological Report — DERIVED ANALYTICAL RECORD,SOURCE_DERIVED_ANALYTICAL,https://mstcecommerce.com/auctionhome/coalblock/RenderFileCoalBlock.jsp?file=com-Machhakata-and-Mahanadi.pdf
771,10-02-27,2027,February,Machhakata (Revised),Odisha,Odisha,IX TOP,0.59,0.59,58.06,1039,86,86,20.1,20.1,6.0,6.0,5510,11.7,E-G,E-G,Medium,CMPDI/MSTC — Machhakata Geological Report — DERIVED ANALYTICAL RECORD,SOURCE_DERIVED_ANALYTICAL,https://mstcecommerce.com/auctionhome/coalblock/RenderFileCoalBlock.jsp?file=com-Machhakata-and-Mahanadi.pdf
772,11-02-27,2027,February,Machhakata (Revised),Odisha,Odisha,IX BOT,1.77,1.77,89.82,4694,93,93,12.95,12.95,2.5,2.5,5533,64.48,E-G,E-G,Medium,CMPDI/MSTC — Machhakata Geological Report — DERIVED ANALYTICAL RECORD,SOURCE_DERIVED_ANALYTICAL,https://mstcecommerce.com/auctionhome/coalblock/RenderFileCoalBlock.jsp?file=com-Machhakata-and-Mahanadi.pdf
773,12-02-27,2027,February,Machhakata (Revised),Odisha,Odisha,VIII,5.32,5.32,88.59,10602,76,76,19.0,19.0,4.25,4.25,5556,122.71,F-G,F-G,High,CMPDI/MSTC — Machhakata Geological Report — DERIVED ANALYTICAL RECORD,SOURCE_DERIVED_ANALYTICAL,https://mstcecommerce.com/auctionhome/coalblock/RenderFileCoalBlock.jsp?file=com-Machhakata-and-Mahanadi.pdf
774,13-02-27,2027,February,Machhakata (Revised),Odisha,Odisha,VII TOP,6.32,6.32,124.58,8451,83,83,11.85,11.85,6.0,6.0,5579,120.04,E-G,E-G,High,CMPDI/MSTC — Machhakata Geological Report — DERIVED ANALYTICAL RECORD,SOURCE_DERIVED_ANALYTICAL,https://mstcecommerce.com/auctionhome/coalblock/RenderFileCoalBlock.jsp?file=com-Machhakata-and-Mahanadi.pdf
775,14-02-27,2027,February,Machhakata (Revised),Odisha,Odisha,VII BOT,3.36,3.36,24.43,631,90,90,17.9,17.9,2.5,2.5,5602,7.51,E-G,E-G,Low,CMPDI/MSTC — Machhakata Geological Report — DERIVED ANALYTICAL RECORD,SOURCE_DERIVED_ANALYTICAL,https://mstcecommerce.com/auctionhome/coalblock/RenderFileCoalBlock.jsp?file=com-Machhakata-and-Mahanadi.pdf
776,15-02-27,2027,February,Machhakata (Revised),Odisha,Odisha,VI TOP,6.24,6.24,45.58,5507,73,73,10.75,10.75,4.25,4.25,5625,80.98,E-G,E-G,Low,CMPDI/MSTC — Machhakata Geological Report — DERIVED ANALYTICAL RECORD,SOURCE_DERIVED_ANALYTICAL,https://mstcecommerce.com/auctionhome/coalblock/RenderFileCoalBlock.jsp?file=com-Machhakata-and-Mahanadi.pdf
777,16-02-27,2027,February,Machhakata (Revised),Odisha,Odisha,VI BOT,11.09,11.09,86.62,6402,80,80,16.8,16.8,6.0,6.0,5648,78.46,E-G,E-G,Medium,CMPDI/MSTC — Machhakata Geological Report — DERIVED ANALYTICAL RECORD,SOURCE_DERIVED_ANALYTICAL,https://mstcecommerce.com/auctionhome/coalblock/RenderFileCoalBlock.jsp?file=com-Machhakata-and-Mahanadi.pdf
778,17-02-27,2027,February,Machhakata (Revised),Odisha,Odisha,IV/V,0.19,0.19,118.31,3721,87,87,9.65,9.65,2.5,2.5,5671,56.73,D-G,D-G,Medium,CMPDI/MSTC — Machhakata Geological Report — DERIVED ANALYTICAL RECORD,SOURCE_DERIVED_ANALYTICAL,https://mstcecommerce.com/auctionhome/coalblock/RenderFileCoalBlock.jsp?file=com-Machhakata-and-Mahanadi.pdf
779,18-02-27,2027,February,Machhakata (Revised),Odisha,Odisha,III TOP TOP,3.85,3.85,153.64,12516,94,94,15.7,15.7,4.25,4.25,5694,158.03,E-G,E-G,High,CMPDI/MSTC — Machhakata Geological Report — DERIVED ANALYTICAL RECORD,SOURCE_DERIVED_ANALYTICAL,https://mstcecommerce.com/auctionhome/coalblock/RenderFileCoalBlock.jsp?file=com-Machhakata-and-Mahanadi.pdf
780,19-02-27,2027,February,Machhakata (Revised),Odisha,Odisha,III MID,5.83,5.83,43.27,20152,77,77,8.55,8.55,6.0,6.0,5717,217.16,D-G,D-G,Low,CMPDI/MSTC — Machhakata Geological Report — DERIVED ANALYTICAL RECORD,SOURCE_DERIVED_ANALYTICAL,https://mstcecommerce.com/auctionhome/coalblock/RenderFileCoalBlock.jsp?file=com-Machhakata-and-Mahanadi.pdf
781,20-02-27,2027,February,Machhakata (Revised),Odisha,Odisha,III BOT TOP,2.55,2.55,77.67,5589,84,84,14.6,14.6,2.5,2.5,5740,72.77,C-G,C-G,Medium,CMPDI/MSTC — Machhakata Geological Report — DERIVED ANALYTICAL RECORD,SOURCE_DERIVED_ANALYTICAL,https://mstcecommerce.com/auctionhome/coalblock/RenderFileCoalBlock.jsp?file=com-Machhakata-and-Mahanadi.pdf
782,21-02-27,2027,February,Machhakata (Revised),Odisha,Odisha,III BOT BOT,3.16,3.16,105.23,975,91,91,20.65,20.65,4.25,4.25,5763,10.79,F-G,F-G,Medium,CMPDI/MSTC — Machhakata Geological Report — DERIVED ANALYTICAL RECORD,SOURCE_DERIVED_ANALYTICAL,https://mstcecommerce.com/auctionhome/coalblock/RenderFileCoalBlock.jsp?file=com-Machhakata-and-Mahanadi.pdf
783,22-02-27,2027,February,Machhakata (Revised),Odisha,Odisha,LOCAL 1,1.75,1.75,156.38,1419,74,74,13.5,13.5,6.0,6.0,5786,19.07,D-G,D-G,High,CMPDI/MSTC — Machhakata Geological Report — DERIVED ANALYTICAL RECORD,SOURCE_DERIVED_ANALYTICAL,https://mstcecommerce.com/auctionhome/coalblock/RenderFileCoalBlock.jsp?file=com-Machhakata-and-Mahanadi.pdf
784,23-02-27,2027,February,Machhakata (Revised),Odisha,Odisha,LOCAL 2,2.09,2.09,195.94,1286,81,81,19.55,19.55,2.5,2.5,4309,14.61,E-G,E-G,High,CMPDI/MSTC — Machhakata Geological Report — DERIVED ANALYTICAL RECORD,SOURCE_DERIVED_ANALYTICAL,https://mstcecommerce.com/auctionhome/coalblock/RenderFileCoalBlock.jsp?file=com-Machhakata-and-Mahanadi.pdf
785,24-02-27,2027,February,Machhakata (Revised),Odisha,Odisha,II TOP,5.04,5.04,235.04,3101,88,88,12.4,12.4,4.25,4.25,4332,43.07,E-G,E-G,High,CMPDI/MSTC — Machhakata Geological Report — DERIVED ANALYTICAL RECORD,SOURCE_DERIVED_ANALYTICAL,https://mstcecommerce.com/auctionhome/coalblock/RenderFileCoalBlock.jsp?file=com-Machhakata-and-Mahanadi.pdf
786,25-02-27,2027,February,Machhakata (Revised),Odisha,Odisha,II MID,0.17,0.17,44.73,702,95,95,18.45,18.45,6.0,6.0,4355,8.2,E-G,E-G,Low,CMPDI/MSTC — Machhakata Geological Report — DERIVED ANALYTICAL RECORD,SOURCE_DERIVED_ANALYTICAL,https://mstcecommerce.com/auctionhome/coalblock/RenderFileCoalBlock.jsp?file=com-Machhakata-and-Mahanadi.pdf
787,26-02-27,2027,February,Machhakata (Revised),Odisha,Odisha,II BOT,0.55,0.55,138.79,415,78,78,11.3,11.3,2.5,2.5,4378,5.96,D-G,D-G,Medium,CMPDI/MSTC — Machhakata Geological Report — DERIVED ANALYTICAL RECORD,SOURCE_DERIVED_ANALYTICAL,https://mstcecommerce.com/auctionhome/coalblock/RenderFileCoalBlock.jsp?file=com-Machhakata-and-Mahanadi.pdf
788,27-02-27,2027,February,Machhakata (Revised),Odisha,Odisha,I A TOP,0.98,0.98,182.02,1017,85,85,17.35,17.35,4.25,4.25,4401,12.22,E-G,E-G,High,CMPDI/MSTC — Machhakata Geological Report — DERIVED ANALYTICAL RECORD,SOURCE_DERIVED_ANALYTICAL,https://mstcecommerce.com/auctionhome/coalblock/RenderFileCoalBlock.jsp?file=com-Machhakata-and-Mahanadi.pdf
789,28-02-27,2027,February,Machhakata (Revised),Odisha,Odisha,I A BOT,2.33,2.33,203.99,2582,92,92,10.2,10.2,6.0,6.0,4424,38.42,D-G,D-G,High,CMPDI/MSTC — Machhakata Geological Report — DERIVED ANALYTICAL RECORD,SOURCE_DERIVED_ANALYTICAL,https://mstcecommerce.com/auctionhome/coalblock/RenderFileCoalBlock.jsp?file=com-Machhakata-and-Mahanadi.pdf
790,01-03-27,2027,March,Machhakata (Revised),Odisha,Odisha,I B,7.61,7.61,238.77,14559,75,75,16.25,16.25,2.5,2.5,4447,180.18,C-G,C-G,High,CMPDI/MSTC — Machhakata Geological Report — DERIVED ANALYTICAL RECORD,SOURCE_DERIVED_ANALYTICAL,https://mstcecommerce.com/auctionhome/coalblock/RenderFileCoalBlock.jsp?file=com-Machhakata-and-Mahanadi.pdf
791,02-03-27,2027,March,Machhakata (Revised),Odisha,Odisha,I C,3.43,3.43,145.45,885,82,82,9.1,9.1,4.25,4.25,4470,9.37,C-G,C-G,Medium,CMPDI/MSTC — Machhakata Geological Report — DERIVED ANALYTICAL RECORD,SOURCE_DERIVED_ANALYTICAL,https://mstcecommerce.com/auctionhome/coalblock/RenderFileCoalBlock.jsp?file=com-Machhakata-and-Mahanadi.pdf
792,03-03-27,2027,March,Machhakata (Revised),Odisha,Odisha,I D,7.3,7.3,180.35,4100,89,89,15.15,15.15,6.0,6.0,4493,52.29,B-G,B-G,Medium,CMPDI/MSTC — Machhakata Geological Report — DERIVED ANALYTICAL RECORD,SOURCE_DERIVED_ANALYTICAL,https://mstcecommerce.com/auctionhome/coalblock/RenderFileCoalBlock.jsp?file=com-Machhakata-and-Mahanadi.pdf
793,04-03-27,2027,March,Machhakata (Revised),Odisha,Odisha,XI,6.99,6.99,75.41,991,72,72,8.0,8.0,2.5,2.5,4516,10.77,E-G,E-G,Medium,CMPDI/MSTC — Machhakata Geological Report — DERIVED ANALYTICAL RECORD,SOURCE_DERIVED_ANALYTICAL,https://mstcecommerce.com/auctionhome/coalblock/RenderFileCoalBlock.jsp?file=com-Machhakata-and-Mahanadi.pdf
794,05-03-27,2027,March,Machhakata (Revised),Odisha,Odisha,X,0.45,0.45,103.35,390,79,79,14.05,14.05,4.25,4.25,4539,5.13,E-G,E-G,High,CMPDI/MSTC — Machhakata Geological Report — DERIVED ANALYTICAL RECORD,SOURCE_DERIVED_ANALYTICAL,https://mstcecommerce.com/auctionhome/coalblock/RenderFileCoalBlock.jsp?file=com-Machhakata-and-Mahanadi.pdf
795,06-03-27,2027,March,Machhakata (Revised),Odisha,Odisha,IX TOP,1.17,1.17,140.31,1048,86,86,20.1,20.1,6.0,6.0,4562,11.7,E-G,E-G,High,CMPDI/MSTC — Machhakata Geological Report — DERIVED ANALYTICAL RECORD,SOURCE_DERIVED_ANALYTICAL,https://mstcecommerce.com/auctionhome/coalblock/RenderFileCoalBlock.jsp?file=com-Machhakata-and-Mahanadi.pdf
796,07-03-27,2027,March,Machhakata (Revised),Odisha,Odisha,IX BOT,2.49,2.49,22.4,4746,93,93,12.95,12.95,2.5,2.5,4585,64.48,E-G,E-G,Low,CMPDI/MSTC — Machhakata Geological Report — DERIVED ANALYTICAL RECORD,SOURCE_DERIVED_ANALYTICAL,https://mstcecommerce.com/auctionhome/coalblock/RenderFileCoalBlock.jsp?file=com-Machhakata-and-Mahanadi.pdf
797,08-03-27,2027,March,Machhakata (Revised),Odisha,Odisha,VIII,6.94,6.94,41.72,10700,76,76,19.0,19.0,4.25,4.25,4608,122.71,F-G,F-G,Medium,CMPDI/MSTC — Machhakata Geological Report — DERIVED ANALYTICAL RECORD,SOURCE_DERIVED_ANALYTICAL,https://mstcecommerce.com/auctionhome/coalblock/RenderFileCoalBlock.jsp?file=com-Machhakata-and-Mahanadi.pdf
798,09-03-27,2027,March,Machhakata (Revised),Odisha,Odisha,VII TOP,7.8,7.8,69.16,8547,83,83,11.85,11.85,6.0,6.0,4631,120.04,E-G,E-G,Medium,CMPDI/MSTC — Machhakata Geological Report — DERIVED ANALYTICAL RECORD,SOURCE_DERIVED_ANALYTICAL,https://mstcecommerce.com/auctionhome/coalblock/RenderFileCoalBlock.jsp?file=com-Machhakata-and-Mahanadi.pdf
799,10-03-27,2027,March,Machhakata (Revised),Odisha,Odisha,VII BOT,3.99,3.99,95.52,637,90,90,17.9,17.9,2.5,2.5,4654,7.51,E-G,E-G,Medium,CMPDI/MSTC — Machhakata Geological Report — DERIVED ANALYTICAL RECORD,SOURCE_DERIVED_ANALYTICAL,https://mstcecommerce.com/auctionhome/coalblock/RenderFileCoalBlock.jsp?file=com-Machhakata-and-Mahanadi.pdf
800,11-03-27,2027,March,Machhakata (Revised),Odisha,Odisha,VI TOP,7.19,7.19,125.04,5571,73,73,10.75,10.75,4.25,4.25,4677,80.98,E-G,E-G,High,CMPDI/MSTC — Machhakata Geological Report — DERIVED ANALYTICAL RECORD,SOURCE_DERIVED_ANALYTICAL,https://mstcecommerce.com/auctionhome/coalblock/RenderFileCoalBlock.jsp?file=com-Machhakata-and-Mahanadi.pdf
801,12-03-27,2027,March,Machhakata (Revised),Odisha,Odisha,VI BOT,0.2,0.2,17.57,6465,80,80,16.8,16.8,6.0,6.0,4700,78.46,E-G,E-G,Low,CMPDI/MSTC — Machhakata Geological Report — DERIVED ANALYTICAL RECORD,SOURCE_DERIVED_ANALYTICAL,https://mstcecommerce.com/auctionhome/coalblock/RenderFileCoalBlock.jsp?file=com-Machhakata-and-Mahanadi.pdf
802,13-03-27,2027,March,Machhakata (Revised),Odisha,Odisha,IV/V,0.87,0.87,49.48,3767,87,87,9.65,9.65,2.5,2.5,4723,56.73,D-G,D-G,Low,CMPDI/MSTC — Machhakata Geological Report — DERIVED ANALYTICAL RECORD,SOURCE_DERIVED_ANALYTICAL,https://mstcecommerce.com/auctionhome/coalblock/RenderFileCoalBlock.jsp?file=com-Machhakata-and-Mahanadi.pdf
803,14-03-27,2027,March,Machhakata (Revised),Odisha,Odisha,III TOP TOP,5.21,5.21,86.76,12642,94,94,15.7,15.7,4.25,4.25,4746,158.03,E-G,E-G,Medium,CMPDI/MSTC — Machhakata Geological Report — DERIVED ANALYTICAL RECORD,SOURCE_DERIVED_ANALYTICAL,https://mstcecommerce.com/auctionhome/coalblock/RenderFileCoalBlock.jsp?file=com-Machhakata-and-Mahanadi.pdf
804,15-03-27,2027,March,Machhakata (Revised),Odisha,Odisha,III MID,6.65,6.65,133.57,20326,77,77,8.55,8.55,6.0,6.0,4769,217.16,D-G,D-G,Medium,CMPDI/MSTC — Machhakata Geological Report — DERIVED ANALYTICAL RECORD,SOURCE_DERIVED_ANALYTICAL,https://mstcecommerce.com/auctionhome/coalblock/RenderFileCoalBlock.jsp?file=com-Machhakata-and-Mahanadi.pdf
805,16-03-27,2027,March,Machhakata (Revised),Odisha,Odisha,III BOT TOP,3.21,3.21,167.4,5647,84,84,14.6,14.6,2.5,2.5,4792,72.77,C-G,C-G,High,CMPDI/MSTC — Machhakata Geological Report — DERIVED ANALYTICAL RECORD,SOURCE_DERIVED_ANALYTICAL,https://mstcecommerce.com/auctionhome/coalblock/RenderFileCoalBlock.jsp?file=com-Machhakata-and-Mahanadi.pdf
806,17-03-27,2027,March,Machhakata (Revised),Odisha,Odisha,III BOT BOT,3.86,3.86,191.72,984,91,91,20.65,20.65,4.25,4.25,4815,10.79,F-G,F-G,High,CMPDI/MSTC — Machhakata Geological Report — DERIVED ANALYTICAL RECORD,SOURCE_DERIVED_ANALYTICAL,https://mstcecommerce.com/auctionhome/coalblock/RenderFileCoalBlock.jsp?file=com-Machhakata-and-Mahanadi.pdf
807,18-03-27,2027,March,Machhakata (Revised),Odisha,Odisha,LOCAL 1,2.05,2.05,75.9,1434,74,74,13.5,13.5,6.0,6.0,4838,19.07,D-G,D-G,Low,CMPDI/MSTC — Machhakata Geological Report — DERIVED ANALYTICAL RECORD,SOURCE_DERIVED_ANALYTICAL,https://mstcecommerce.com/auctionhome/coalblock/RenderFileCoalBlock.jsp?file=com-Machhakata-and-Mahanadi.pdf
808,19-03-27,2027,March,Machhakata (Revised),Odisha,Odisha,LOCAL 2,2.39,2.39,119.46,1297,81,81,19.55,19.55,2.5,2.5,4861,14.61,E-G,E-G,Medium,CMPDI/MSTC — Machhakata Geological Report — DERIVED ANALYTICAL RECORD,SOURCE_DERIVED_ANALYTICAL,https://mstcecommerce.com/auctionhome/coalblock/RenderFileCoalBlock.jsp?file=com-Machhakata-and-Mahanadi.pdf
809,20-03-27,2027,March,Machhakata (Revised),Odisha,Odisha,II TOP,0.33,0.33,159.42,3135,88,88,12.4,12.4,4.25,4.25,4884,43.07,E-G,E-G,Medium,CMPDI/MSTC — Machhakata Geological Report — DERIVED ANALYTICAL RECORD,SOURCE_DERIVED_ANALYTICAL,https://mstcecommerce.com/auctionhome/coalblock/RenderFileCoalBlock.jsp?file=com-Machhakata-and-Mahanadi.pdf
810,21-03-27,2027,March,Machhakata (Revised),Odisha,Odisha,II MID,0.44,0.44,178.31,708,95,95,18.45,18.45,6.0,6.0,4907,8.2,E-G,E-G,High,CMPDI/MSTC — Machhakata Geological Report — DERIVED ANALYTICAL RECORD,SOURCE_DERIVED_ANALYTICAL,https://mstcecommerce.com/auctionhome/coalblock/RenderFileCoalBlock.jsp?file=com-Machhakata-and-Mahanadi.pdf
811,22-03-27,2027,March,Machhakata (Revised),Odisha,Odisha,II BOT,0.88,0.88,219.34,420,78,78,11.3,11.3,2.5,2.5,4930,5.96,D-G,D-G,High,CMPDI/MSTC — Machhakata Geological Report — DERIVED ANALYTICAL RECORD,SOURCE_DERIVED_ANALYTICAL,https://mstcecommerce.com/auctionhome/coalblock/RenderFileCoalBlock.jsp?file=com-Machhakata-and-Mahanadi.pdf
812,23-03-27,2027,March,Machhakata (Revised),Odisha,Odisha,I A TOP,1.29,1.29,134.52,1026,85,85,17.35,17.35,4.25,4.25,4953,12.22,E-G,E-G,Medium,CMPDI/MSTC — Machhakata Geological Report — DERIVED ANALYTICAL RECORD,SOURCE_DERIVED_ANALYTICAL,https://mstcecommerce.com/auctionhome/coalblock/RenderFileCoalBlock.jsp?file=com-Machhakata-and-Mahanadi.pdf
813,24-03-27,2027,March,Machhakata (Revised),Odisha,Odisha,I A BOT,2.94,2.94,148.73,2613,92,92,10.2,10.2,6.0,6.0,4976,38.42,D-G,D-G,Medium,CMPDI/MSTC — Machhakata Geological Report — DERIVED ANALYTICAL RECORD,SOURCE_DERIVED_ANALYTICAL,https://mstcecommerce.com/auctionhome/coalblock/RenderFileCoalBlock.jsp?file=com-Machhakata-and-Mahanadi.pdf
814,25-03-27,2027,March,Machhakata (Revised),Odisha,Odisha,I B,8.88,8.88,183.84,14703,75,75,16.25,16.25,2.5,2.5,4999,180.18,C-G,C-G,High,CMPDI/MSTC — Machhakata Geological Report — DERIVED ANALYTICAL RECORD,SOURCE_DERIVED_ANALYTICAL,https://mstcecommerce.com/auctionhome/coalblock/RenderFileCoalBlock.jsp?file=com-Machhakata-and-Mahanadi.pdf
815,26-03-27,2027,March,Machhakata (Revised),Odisha,Odisha,I C,4.0,4.0,215.92,615,82,82,9.1,9.1,4.25,4.25,5022,9.37,C-G,C-G,High,CMPDI/MSTC — Machhakata Geological Report — DERIVED ANALYTICAL RECORD,SOURCE_DERIVED_ANALYTICAL,https://mstcecommerce.com/auctionhome/coalblock/RenderFileCoalBlock.jsp?file=com-Machhakata-and-Mahanadi.pdf
816,27-03-27,2027,March,Machhakata (Revised),Odisha,Odisha,I D,8.34,8.34,252.48,4141,89,89,15.15,15.15,6.0,6.0,5045,52.29,B-G,B-G,High,CMPDI/MSTC — Machhakata Geological Report — DERIVED ANALYTICAL RECORD,SOURCE_DERIVED_ANALYTICAL,https://mstcecommerce.com/auctionhome/coalblock/RenderFileCoalBlock.jsp?file=com-Machhakata-and-Mahanadi.pdf
817,28-03-27,2027,March,Machhakata (Revised),Odisha,Odisha,XI,0.77,0.77,21.29,999,72,72,8.0,8.0,2.5,2.5,5068,10.77,E-G,E-G,Low,CMPDI/MSTC — Machhakata Geological Report — DERIVED ANALYTICAL RECORD,SOURCE_DERIVED_ANALYTICAL,https://mstcecommerce.com/auctionhome/coalblock/RenderFileCoalBlock.jsp?file=com-Machhakata-and-Mahanadi.pdf
818,29-03-27,2027,March,Machhakata (Revised),Odisha,Odisha,X,0.89,0.89,45.01,394,79,79,14.05,14.05,4.25,4.25,5091,5.13,E-G,E-G,Low,CMPDI/MSTC — Machhakata Geological Report — DERIVED ANALYTICAL RECORD,SOURCE_DERIVED_ANALYTICAL,https://mstcecommerce.com/auctionhome/coalblock/RenderFileCoalBlock.jsp?file=com-Machhakata-and-Mahanadi.pdf
819,30-03-27,2027,March,Machhakata (Revised),Odisha,Odisha,IX TOP,1.75,1.75,75.69,1058,86,86,20.1,20.1,6.0,6.0,5114,11.7,E-G,E-G,Medium,CMPDI/MSTC — Machhakata Geological Report — DERIVED ANALYTICAL RECORD,SOURCE_DERIVED_ANALYTICAL,https://mstcecommerce.com/auctionhome/coalblock/RenderFileCoalBlock.jsp?file=com-Machhakata-and-Mahanadi.pdf
820,31-03-27,2027,March,Machhakata (Revised),Odisha,Odisha,IX BOT,3.21,3.21,108.21,4797,93,93,12.95,12.95,2.5,2.5,5137,64.48,E-G,E-G,Medium,CMPDI/MSTC — Machhakata Geological Report — DERIVED ANALYTICAL RECORD,SOURCE_DERIVED_ANALYTICAL,https://mstcecommerce.com/auctionhome/coalblock/RenderFileCoalBlock.jsp?file=com-Machhakata-and-Mahanadi.pdf
821,01-04-27,2027,April,Machhakata (Revised),Odisha,Odisha,VIII,8.55,8.55,101.38,10798,76,76,19.0,19.0,4.25,4.25,5160,122.71,F-G,F-G,High,CMPDI/MSTC — Machhakata Geological Report — DERIVED ANALYTICAL RECORD,SOURCE_DERIVED_ANALYTICAL,https://mstcecommerce.com/auctionhome/coalblock/RenderFileCoalBlock.jsp?file=com-Machhakata-and-Mahanadi.pdf
822,02-04-27,2027,April,Machhakata (Revised),Odisha,Odisha,VII TOP,9.28,9.28,139.69,8643,83,83,11.85,11.85,6.0,6.0,5183,120.04,E-G,E-G,High,CMPDI/MSTC — Machhakata Geological Report — DERIVED ANALYTICAL RECORD,SOURCE_DERIVED_ANALYTICAL,https://mstcecommerce.com/auctionhome/coalblock/RenderFileCoalBlock.jsp?file=com-Machhakata-and-Mahanadi.pdf
823,03-04-27,2027,April,Machhakata (Revised),Odisha,Odisha,VII BOT,4.63,4.63,39.66,643,90,90,17.9,17.9,2.5,2.5,5206,7.51,E-G,E-G,Low,CMPDI/MSTC — Machhakata Geological Report — DERIVED ANALYTICAL RECORD,SOURCE_DERIVED_ANALYTICAL,https://mstcecommerce.com/auctionhome/coalblock/RenderFileCoalBlock.jsp?file=com-Machhakata-and-Mahanadi.pdf
824,04-04-27,2027,April,Machhakata (Revised),Odisha,Odisha,VI TOP,8.13,8.13,62.61,5636,73,73,10.75,10.75,4.25,4.25,5229,80.98,E-G,E-G,Medium,CMPDI/MSTC — Machhakata Geological Report — DERIVED ANALYTICAL RECORD,SOURCE_DERIVED_ANALYTICAL,https://mstcecommerce.com/auctionhome/coalblock/RenderFileCoalBlock.jsp?file=com-Machhakata-and-Mahanadi.pdf
825,05-04-27,2027,April,Machhakata (Revised),Odisha,Odisha,VI BOT,1.69,1.69,105.46,6528,80,80,16.8,16.8,6.0,6.0,5252,78.46,E-G,E-G,Medium,CMPDI/MSTC — Machhakata Geological Report — DERIVED ANALYTICAL RECORD,SOURCE_DERIVED_ANALYTICAL,https://mstcecommerce.com/auctionhome/coalblock/RenderFileCoalBlock.jsp?file=com-Machhakata-and-Mahanadi.pdf
826,06-04-27,2027,April,Machhakata (Revised),Odisha,Odisha,IV/V,1.56,1.56,137.09,3812,87,87,9.65,9.65,2.5,2.5,5275,56.73,D-G,D-G,Medium,CMPDI/MSTC — Machhakata Geological Report — DERIVED ANALYTICAL RECORD,SOURCE_DERIVED_ANALYTICAL,https://mstcecommerce.com/auctionhome/coalblock/RenderFileCoalBlock.jsp?file=com-Machhakata-and-Mahanadi.pdf
827,07-04-27,2027,April,Machhakata (Revised),Odisha,Odisha,III TOP TOP,6.58,6.58,171.88,12769,94,94,15.7,15.7,4.25,4.25,5298,158.03,E-G,E-G,High,CMPDI/MSTC — Machhakata Geological Report — DERIVED ANALYTICAL RECORD,SOURCE_DERIVED_ANALYTICAL,https://mstcecommerce.com/auctionhome/coalblock/RenderFileCoalBlock.jsp?file=com-Machhakata-and-Mahanadi.pdf
828,08-04-27,2027,April,Machhakata (Revised),Odisha,Odisha,III MID,7.47,7.47,62.62,20500,77,77,8.55,8.55,6.0,6.0,5321,217.16,D-G,D-G,Low,CMPDI/MSTC — Machhakata Geological Report — DERIVED ANALYTICAL RECORD,SOURCE_DERIVED_ANALYTICAL,https://mstcecommerce.com/auctionhome/coalblock/RenderFileCoalBlock.jsp?file=com-Machhakata-and-Mahanadi.pdf
829,09-04-27,2027,April,Machhakata (Revised),Odisha,Odisha,III BOT TOP,3.87,3.87,96.9,5705,84,84,14.6,14.6,2.5,2.5,5344,72.77,C-G,C-G,Medium,CMPDI/MSTC — Machhakata Geological Report — DERIVED ANALYTICAL RECORD,SOURCE_DERIVED_ANALYTICAL,https://mstcecommerce.com/auctionhome/coalblock/RenderFileCoalBlock.jsp?file=com-Machhakata-and-Mahanadi.pdf
830,10-04-27,2027,April,Machhakata (Revised),Odisha,Odisha,III BOT BOT,4.56,4.56,123.76,993,91,91,20.65,20.65,4.25,4.25,5367,10.79,F-G,F-G,Medium,CMPDI/MSTC — Machhakata Geological Report — DERIVED ANALYTICAL RECORD,SOURCE_DERIVED_ANALYTICAL,https://mstcecommerce.com/auctionhome/coalblock/RenderFileCoalBlock.jsp?file=com-Machhakata-and-Mahanadi.pdf
831,11-04-27,2027,April,Machhakata (Revised),Odisha,Odisha,LOCAL 1,2.36,2.36,178.32,1449,74,74,13.5,13.5,6.0,6.0,5390,19.07,D-G,D-G,High,CMPDI/MSTC — Machhakata Geological Report — DERIVED ANALYTICAL RECORD,SOURCE_DERIVED_ANALYTICAL,https://mstcecommerce.com/auctionhome/coalblock/RenderFileCoalBlock.jsp?file=com-Machhakata-and-Mahanadi.pdf
832,12-04-27,2027,April,Machhakata (Revised),Odisha,Odisha,LOCAL 2,0.16,0.16,216.8,1309,81,81,19.55,19.55,2.5,2.5,5413,14.61,E-G,E-G,High,CMPDI/MSTC — Machhakata Geological Report — DERIVED ANALYTICAL RECORD,SOURCE_DERIVED_ANALYTICAL,https://mstcecommerce.com/auctionhome/coalblock/RenderFileCoalBlock.jsp?file=com-Machhakata-and-Mahanadi.pdf
833,13-04-27,2027,April,Machhakata (Revised),Odisha,Odisha,II TOP,0.98,0.98,83.8,3170,88,88,12.4,12.4,4.25,4.25,5436,43.07,E-G,E-G,Low,CMPDI/MSTC — Machhakata Geological Report — DERIVED ANALYTICAL RECORD,SOURCE_DERIVED_ANALYTICAL,https://mstcecommerce.com/auctionhome/coalblock/RenderFileCoalBlock.jsp?file=com-Machhakata-and-Mahanadi.pdf
834,14-04-27,2027,April,Machhakata (Revised),Odisha,Odisha,II MID,0.71,0.71,73.35,715,95,95,18.45,18.45,6.0,6.0,5459,8.2,E-G,E-G,Low,CMPDI/MSTC — Machhakata Geological Report — DERIVED ANALYTICAL RECORD,SOURCE_DERIVED_ANALYTICAL,https://mstcecommerce.com/auctionhome/coalblock/RenderFileCoalBlock.jsp?file=com-Machhakata-and-Mahanadi.pdf
835,15-04-27,2027,April,Machhakata (Revised),Odisha,Odisha,II BOT,1.2,1.2,156.05,424,78,78,11.3,11.3,2.5,2.5,5482,5.96,D-G,D-G,Medium,CMPDI/MSTC — Machhakata Geological Report — DERIVED ANALYTICAL RECORD,SOURCE_DERIVED_ANALYTICAL,https://mstcecommerce.com/auctionhome/coalblock/RenderFileCoalBlock.jsp?file=com-Machhakata-and-Mahanadi.pdf
836,16-04-27,2027,April,Machhakata (Revised),Odisha,Odisha,I A TOP,1.59,1.59,194.97,1036,85,85,17.35,17.35,4.25,4.25,5505,12.22,E-G,E-G,High,CMPDI/MSTC — Machhakata Geological Report — DERIVED ANALYTICAL RECORD,SOURCE_DERIVED_ANALYTICAL,https://mstcecommerce.com/auctionhome/coalblock/RenderFileCoalBlock.jsp?file=com-Machhakata-and-Mahanadi.pdf
837,17-04-27,2027,April,Machhakata (Revised),Odisha,Odisha,I A BOT,3.55,3.55,219.06,2643,92,92,10.2,10.2,6.0,6.0,5528,38.42,D-G,D-G,High,CMPDI/MSTC — Machhakata Geological Report — DERIVED ANALYTICAL RECORD,SOURCE_DERIVED_ANALYTICAL,https://mstcecommerce.com/auctionhome/coalblock/RenderFileCoalBlock.jsp?file=com-Machhakata-and-Mahanadi.pdf
838,18-04-27,2027,April,Machhakata (Revised),Odisha,Odisha,I B,10.15,10.15,128.91,14847,75,75,16.25,16.25,2.5,2.5,5551,180.18,C-G,C-G,Medium,CMPDI/MSTC — Machhakata Geological Report — DERIVED ANALYTICAL RECORD,SOURCE_DERIVED_ANALYTICAL,https://mstcecommerce.com/auctionhome/coalblock/RenderFileCoalBlock.jsp?file=com-Machhakata-and-Mahanadi.pdf
839,19-04-27,2027,April,Machhakata (Revised),Odisha,Odisha,I C,4.57,4.57,160.55,622,82,82,9.1,9.1,4.25,4.25,5574,9.37,C-G,C-G,Medium,CMPDI/MSTC — Machhakata Geological Report — DERIVED ANALYTICAL RECORD,SOURCE_DERIVED_ANALYTICAL,https://mstcecommerce.com/auctionhome/coalblock/RenderFileCoalBlock.jsp?file=com-Machhakata-and-Mahanadi.pdf
840,20-04-27,2027,April,Machhakata (Revised),Odisha,Odisha,I D,0.71,0.71,195.81,4183,89,89,15.15,15.15,6.0,6.0,5597,52.29,B-G,B-G,High,CMPDI/MSTC — Machhakata Geological Report — DERIVED ANALYTICAL RECORD,SOURCE_DERIVED_ANALYTICAL,https://mstcecommerce.com/auctionhome/coalblock/RenderFileCoalBlock.jsp?file=com-Machhakata-and-Mahanadi.pdf
841,21-04-27,2027,April,Machhakata (Revised),Odisha,Odisha,XI,1.61,1.61,90.18,1008,72,72,8.0,8.0,2.5,2.5,5620,10.77,E-G,E-G,Medium,CMPDI/MSTC — Machhakata Geological Report — DERIVED ANALYTICAL RECORD,SOURCE_DERIVED_ANALYTICAL,https://mstcecommerce.com/auctionhome/coalblock/RenderFileCoalBlock.jsp?file=com-Machhakata-and-Mahanadi.pdf
842,22-04-27,2027,April,Machhakata (Revised),Odisha,Odisha,X,1.32,1.32,119.26,398,79,79,14.05,14.05,4.25,4.25,5643,5.13,E-G,E-G,High,CMPDI/MSTC — Machhakata Geological Report — DERIVED ANALYTICAL RECORD,SOURCE_DERIVED_ANALYTICAL,https://mstcecommerce.com/auctionhome/coalblock/RenderFileCoalBlock.jsp?file=com-Machhakata-and-Mahanadi.pdf
843,23-04-27,2027,April,Machhakata (Revised),Odisha,Odisha,IX TOP,2.34,2.34,157.93,1067,86,86,20.1,20.1,6.0,6.0,5666,11.7,E-G,E-G,High,CMPDI/MSTC — Machhakata Geological Report — DERIVED ANALYTICAL RECORD,SOURCE_DERIVED_ANALYTICAL,https://mstcecommerce.com/auctionhome/coalblock/RenderFileCoalBlock.jsp?file=com-Machhakata-and-Mahanadi.pdf
844,24-04-27,2027,April,Machhakata (Revised),Odisha,Odisha,IX BOT,3.92,3.92,40.79,4849,93,93,12.95,12.95,2.5,2.5,5689,64.48,E-G,E-G,Low,CMPDI/MSTC — Machhakata Geological Report — DERIVED ANALYTICAL RECORD,SOURCE_DERIVED_ANALYTICAL,https://mstcecommerce.com/auctionhome/coalblock/RenderFileCoalBlock.jsp?file=com-Machhakata-and-Mahanadi.pdf
845,25-04-27,2027,April,Machhakata (Revised),Odisha,Odisha,VIII,10.16,10.16,54.51,10897,76,76,19.0,19.0,4.25,4.25,5712,122.71,F-G,F-G,Medium,CMPDI/MSTC — Machhakata Geological Report — DERIVED ANALYTICAL RECORD,SOURCE_DERIVED_ANALYTICAL,https://mstcecommerce.com/auctionhome/coalblock/RenderFileCoalBlock.jsp?file=com-Machhakata-and-Mahanadi.pdf
846,26-04-27,2027,April,Machhakata (Revised),Odisha,Odisha,VII TOP,10.75,10.75,84.27,8739,83,83,11.85,11.85,6.0,6.0,5735,120.04,E-G,E-G,Medium,CMPDI/MSTC — Machhakata Geological Report — DERIVED ANALYTICAL RECORD,SOURCE_DERIVED_ANALYTICAL,https://mstcecommerce.com/auctionhome/coalblock/RenderFileCoalBlock.jsp?file=com-Machhakata-and-Mahanadi.pdf
847,27-04-27,2027,April,Machhakata (Revised),Odisha,Odisha,VII BOT,5.26,5.26,110.75,649,90,90,17.9,17.9,2.5,2.5,5758,7.51,E-G,E-G,High,CMPDI/MSTC — Machhakata Geological Report — DERIVED ANALYTICAL RECORD,SOURCE_DERIVED_ANALYTICAL,https://mstcecommerce.com/auctionhome/coalblock/RenderFileCoalBlock.jsp?file=com-Machhakata-and-Mahanadi.pdf
848,28-04-27,2027,April,Machhakata (Revised),Odisha,Odisha,VI TOP,1.21,1.21,142.07,5701,73,73,10.75,10.75,4.25,4.25,5781,80.98,E-G,E-G,High,CMPDI/MSTC — Machhakata Geological Report — DERIVED ANALYTICAL RECORD,SOURCE_DERIVED_ANALYTICAL,https://mstcecommerce.com/auctionhome/coalblock/RenderFileCoalBlock.jsp?file=com-Machhakata-and-Mahanadi.pdf
849,29-04-27,2027,April,Machhakata (Revised),Odisha,Odisha,VI BOT,3.17,3.17,36.4,6591,80,80,16.8,16.8,6.0,6.0,4304,78.46,E-G,E-G,Low,CMPDI/MSTC — Machhakata Geological Report — DERIVED ANALYTICAL RECORD,SOURCE_DERIVED_ANALYTICAL,https://mstcecommerce.com/auctionhome/coalblock/RenderFileCoalBlock.jsp?file=com-Machhakata-and-Mahanadi.pdf
850,30-04-27,2027,April,Machhakata (Revised),Odisha,Odisha,IV/V,2.25,2.25,68.25,3858,87,87,9.65,9.65,2.5,2.5,4327,56.73,D-G,D-G,Low,CMPDI/MSTC — Machhakata Geological Report — DERIVED ANALYTICAL RECORD,SOURCE_DERIVED_ANALYTICAL,https://mstcecommerce.com/auctionhome/coalblock/RenderFileCoalBlock.jsp?file=com-Machhakata-and-Mahanadi.pdf
851,01-05-27,2027,May,Machhakata (Revised),Odisha,Odisha,III TOP TOP,7.95,7.95,105.0,12895,94,94,15.7,15.7,4.25,4.25,4350,158.03,E-G,E-G,Medium,CMPDI/MSTC — Machhakata Geological Report — DERIVED ANALYTICAL RECORD,SOURCE_DERIVED_ANALYTICAL,https://mstcecommerce.com/auctionhome/coalblock/RenderFileCoalBlock.jsp?file=com-Machhakata-and-Mahanadi.pdf
852,02-05-27,2027,May,Machhakata (Revised),Odisha,Odisha,III MID,8.29,8.29,152.92,14246,77,77,8.55,8.55,6.0,6.0,4373,217.16,D-G,D-G,Medium,CMPDI/MSTC — Machhakata Geological Report — DERIVED ANALYTICAL RECORD,SOURCE_DERIVED_ANALYTICAL,https://mstcecommerce.com/auctionhome/coalblock/RenderFileCoalBlock.jsp?file=com-Machhakata-and-Mahanadi.pdf
853,03-05-27,2027,May,Machhakata (Revised),Odisha,Odisha,III BOT TOP,4.52,4.52,186.62,5763,84,84,14.6,14.6,2.5,2.5,4396,72.77,C-G,C-G,High,CMPDI/MSTC — Machhakata Geological Report — DERIVED ANALYTICAL RECORD,SOURCE_DERIVED_ANALYTICAL,https://mstcecommerce.com/auctionhome/coalblock/RenderFileCoalBlock.jsp?file=com-Machhakata-and-Mahanadi.pdf
854,04-05-27,2027,May,Machhakata (Revised),Odisha,Odisha,III BOT BOT,5.27,5.27,55.81,1001,91,91,20.65,20.65,4.25,4.25,4419,10.79,F-G,F-G,Low,CMPDI/MSTC — Machhakata Geological Report — DERIVED ANALYTICAL RECORD,SOURCE_DERIVED_ANALYTICAL,https://mstcecommerce.com/auctionhome/coalblock/RenderFileCoalBlock.jsp?file=com-Machhakata-and-Mahanadi.pdf
855,05-05-27,2027,May,Machhakata (Revised),Odisha,Odisha,LOCAL 1,0.1,0.1,97.85,1465,74,74,13.5,13.5,6.0,6.0,4442,19.07,D-G,D-G,Medium,CMPDI/MSTC — Machhakata Geological Report — DERIVED ANALYTICAL RECORD,SOURCE_DERIVED_ANALYTICAL,https://mstcecommerce.com/auctionhome/coalblock/RenderFileCoalBlock.jsp?file=com-Machhakata-and-Mahanadi.pdf
856,06-05-27,2027,May,Machhakata (Revised),Odisha,Odisha,LOCAL 2,0.46,0.46,140.32,1321,81,81,19.55,19.55,2.5,2.5,4465,14.61,E-G,E-G,Medium,CMPDI/MSTC — Machhakata Geological Report — DERIVED ANALYTICAL RECORD,SOURCE_DERIVED_ANALYTICAL,https://mstcecommerce.com/auctionhome/coalblock/RenderFileCoalBlock.jsp?file=com-Machhakata-and-Mahanadi.pdf
857,07-05-27,2027,May,Machhakata (Revised),Odisha,Odisha,II TOP,1.62,1.62,180.04,3204,88,88,12.4,12.4,4.25,4.25,4488,43.07,E-G,E-G,Medium,CMPDI/MSTC — Machhakata Geological Report — DERIVED ANALYTICAL RECORD,SOURCE_DERIVED_ANALYTICAL,https://mstcecommerce.com/auctionhome/coalblock/RenderFileCoalBlock.jsp?file=com-Machhakata-and-Mahanadi.pdf
858,08-05-27,2027,May,Machhakata (Revised),Odisha,Odisha,II MID,0.98,0.98,206.93,722,95,95,18.45,18.45,6.0,6.0,4511,8.2,E-G,E-G,High,CMPDI/MSTC — Machhakata Geological Report — DERIVED ANALYTICAL RECORD,SOURCE_DERIVED_ANALYTICAL,https://mstcecommerce.com/auctionhome/coalblock/RenderFileCoalBlock.jsp?file=com-Machhakata-and-Mahanadi.pdf
859,09-05-27,2027,May,Machhakata (Revised),Odisha,Odisha,II BOT,1.52,1.52,92.76,429,78,78,11.3,11.3,2.5,2.5,4534,5.96,D-G,D-G,Medium,CMPDI/MSTC — Machhakata Geological Report — DERIVED ANALYTICAL RECORD,SOURCE_DERIVED_ANALYTICAL,https://mstcecommerce.com/auctionhome/coalblock/RenderFileCoalBlock.jsp?file=com-Machhakata-and-Mahanadi.pdf
860,10-05-27,2027,May,Machhakata (Revised),Odisha,Odisha,I A TOP,1.9,1.9,147.48,1046,85,85,17.35,17.35,4.25,4.25,4557,12.22,E-G,E-G,Medium,CMPDI/MSTC — Machhakata Geological Report — DERIVED ANALYTICAL RECORD,SOURCE_DERIVED_ANALYTICAL,https://mstcecommerce.com/auctionhome/coalblock/RenderFileCoalBlock.jsp?file=com-Machhakata-and-Mahanadi.pdf
861,11-05-27,2027,May,Machhakata (Revised),Odisha,Odisha,I A BOT,4.16,4.16,163.8,2674,92,92,10.2,10.2,6.0,6.0,4580,38.42,D-G,D-G,Medium,CMPDI/MSTC — Machhakata Geological Report — DERIVED ANALYTICAL RECORD,SOURCE_DERIVED_ANALYTICAL,https://mstcecommerce.com/auctionhome/coalblock/RenderFileCoalBlock.jsp?file=com-Machhakata-and-Mahanadi.pdf
862,12-05-27,2027,May,Machhakata (Revised),Odisha,Odisha,I B,11.41,11.41,198.82,14991,75,75,16.25,16.25,2.5,2.5,4603,180.18,C-G,C-G,High,CMPDI/MSTC — Machhakata Geological Report — DERIVED ANALYTICAL RECORD,SOURCE_DERIVED_ANALYTICAL,https://mstcecommerce.com/auctionhome/coalblock/RenderFileCoalBlock.jsp?file=com-Machhakata-and-Mahanadi.pdf
863,13-05-27,2027,May,Machhakata (Revised),Odisha,Odisha,I C,0.38,0.38,231.02,630,82,82,9.1,9.1,4.25,4.25,4626,9.37,C-G,C-G,High,CMPDI/MSTC — Machhakata Geological Report — DERIVED ANALYTICAL RECORD,SOURCE_DERIVED_ANALYTICAL,https://mstcecommerce.com/auctionhome/coalblock/RenderFileCoalBlock.jsp?file=com-Machhakata-and-Mahanadi.pdf
864,14-05-27,2027,May,Machhakata (Revised),Odisha,Odisha,I D,1.75,1.75,267.94,4225,89,89,15.15,15.15,6.0,6.0,4649,52.29,B-G,B-G,High,CMPDI/MSTC — Machhakata Geological Report — DERIVED ANALYTICAL RECORD,SOURCE_DERIVED_ANALYTICAL,https://mstcecommerce.com/auctionhome/coalblock/RenderFileCoalBlock.jsp?file=com-Machhakata-and-Mahanadi.pdf
865,15-05-27,2027,May,Machhakata (Revised),Odisha,Odisha,XI,2.46,2.46,36.05,1017,72,72,8.0,8.0,2.5,2.5,4672,10.77,E-G,E-G,Low,CMPDI/MSTC — Machhakata Geological Report — DERIVED ANALYTICAL RECORD,SOURCE_DERIVED_ANALYTICAL,https://mstcecommerce.com/auctionhome/coalblock/RenderFileCoalBlock.jsp?file=com-Machhakata-and-Mahanadi.pdf
866,16-05-27,2027,May,Machhakata (Revised),Odisha,Odisha,X,1.76,1.76,60.92,402,79,79,14.05,14.05,4.25,4.25,4695,5.13,E-G,E-G,Medium,CMPDI/MSTC — Machhakata Geological Report — DERIVED ANALYTICAL RECORD,SOURCE_DERIVED_ANALYTICAL,https://mstcecommerce.com/auctionhome/coalblock/RenderFileCoalBlock.jsp?file=com-Machhakata-and-Mahanadi.pdf
867,17-05-27,2027,May,Machhakata (Revised),Odisha,Odisha,IX TOP,2.92,2.92,93.31,1076,86,86,20.1,20.1,6.0,6.0,4718,11.7,E-G,E-G,Medium,CMPDI/MSTC — Machhakata Geological Report — DERIVED ANALYTICAL RECORD,SOURCE_DERIVED_ANALYTICAL,https://mstcecommerce.com/auctionhome/coalblock/RenderFileCoalBlock.jsp?file=com-Machhakata-and-Mahanadi.pdf
868,18-05-27,2027,May,Machhakata (Revised),Odisha,Odisha,IX BOT,4.64,4.64,126.6,4900,93,93,12.95,12.95,2.5,2.5,4741,64.48,E-G,E-G,Medium,CMPDI/MSTC — Machhakata Geological Report — DERIVED ANALYTICAL RECORD,SOURCE_DERIVED_ANALYTICAL,https://mstcecommerce.com/auctionhome/coalblock/RenderFileCoalBlock.jsp?file=com-Machhakata-and-Mahanadi.pdf
869,19-05-27,2027,May,Machhakata (Revised),Odisha,Odisha,VIII,11.77,11.77,114.16,10995,76,76,19.0,19.0,4.25,4.25,4764,122.71,F-G,F-G,High,CMPDI/MSTC — Machhakata Geological Report — DERIVED ANALYTICAL RECORD,SOURCE_DERIVED_ANALYTICAL,https://mstcecommerce.com/auctionhome/coalblock/RenderFileCoalBlock.jsp?file=com-Machhakata-and-Mahanadi.pdf
870,20-05-27,2027,May,Machhakata (Revised),Odisha,Odisha,VII TOP,12.23,12.23,28.85,8835,83,83,11.85,11.85,6.0,6.0,4787,120.04,E-G,E-G,Low,CMPDI/MSTC — Machhakata Geological Report — DERIVED ANALYTICAL RECORD,SOURCE_DERIVED_ANALYTICAL,https://mstcecommerce.com/auctionhome/coalblock/RenderFileCoalBlock.jsp?file=com-Machhakata-and-Mahanadi.pdf
871,21-05-27,2027,May,Machhakata (Revised),Odisha,Odisha,VII BOT,0.6,0.6,54.89,655,90,90,17.9,17.9,2.5,2.5,4810,7.51,E-G,E-G,Medium,CMPDI/MSTC — Machhakata Geological Report — DERIVED ANALYTICAL RECORD,SOURCE_DERIVED_ANALYTICAL,https://mstcecommerce.com/auctionhome/coalblock/RenderFileCoalBlock.jsp?file=com-Machhakata-and-Mahanadi.pdf
872,22-05-27,2027,May,Machhakata (Revised),Odisha,Odisha,VI TOP,2.15,2.15,79.64,5766,73,73,10.75,10.75,4.25,4.25,4833,80.98,E-G,E-G,Medium,CMPDI/MSTC — Machhakata Geological Report — DERIVED ANALYTICAL RECORD,SOURCE_DERIVED_ANALYTICAL,https://mstcecommerce.com/auctionhome/coalblock/RenderFileCoalBlock.jsp?file=com-Machhakata-and-Mahanadi.pdf
873,23-05-27,2027,May,Machhakata (Revised),Odisha,Odisha,VI BOT,4.66,4.66,124.29,6653,80,80,16.8,16.8,6.0,6.0,4856,78.46,E-G,E-G,High,CMPDI/MSTC — Machhakata Geological Report — DERIVED ANALYTICAL RECORD,SOURCE_DERIVED_ANALYTICAL,https://mstcecommerce.com/auctionhome/coalblock/RenderFileCoalBlock.jsp?file=com-Machhakata-and-Mahanadi.pdf
874,24-05-27,2027,May,Machhakata (Revised),Odisha,Odisha,IV/V,2.93,2.93,155.86,3903,87,87,9.65,9.65,2.5,2.5,4879,56.73,D-G,D-G,High,CMPDI/MSTC — Machhakata Geological Report — DERIVED ANALYTICAL RECORD,SOURCE_DERIVED_ANALYTICAL,https://mstcecommerce.com/auctionhome/coalblock/RenderFileCoalBlock.jsp?file=com-Machhakata-and-Mahanadi.pdf
875,25-05-27,2027,May,Machhakata (Revised),Odisha,Odisha,III TOP TOP,9.32,9.32,38.12,13022,94,94,15.7,15.7,4.25,4.25,4902,158.03,E-G,E-G,Low,CMPDI/MSTC — Machhakata Geological Report — DERIVED ANALYTICAL RECORD,SOURCE_DERIVED_ANALYTICAL,https://mstcecommerce.com/auctionhome/coalblock/RenderFileCoalBlock.jsp?file=com-Machhakata-and-Mahanadi.pdf
876,26-05-27,2027,May,Machhakata (Revised),Odisha,Odisha,III MID,9.11,9.11,81.97,14419,77,77,8.55,8.55,6.0,6.0,4925,217.16,D-G,D-G,Low,CMPDI/MSTC — Machhakata Geological Report — DERIVED ANALYTICAL RECORD,SOURCE_DERIVED_ANALYTICAL,https://mstcecommerce.com/auctionhome/coalblock/RenderFileCoalBlock.jsp?file=com-Machhakata-and-Mahanadi.pdf
877,27-05-27,2027,May,Machhakata (Revised),Odisha,Odisha,III BOT TOP,5.18,5.18,116.13,5822,84,84,14.6,14.6,2.5,2.5,4948,72.77,C-G,C-G,Medium,CMPDI/MSTC — Machhakata Geological Report — DERIVED ANALYTICAL RECORD,SOURCE_DERIVED_ANALYTICAL,https://mstcecommerce.com/auctionhome/coalblock/RenderFileCoalBlock.jsp?file=com-Machhakata-and-Mahanadi.pdf
878,28-05-27,2027,May,Machhakata (Revised),Odisha,Odisha,III BOT BOT,0.11,0.11,142.3,1010,91,91,20.65,20.65,4.25,4.25,4971,10.79,F-G,F-G,High,CMPDI/MSTC — Machhakata Geological Report — DERIVED ANALYTICAL RECORD,SOURCE_DERIVED_ANALYTICAL,https://mstcecommerce.com/auctionhome/coalblock/RenderFileCoalBlock.jsp?file=com-Machhakata-and-Mahanadi.pdf
879,29-05-27,2027,May,Machhakata (Revised),Odisha,Odisha,LOCAL 1,0.41,0.41,200.27,1480,74,74,13.5,13.5,6.0,6.0,4994,19.07,D-G,D-G,High,CMPDI/MSTC — Machhakata Geological Report — DERIVED ANALYTICAL RECORD,SOURCE_DERIVED_ANALYTICAL,https://mstcecommerce.com/auctionhome/coalblock/RenderFileCoalBlock.jsp?file=com-Machhakata-and-Mahanadi.pdf
880,30-05-27,2027,May,Machhakata (Revised),Odisha,Odisha,LOCAL 2,0.77,0.77,63.84,1332,81,81,19.55,19.55,2.5,2.5,5017,14.61,E-G,E-G,Low,CMPDI/MSTC — Machhakata Geological Report — DERIVED ANALYTICAL RECORD,SOURCE_DERIVED_ANALYTICAL,https://mstcecommerce.com/auctionhome/coalblock/RenderFileCoalBlock.jsp?file=com-Machhakata-and-Mahanadi.pdf
881,31-05-27,2027,May,Machhakata (Revised),Odisha,Odisha,II TOP,2.26,2.26,104.42,3239,88,88,12.4,12.4,4.25,4.25,5040,43.07,E-G,E-G,Medium,CMPDI/MSTC — Machhakata Geological Report — DERIVED ANALYTICAL RECORD,SOURCE_DERIVED_ANALYTICAL,https://mstcecommerce.com/auctionhome/coalblock/RenderFileCoalBlock.jsp?file=com-Machhakata-and-Mahanadi.pdf
882,01-06-27,2027,June,Machhakata (Revised),Odisha,Odisha,II MID,1.25,1.25,101.98,728,95,95,18.45,18.45,6.0,6.0,5063,8.2,E-G,E-G,Medium,CMPDI/MSTC — Machhakata Geological Report — DERIVED ANALYTICAL RECORD,SOURCE_DERIVED_ANALYTICAL,https://mstcecommerce.com/auctionhome/coalblock/RenderFileCoalBlock.jsp?file=com-Machhakata-and-Mahanadi.pdf
883,02-06-27,2027,June,Machhakata (Revised),Odisha,Odisha,II BOT,1.85,1.85,173.31,434,78,78,11.3,11.3,2.5,2.5,5086,5.96,D-G,D-G,High,CMPDI/MSTC — Machhakata Geological Report — DERIVED ANALYTICAL RECORD,SOURCE_DERIVED_ANALYTICAL,https://mstcecommerce.com/auctionhome/coalblock/RenderFileCoalBlock.jsp?file=com-Machhakata-and-Mahanadi.pdf
884,03-06-27,2027,June,Machhakata (Revised),Odisha,Odisha,I A TOP,2.2,2.2,207.92,1056,85,85,17.35,17.35,4.25,4.25,5109,12.22,E-G,E-G,High,CMPDI/MSTC — Machhakata Geological Report — DERIVED ANALYTICAL RECORD,SOURCE_DERIVED_ANALYTICAL,https://mstcecommerce.com/auctionhome/coalblock/RenderFileCoalBlock.jsp?file=com-Machhakata-and-Mahanadi.pdf
885,04-06-27,2027,June,Machhakata (Revised),Odisha,Odisha,I A BOT,4.76,4.76,234.13,2705,92,92,10.2,10.2,6.0,6.0,5132,38.42,D-G,D-G,High,CMPDI/MSTC — Machhakata Geological Report — DERIVED ANALYTICAL RECORD,SOURCE_DERIVED_ANALYTICAL,https://mstcecommerce.com/auctionhome/coalblock/RenderFileCoalBlock.jsp?file=com-Machhakata-and-Mahanadi.pdf
886,05-06-27,2027,June,Machhakata (Revised),Odisha,Odisha,I B,2.13,2.13,143.89,15135,75,75,16.25,16.25,2.5,2.5,5155,180.18,C-G,C-G,Medium,CMPDI/MSTC — Machhakata Geological Report — DERIVED ANALYTICAL RECORD,SOURCE_DERIVED_ANALYTICAL,https://mstcecommerce.com/auctionhome/coalblock/RenderFileCoalBlock.jsp?file=com-Machhakata-and-Mahanadi.pdf
887,06-06-27,2027,June,Machhakata (Revised),Odisha,Odisha,I C,0.95,0.95,175.65,637,82,82,9.1,9.1,4.25,4.25,5178,9.37,C-G,C-G,Medium,CMPDI/MSTC — Machhakata Geological Report — DERIVED ANALYTICAL RECORD,SOURCE_DERIVED_ANALYTICAL,https://mstcecommerce.com/auctionhome/coalblock/RenderFileCoalBlock.jsp?file=com-Machhakata-and-Mahanadi.pdf
888,07-06-27,2027,June,Machhakata (Revised),Odisha,Odisha,I D,2.79,2.79,211.26,4267,89,89,15.15,15.15,6.0,6.0,5201,52.29,B-G,B-G,High,CMPDI/MSTC — Machhakata Geological Report — DERIVED ANALYTICAL RECORD,SOURCE_DERIVED_ANALYTICAL,https://mstcecommerce.com/auctionhome/coalblock/RenderFileCoalBlock.jsp?file=com-Machhakata-and-Mahanadi.pdf
889,08-06-27,2027,June,Machhakata (Revised),Odisha,Odisha,XI,3.31,3.31,104.94,707,72,72,8.0,8.0,2.5,2.5,5224,10.77,E-G,E-G,High,CMPDI/MSTC — Machhakata Geological Report — DERIVED ANALYTICAL RECORD,SOURCE_DERIVED_ANALYTICAL,https://mstcecommerce.com/auctionhome/coalblock/RenderFileCoalBlock.jsp?file=com-Machhakata-and-Mahanadi.pdf
890,09-06-27,2027,June,Machhakata (Revised),Odisha,Odisha,X,2.2,2.2,135.17,406,79,79,14.05,14.05,4.25,4.25,5247,5.13,E-G,E-G,High,CMPDI/MSTC — Machhakata Geological Report — DERIVED ANALYTICAL RECORD,SOURCE_DERIVED_ANALYTICAL,https://mstcecommerce.com/auctionhome/coalblock/RenderFileCoalBlock.jsp?file=com-Machhakata-and-Mahanadi.pdf
891,10-06-27,2027,June,Machhakata (Revised),Odisha,Odisha,IX TOP,3.5,3.5,28.69,1086,86,86,20.1,20.1,6.0,6.0,5270,11.7,E-G,E-G,Low,CMPDI/MSTC — Machhakata Geological Report — DERIVED ANALYTICAL RECORD,SOURCE_DERIVED_ANALYTICAL,https://mstcecommerce.com/auctionhome/coalblock/RenderFileCoalBlock.jsp?file=com-Machhakata-and-Mahanadi.pdf
892,11-06-27,2027,June,Machhakata (Revised),Odisha,Odisha,IX BOT,5.36,5.36,59.18,4952,93,93,12.95,12.95,2.5,2.5,5293,64.48,E-G,E-G,Low,CMPDI/MSTC — Machhakata Geological Report — DERIVED ANALYTICAL RECORD,SOURCE_DERIVED_ANALYTICAL,https://mstcecommerce.com/auctionhome/coalblock/RenderFileCoalBlock.jsp?file=com-Machhakata-and-Mahanadi.pdf
893,12-06-27,2027,June,Machhakata (Revised),Odisha,Odisha,VIII,13.38,13.38,67.29,11093,76,76,19.0,19.0,4.25,4.25,5316,122.71,F-G,F-G,Medium,CMPDI/MSTC — Machhakata Geological Report — DERIVED ANALYTICAL RECORD,SOURCE_DERIVED_ANALYTICAL,https://mstcecommerce.com/auctionhome/coalblock/RenderFileCoalBlock.jsp?file=com-Machhakata-and-Mahanadi.pdf
894,13-06-27,2027,June,Machhakata (Revised),Odisha,Odisha,VII TOP,1.4,1.4,99.39,8931,83,83,11.85,11.85,6.0,6.0,5339,120.04,E-G,E-G,Medium,CMPDI/MSTC — Machhakata Geological Report — DERIVED ANALYTICAL RECORD,SOURCE_DERIVED_ANALYTICAL,https://mstcecommerce.com/auctionhome/coalblock/RenderFileCoalBlock.jsp?file=com-Machhakata-and-Mahanadi.pdf
895,14-06-27,2027,June,Machhakata (Revised),Odisha,Odisha,VII BOT,1.24,1.24,125.99,661,90,90,17.9,17.9,2.5,2.5,5362,7.51,E-G,E-G,High,CMPDI/MSTC — Machhakata Geological Report — DERIVED ANALYTICAL RECORD,SOURCE_DERIVED_ANALYTICAL,https://mstcecommerce.com/auctionhome/coalblock/RenderFileCoalBlock.jsp?file=com-Machhakata-and-Mahanadi.pdf
896,15-06-27,2027,June,Machhakata (Revised),Odisha,Odisha,VI TOP,3.09,3.09,17.2,5831,73,73,10.75,10.75,4.25,4.25,5385,80.98,E-G,E-G,Low,CMPDI/MSTC — Machhakata Geological Report — DERIVED ANALYTICAL RECORD,SOURCE_DERIVED_ANALYTICAL,https://mstcecommerce.com/auctionhome/coalblock/RenderFileCoalBlock.jsp?file=com-Machhakata-and-Mahanadi.pdf
897,16-06-27,2027,June,Machhakata (Revised),Odisha,Odisha,VI BOT,6.14,6.14,55.24,6716,80,80,16.8,16.8,6.0,6.0,5408,78.46,E-G,E-G,Medium,CMPDI/MSTC — Machhakata Geological Report — DERIVED ANALYTICAL RECORD,SOURCE_DERIVED_ANALYTICAL,https://mstcecommerce.com/auctionhome/coalblock/RenderFileCoalBlock.jsp?file=com-Machhakata-and-Mahanadi.pdf
898,17-06-27,2027,June,Machhakata (Revised),Odisha,Odisha,IV/V,3.62,3.62,87.02,3948,87,87,9.65,9.65,2.5,2.5,5431,56.73,D-G,D-G,Medium,CMPDI/MSTC — Machhakata Geological Report — DERIVED ANALYTICAL RECORD,SOURCE_DERIVED_ANALYTICAL,https://mstcecommerce.com/auctionhome/coalblock/RenderFileCoalBlock.jsp?file=com-Machhakata-and-Mahanadi.pdf
899,18-06-27,2027,June,Machhakata (Revised),Odisha,Odisha,III TOP TOP,10.69,10.69,123.24,13148,94,94,15.7,15.7,4.25,4.25,5454,158.03,E-G,E-G,Medium,CMPDI/MSTC — Machhakata Geological Report — DERIVED ANALYTICAL RECORD,SOURCE_DERIVED_ANALYTICAL,https://mstcecommerce.com/auctionhome/coalblock/RenderFileCoalBlock.jsp?file=com-Machhakata-and-Mahanadi.pdf
900,19-06-27,2027,June,Machhakata (Revised),Odisha,Odisha,III MID,9.93,9.93,172.26,14593,77,77,8.55,8.55,6.0,6.0,5477,217.16,D-G,D-G,High,CMPDI/MSTC — Machhakata Geological Report — DERIVED ANALYTICAL RECORD,SOURCE_DERIVED_ANALYTICAL,https://mstcecommerce.com/auctionhome/coalblock/RenderFileCoalBlock.jsp?file=com-Machhakata-and-Mahanadi.pdf
901,20-06-27,2027,June,Machhakata (Revised),Odisha,Odisha,III BOT TOP,0.36,0.36,45.63,5880,84,84,14.6,14.6,2.5,2.5,5500,72.77,C-G,C-G,Low,CMPDI/MSTC — Machhakata Geological Report — DERIVED ANALYTICAL RECORD,SOURCE_DERIVED_ANALYTICAL,https://mstcecommerce.com/auctionhome/coalblock/RenderFileCoalBlock.jsp?file=com-Machhakata-and-Mahanadi.pdf
902,21-06-27,2027,June,Machhakata (Revised),Odisha,Odisha,III BOT BOT,0.81,0.81,74.34,1019,91,91,20.65,20.65,4.25,4.25,5523,10.79,F-G,F-G,Medium,CMPDI/MSTC — Machhakata Geological Report — DERIVED ANALYTICAL RECORD,SOURCE_DERIVED_ANALYTICAL,https://mstcecommerce.com/auctionhome/coalblock/RenderFileCoalBlock.jsp?file=com-Machhakata-and-Mahanadi.pdf
903,22-06-27,2027,June,Machhakata (Revised),Odisha,Odisha,LOCAL 1,0.72,0.72,119.8,1495,74,74,13.5,13.5,6.0,6.0,5546,19.07,D-G,D-G,Medium,CMPDI/MSTC — Machhakata Geological Report — DERIVED ANALYTICAL RECORD,SOURCE_DERIVED_ANALYTICAL,https://mstcecommerce.com/auctionhome/coalblock/RenderFileCoalBlock.jsp?file=com-Machhakata-and-Mahanadi.pdf
904,23-06-27,2027,June,Machhakata (Revised),Odisha,Odisha,LOCAL 2,1.07,1.07,161.18,1344,81,81,19.55,19.55,2.5,2.5,5569,14.61,E-G,E-G,High,CMPDI/MSTC — Machhakata Geological Report — DERIVED ANALYTICAL RECORD,SOURCE_DERIVED_ANALYTICAL,https://mstcecommerce.com/auctionhome/coalblock/RenderFileCoalBlock.jsp?file=com-Machhakata-and-Mahanadi.pdf
905,24-06-27,2027,June,Machhakata (Revised),Odisha,Odisha,II TOP,2.9,2.9,200.66,3273,88,88,12.4,12.4,4.25,4.25,5592,43.07,E-G,E-G,High,CMPDI/MSTC — Machhakata Geological Report — DERIVED ANALYTICAL RECORD,SOURCE_DERIVED_ANALYTICAL,https://mstcecommerce.com/auctionhome/coalblock/RenderFileCoalBlock.jsp?file=com-Machhakata-and-Mahanadi.pdf
906,25-06-27,2027,June,Machhakata (Revised),Odisha,Odisha,II MID,1.52,1.52,235.55,735,95,95,18.45,18.45,6.0,6.0,5615,8.2,E-G,E-G,High,CMPDI/MSTC — Machhakata Geological Report — DERIVED ANALYTICAL RECORD,SOURCE_DERIVED_ANALYTICAL,https://mstcecommerce.com/auctionhome/coalblock/RenderFileCoalBlock.jsp?file=com-Machhakata-and-Mahanadi.pdf
907,26-06-27,2027,June,Machhakata (Revised),Odisha,Odisha,II BOT,2.17,2.17,110.02,439,78,78,11.3,11.3,2.5,2.5,5638,5.96,D-G,D-G,Medium,CMPDI/MSTC — Machhakata Geological Report — DERIVED ANALYTICAL RECORD,SOURCE_DERIVED_ANALYTICAL,https://mstcecommerce.com/auctionhome/coalblock/RenderFileCoalBlock.jsp?file=com-Machhakata-and-Mahanadi.pdf
908,27-06-27,2027,June,Machhakata (Revised),Odisha,Odisha,I A TOP,2.51,2.51,160.43,1066,85,85,17.35,17.35,4.25,4.25,5661,12.22,E-G,E-G,High,CMPDI/MSTC — Machhakata Geological Report — DERIVED ANALYTICAL RECORD,SOURCE_DERIVED_ANALYTICAL,https://mstcecommerce.com/auctionhome/coalblock/RenderFileCoalBlock.jsp?file=com-Machhakata-and-Mahanadi.pdf
909,28-06-27,2027,June,Machhakata (Revised),Odisha,Odisha,I A BOT,0.3,0.3,178.87,2736,92,92,10.2,10.2,6.0,6.0,5684,38.42,D-G,D-G,Medium,CMPDI/MSTC — Machhakata Geological Report — DERIVED ANALYTICAL RECORD,SOURCE_DERIVED_ANALYTICAL,https://mstcecommerce.com/auctionhome/coalblock/RenderFileCoalBlock.jsp?file=com-Machhakata-and-Mahanadi.pdf
910,29-06-27,2027,June,Machhakata (Revised),Odisha,Odisha,I B,3.39,3.39,213.8,15279,75,75,16.25,16.25,2.5,2.5,5707,180.18,C-G,C-G,High,CMPDI/MSTC — Machhakata Geological Report — DERIVED ANALYTICAL RECORD,SOURCE_DERIVED_ANALYTICAL,https://mstcecommerce.com/auctionhome/coalblock/RenderFileCoalBlock.jsp?file=com-Machhakata-and-Mahanadi.pdf
911,30-06-27,2027,June,Machhakata (Revised),Odisha,Odisha,I C,1.52,1.52,246.12,645,82,82,9.1,9.1,4.25,4.25,5730,9.37,C-G,C-G,High,CMPDI/MSTC — Machhakata Geological Report — DERIVED ANALYTICAL RECORD,SOURCE_DERIVED_ANALYTICAL,https://mstcecommerce.com/auctionhome/coalblock/RenderFileCoalBlock.jsp?file=com-Machhakata-and-Mahanadi.pdf
912,01-07-27,2027,July,Machhakata (Revised),Odisha,Odisha,I D,3.83,3.83,154.59,4309,89,89,15.15,15.15,6.0,6.0,5753,52.29,B-G,B-G,Medium,CMPDI/MSTC — Machhakata Geological Report — DERIVED ANALYTICAL RECORD,SOURCE_DERIVED_ANALYTICAL,https://mstcecommerce.com/auctionhome/coalblock/RenderFileCoalBlock.jsp?file=com-Machhakata-and-Mahanadi.pdf
913,02-07-27,2027,July,Machhakata (Revised),Odisha,Odisha,XI,4.16,4.16,50.81,715,72,72,8.0,8.0,2.5,2.5,5776,10.77,E-G,E-G,Low,CMPDI/MSTC — Machhakata Geological Report — DERIVED ANALYTICAL RECORD,SOURCE_DERIVED_ANALYTICAL,https://mstcecommerce.com/auctionhome/coalblock/RenderFileCoalBlock.jsp?file=com-Machhakata-and-Mahanadi.pdf
914,03-07-27,2027,July,Machhakata (Revised),Odisha,Odisha,X,2.64,2.64,76.83,410,79,79,14.05,14.05,4.25,4.25,5799,5.13,E-G,E-G,Medium,CMPDI/MSTC — Machhakata Geological Report — DERIVED ANALYTICAL RECORD,SOURCE_DERIVED_ANALYTICAL,https://mstcecommerce.com/auctionhome/coalblock/RenderFileCoalBlock.jsp?file=com-Machhakata-and-Mahanadi.pdf
915,04-07-27,2027,July,Machhakata (Revised),Odisha,Odisha,IX TOP,4.09,4.09,110.93,1095,86,86,20.1,20.1,6.0,6.0,4322,11.7,E-G,E-G,High,CMPDI/MSTC — Machhakata Geological Report — DERIVED ANALYTICAL RECORD,SOURCE_DERIVED_ANALYTICAL,https://mstcecommerce.com/auctionhome/coalblock/RenderFileCoalBlock.jsp?file=com-Machhakata-and-Mahanadi.pdf
916,05-07-27,2027,July,Machhakata (Revised),Odisha,Odisha,IX BOT,6.07,6.07,144.99,5004,93,93,12.95,12.95,2.5,2.5,4345,64.48,E-G,E-G,High,CMPDI/MSTC — Machhakata Geological Report — DERIVED ANALYTICAL RECORD,SOURCE_DERIVED_ANALYTICAL,https://mstcecommerce.com/auctionhome/coalblock/RenderFileCoalBlock.jsp?file=com-Machhakata-and-Mahanadi.pdf
917,06-07-27,2027,July,Machhakata (Revised),Odisha,Odisha,VIII,1.56,1.56,20.42,11191,76,76,19.0,19.0,4.25,4.25,4368,122.71,F-G,F-G,Low,CMPDI/MSTC — Machhakata Geological Report — DERIVED ANALYTICAL RECORD,SOURCE_DERIVED_ANALYTICAL,https://mstcecommerce.com/auctionhome/coalblock/RenderFileCoalBlock.jsp?file=com-Machhakata-and-Mahanadi.pdf
918,07-07-27,2027,July,Machhakata (Revised),Odisha,Odisha,VII TOP,2.88,2.88,43.97,9027,83,83,11.85,11.85,6.0,6.0,4391,120.04,E-G,E-G,Low,CMPDI/MSTC — Machhakata Geological Report — DERIVED ANALYTICAL RECORD,SOURCE_DERIVED_ANALYTICAL,https://mstcecommerce.com/auctionhome/coalblock/RenderFileCoalBlock.jsp?file=com-Machhakata-and-Mahanadi.pdf
919,08-07-27,2027,July,Machhakata (Revised),Odisha,Odisha,VII BOT,1.87,1.87,70.13,667,90,90,17.9,17.9,2.5,2.5,4414,7.51,E-G,E-G,Medium,CMPDI/MSTC — Machhakata Geological Report — DERIVED ANALYTICAL RECORD,SOURCE_DERIVED_ANALYTICAL,https://mstcecommerce.com/auctionhome/coalblock/RenderFileCoalBlock.jsp?file=com-Machhakata-and-Mahanadi.pdf
920,09-07-27,2027,July,Machhakata (Revised),Odisha,Odisha,VI TOP,4.04,4.04,96.66,5895,73,73,10.75,10.75,4.25,4.25,4437,80.98,E-G,E-G,Medium,CMPDI/MSTC — Machhakata Geological Report — DERIVED ANALYTICAL RECORD,SOURCE_DERIVED_ANALYTICAL,https://mstcecommerce.com/auctionhome/coalblock/RenderFileCoalBlock.jsp?file=com-Machhakata-and-Mahanadi.pdf
921,10-07-27,2027,July,Machhakata (Revised),Odisha,Odisha,VI BOT,7.63,7.63,143.12,6779,80,80,16.8,16.8,6.0,6.0,4460,78.46,E-G,E-G,High,CMPDI/MSTC — Machhakata Geological Report — DERIVED ANALYTICAL RECORD,SOURCE_DERIVED_ANALYTICAL,https://mstcecommerce.com/auctionhome/coalblock/RenderFileCoalBlock.jsp?file=com-Machhakata-and-Mahanadi.pdf
922,11-07-27,2027,July,Machhakata (Revised),Odisha,Odisha,IV/V,4.31,4.31,174.64,3994,87,87,9.65,9.65,2.5,2.5,4483,56.73,D-G,D-G,High,CMPDI/MSTC — Machhakata Geological Report — DERIVED ANALYTICAL RECORD,SOURCE_DERIVED_ANALYTICAL,https://mstcecommerce.com/auctionhome/coalblock/RenderFileCoalBlock.jsp?file=com-Machhakata-and-Mahanadi.pdf
923,12-07-27,2027,July,Machhakata (Revised),Odisha,Odisha,III TOP TOP,12.05,12.05,56.36,13275,94,94,15.7,15.7,4.25,4.25,4506,158.03,E-G,E-G,Low,CMPDI/MSTC — Machhakata Geological Report — DERIVED ANALYTICAL RECORD,SOURCE_DERIVED_ANALYTICAL,https://mstcecommerce.com/auctionhome/coalblock/RenderFileCoalBlock.jsp?file=com-Machhakata-and-Mahanadi.pdf
924,13-07-27,2027,July,Machhakata (Revised),Odisha,Odisha,III MID,10.75,10.75,101.32,14767,77,77,8.55,8.55,6.0,6.0,4529,217.16,D-G,D-G,Medium,CMPDI/MSTC — Machhakata Geological Report — DERIVED ANALYTICAL RECORD,SOURCE_DERIVED_ANALYTICAL,https://mstcecommerce.com/auctionhome/coalblock/RenderFileCoalBlock.jsp?file=com-Machhakata-and-Mahanadi.pdf
925,14-07-27,2027,July,Machhakata (Revised),Odisha,Odisha,III BOT TOP,1.02,1.02,135.35,5938,84,84,14.6,14.6,2.5,2.5,4552,72.77,C-G,C-G,Medium,CMPDI/MSTC — Machhakata Geological Report — DERIVED ANALYTICAL RECORD,SOURCE_DERIVED_ANALYTICAL,https://mstcecommerce.com/auctionhome/coalblock/RenderFileCoalBlock.jsp?file=com-Machhakata-and-Mahanadi.pdf
926,15-07-27,2027,July,Machhakata (Revised),Odisha,Odisha,III BOT BOT,1.52,1.52,160.83,708,91,91,20.65,20.65,4.25,4.25,4575,10.79,F-G,F-G,High,CMPDI/MSTC — Machhakata Geological Report — DERIVED ANALYTICAL RECORD,SOURCE_DERIVED_ANALYTICAL,https://mstcecommerce.com/auctionhome/coalblock/RenderFileCoalBlock.jsp?file=com-Machhakata-and-Mahanadi.pdf
927,16-07-27,2027,July,Machhakata (Revised),Odisha,Odisha,LOCAL 1,1.03,1.03,222.22,1510,74,74,13.5,13.5,6.0,6.0,4598,19.07,D-G,D-G,High,CMPDI/MSTC — Machhakata Geological Report — DERIVED ANALYTICAL RECORD,SOURCE_DERIVED_ANALYTICAL,https://mstcecommerce.com/auctionhome/coalblock/RenderFileCoalBlock.jsp?file=com-Machhakata-and-Mahanadi.pdf
928,17-07-27,2027,July,Machhakata (Revised),Odisha,Odisha,LOCAL 2,1.38,1.38,84.7,1356,81,81,19.55,19.55,2.5,2.5,4621,14.61,E-G,E-G,Medium,CMPDI/MSTC — Machhakata Geological Report — DERIVED ANALYTICAL RECORD,SOURCE_DERIVED_ANALYTICAL,https://mstcecommerce.com/auctionhome/coalblock/RenderFileCoalBlock.jsp?file=com-Machhakata-and-Mahanadi.pdf
929,18-07-27,2027,July,Machhakata (Revised),Odisha,Odisha,II TOP,3.54,3.54,125.05,3308,88,88,12.4,12.4,4.25,4.25,4644,43.07,E-G,E-G,Medium,CMPDI/MSTC — Machhakata Geological Report — DERIVED ANALYTICAL RECORD,SOURCE_DERIVED_ANALYTICAL,https://mstcecommerce.com/auctionhome/coalblock/RenderFileCoalBlock.jsp?file=com-Machhakata-and-Mahanadi.pdf
930,19-07-27,2027,July,Machhakata (Revised),Odisha,Odisha,II MID,1.79,1.79,130.6,741,95,95,18.45,18.45,6.0,6.0,4667,8.2,E-G,E-G,Medium,CMPDI/MSTC — Machhakata Geological Report — DERIVED ANALYTICAL RECORD,SOURCE_DERIVED_ANALYTICAL,https://mstcecommerce.com/auctionhome/coalblock/RenderFileCoalBlock.jsp?file=com-Machhakata-and-Mahanadi.pdf
931,20-07-27,2027,July,Machhakata (Revised),Odisha,Odisha,II BOT,2.49,2.49,190.57,443,78,78,11.3,11.3,2.5,2.5,4690,5.96,D-G,D-G,High,CMPDI/MSTC — Machhakata Geological Report — DERIVED ANALYTICAL RECORD,SOURCE_DERIVED_ANALYTICAL,https://mstcecommerce.com/auctionhome/coalblock/RenderFileCoalBlock.jsp?file=com-Machhakata-and-Mahanadi.pdf
932,21-07-27,2027,July,Machhakata (Revised),Odisha,Odisha,I A TOP,0.27,0.27,220.88,1075,85,85,17.35,17.35,4.25,4.25,4713,12.22,E-G,E-G,High,CMPDI/MSTC — Machhakata Geological Report — DERIVED ANALYTICAL RECORD,SOURCE_DERIVED_ANALYTICAL,https://mstcecommerce.com/auctionhome/coalblock/RenderFileCoalBlock.jsp?file=com-Machhakata-and-Mahanadi.pdf
933,22-07-27,2027,July,Machhakata (Revised),Odisha,Odisha,I A BOT,0.91,0.91,123.62,2766,92,92,10.2,10.2,6.0,6.0,4736,38.42,D-G,D-G,Medium,CMPDI/MSTC — Machhakata Geological Report — DERIVED ANALYTICAL RECORD,SOURCE_DERIVED_ANALYTICAL,https://mstcecommerce.com/auctionhome/coalblock/RenderFileCoalBlock.jsp?file=com-Machhakata-and-Mahanadi.pdf
934,23-07-27,2027,July,Machhakata (Revised),Odisha,Odisha,I B,4.66,4.66,158.87,15423,75,75,16.25,16.25,2.5,2.5,4759,180.18,C-G,C-G,High,CMPDI/MSTC — Machhakata Geological Report — DERIVED ANALYTICAL RECORD,SOURCE_DERIVED_ANALYTICAL,https://mstcecommerce.com/auctionhome/coalblock/RenderFileCoalBlock.jsp?file=com-Machhakata-and-Mahanadi.pdf
935,24-07-27,2027,July,Machhakata (Revised),Odisha,Odisha,I C,2.09,2.09,190.75,652,82,82,9.1,9.1,4.25,4.25,4782,9.37,C-G,C-G,Medium,CMPDI/MSTC — Machhakata Geological Report — DERIVED ANALYTICAL RECORD,SOURCE_DERIVED_ANALYTICAL,https://mstcecommerce.com/auctionhome/coalblock/RenderFileCoalBlock.jsp?file=com-Machhakata-and-Mahanadi.pdf
936,25-07-27,2027,July,Machhakata (Revised),Odisha,Odisha,I D,4.87,4.87,226.72,4351,89,89,15.15,15.15,6.0,6.0,4805,52.29,B-G,B-G,High,CMPDI/MSTC — Machhakata Geological Report — DERIVED ANALYTICAL RECORD,SOURCE_DERIVED_ANALYTICAL,https://mstcecommerce.com/auctionhome/coalblock/RenderFileCoalBlock.jsp?file=com-Machhakata-and-Mahanadi.pdf
937,26-07-27,2027,July,Machhakata (Revised),Odisha,Odisha,XI,5.01,5.01,119.7,724,72,72,8.0,8.0,2.5,2.5,4828,10.77,E-G,E-G,High,CMPDI/MSTC — Machhakata Geological Report — DERIVED ANALYTICAL RECORD,SOURCE_DERIVED_ANALYTICAL,https://mstcecommerce.com/auctionhome/coalblock/RenderFileCoalBlock.jsp?file=com-Machhakata-and-Mahanadi.pdf
938,27-07-27,2027,July,Machhakata (Revised),Odisha,Odisha,X,3.08,3.08,18.49,415,79,79,14.05,14.05,4.25,4.25,4851,5.13,E-G,E-G,Low,CMPDI/MSTC — Machhakata Geological Report — DERIVED ANALYTICAL RECORD,SOURCE_DERIVED_ANALYTICAL,https://mstcecommerce.com/auctionhome/coalblock/RenderFileCoalBlock.jsp?file=com-Machhakata-and-Mahanadi.pdf
939,28-07-27,2027,July,Machhakata (Revised),Odisha,Odisha,IX TOP,4.67,4.67,46.31,1104,86,86,20.1,20.1,6.0,6.0,4874,11.7,E-G,E-G,Medium,CMPDI/MSTC — Machhakata Geological Report — DERIVED ANALYTICAL RECORD,SOURCE_DERIVED_ANALYTICAL,https://mstcecommerce.com/auctionhome/coalblock/RenderFileCoalBlock.jsp?file=com-Machhakata-and-Mahanadi.pdf
940,29-07-27,2027,July,Machhakata (Revised),Odisha,Odisha,IX BOT,0.82,0.82,77.56,5055,93,93,12.95,12.95,2.5,2.5,4897,64.48,E-G,E-G,Medium,CMPDI/MSTC — Machhakata Geological Report — DERIVED ANALYTICAL RECORD,SOURCE_DERIVED_ANALYTICAL,https://mstcecommerce.com/auctionhome/coalblock/RenderFileCoalBlock.jsp?file=com-Machhakata-and-Mahanadi.pdf
941,30-07-27,2027,July,Machhakata (Revised),Odisha,Odisha,VIII,3.18,3.18,80.07,11289,76,76,19.0,19.0,4.25,4.25,4920,122.71,F-G,F-G,High,CMPDI/MSTC — Machhakata Geological Report — DERIVED ANALYTICAL RECORD,SOURCE_DERIVED_ANALYTICAL,https://mstcecommerce.com/auctionhome/coalblock/RenderFileCoalBlock.jsp?file=com-Machhakata-and-Mahanadi.pdf
942,31-07-27,2027,July,Machhakata (Revised),Odisha,Odisha,VII TOP,4.35,4.35,114.5,9123,83,83,11.85,11.85,6.0,6.0,4943,120.04,E-G,E-G,High,CMPDI/MSTC — Machhakata Geological Report — DERIVED ANALYTICAL RECORD,SOURCE_DERIVED_ANALYTICAL,https://mstcecommerce.com/auctionhome/coalblock/RenderFileCoalBlock.jsp?file=com-Machhakata-and-Mahanadi.pdf
943,01-08-27,2027,August,Machhakata (Revised),Odisha,Odisha,VII BOT,2.51,2.51,141.22,673,90,90,17.9,17.9,2.5,2.5,4966,7.51,E-G,E-G,High,CMPDI/MSTC — Machhakata Geological Report — DERIVED ANALYTICAL RECORD,SOURCE_DERIVED_ANALYTICAL,https://mstcecommerce.com/auctionhome/coalblock/RenderFileCoalBlock.jsp?file=com-Machhakata-and-Mahanadi.pdf
944,02-08-27,2027,August,Machhakata (Revised),Odisha,Odisha,VI TOP,4.98,4.98,34.23,5960,73,73,10.75,10.75,4.25,4.25,4989,80.98,E-G,E-G,Low,CMPDI/MSTC — Machhakata Geological Report — DERIVED ANALYTICAL RECORD,SOURCE_DERIVED_ANALYTICAL,https://mstcecommerce.com/auctionhome/coalblock/RenderFileCoalBlock.jsp?file=com-Machhakata-and-Mahanadi.pdf
945,03-08-27,2027,August,Machhakata (Revised),Odisha,Odisha,VI BOT,9.11,9.11,74.07,6842,80,80,16.8,16.8,6.0,6.0,5012,78.46,E-G,E-G,Medium,CMPDI/MSTC — Machhakata Geological Report — DERIVED ANALYTICAL RECORD,SOURCE_DERIVED_ANALYTICAL,https://mstcecommerce.com/auctionhome/coalblock/RenderFileCoalBlock.jsp?file=com-Machhakata-and-Mahanadi.pdf
946,04-08-27,2027,August,Machhakata (Revised),Odisha,Odisha,IV/V,4.99,4.99,105.8,4039,87,87,9.65,9.65,2.5,2.5,5035,56.73,D-G,D-G,Medium,CMPDI/MSTC — Machhakata Geological Report — DERIVED ANALYTICAL RECORD,SOURCE_DERIVED_ANALYTICAL,https://mstcecommerce.com/auctionhome/coalblock/RenderFileCoalBlock.jsp?file=com-Machhakata-and-Mahanadi.pdf
947,05-08-27,2027,August,Machhakata (Revised),Odisha,Odisha,III TOP TOP,13.42,13.42,141.48,13401,94,94,15.7,15.7,4.25,4.25,5058,158.03,E-G,E-G,High,CMPDI/MSTC — Machhakata Geological Report — DERIVED ANALYTICAL RECORD,SOURCE_DERIVED_ANALYTICAL,https://mstcecommerce.com/auctionhome/coalblock/RenderFileCoalBlock.jsp?file=com-Machhakata-and-Mahanadi.pdf
948,06-08-27,2027,August,Machhakata (Revised),Odisha,Odisha,III MID,4.73,4.73,191.61,14941,77,77,8.55,8.55,6.0,6.0,5081,217.16,D-G,D-G,High,CMPDI/MSTC — Machhakata Geological Report — DERIVED ANALYTICAL RECORD,SOURCE_DERIVED_ANALYTICAL,https://mstcecommerce.com/auctionhome/coalblock/RenderFileCoalBlock.jsp?file=com-Machhakata-and-Mahanadi.pdf
949,07-08-27,2027,August,Machhakata (Revised),Odisha,Odisha,III BOT TOP,1.68,1.68,64.86,5996,84,84,14.6,14.6,2.5,2.5,5104,72.77,C-G,C-G,Low,CMPDI/MSTC — Machhakata Geological Report — DERIVED ANALYTICAL RECORD,SOURCE_DERIVED_ANALYTICAL,https://mstcecommerce.com/auctionhome/coalblock/RenderFileCoalBlock.jsp?file=com-Machhakata-and-Mahanadi.pdf
950,08-08-27,2027,August,Machhakata (Revised),Odisha,Odisha,III BOT BOT,2.22,2.22,92.88,716,91,91,20.65,20.65,4.25,4.25,5127,10.79,F-G,F-G,Medium,CMPDI/MSTC — Machhakata Geological Report — DERIVED ANALYTICAL RECORD,SOURCE_DERIVED_ANALYTICAL,https://mstcecommerce.com/auctionhome/coalblock/RenderFileCoalBlock.jsp?file=com-Machhakata-and-Mahanadi.pdf
951,09-08-27,2027,August,Machhakata (Revised),Odisha,Odisha,LOCAL 1,1.34,1.34,141.75,1526,74,74,13.5,13.5,6.0,6.0,5150,19.07,D-G,D-G,Medium,CMPDI/MSTC — Machhakata Geological Report — DERIVED ANALYTICAL RECORD,SOURCE_DERIVED_ANALYTICAL,https://mstcecommerce.com/auctionhome/coalblock/RenderFileCoalBlock.jsp?file=com-Machhakata-and-Mahanadi.pdf
952,10-08-27,2027,August,Machhakata (Revised),Odisha,Odisha,LOCAL 2,1.68,1.68,182.04,1367,81,81,19.55,19.55,2.5,2.5,5173,14.61,E-G,E-G,High,CMPDI/MSTC — Machhakata Geological Report — DERIVED ANALYTICAL RECORD,SOURCE_DERIVED_ANALYTICAL,https://mstcecommerce.com/auctionhome/coalblock/RenderFileCoalBlock.jsp?file=com-Machhakata-and-Mahanadi.pdf
953,11-08-27,2027,August,Machhakata (Revised),Odisha,Odisha,II TOP,4.19,4.19,221.29,3342,88,88,12.4,12.4,4.25,4.25,5196,43.07,E-G,E-G,High,CMPDI/MSTC — Machhakata Geological Report — DERIVED ANALYTICAL RECORD,SOURCE_DERIVED_ANALYTICAL,https://mstcecommerce.com/auctionhome/coalblock/RenderFileCoalBlock.jsp?file=com-Machhakata-and-Mahanadi.pdf
954,12-08-27,2027,August,Machhakata (Revised),Odisha,Odisha,II MID,2.06,2.06,25.65,748,95,95,18.45,18.45,6.0,6.0,5219,8.2,E-G,E-G,Low,CMPDI/MSTC — Machhakata Geological Report — DERIVED ANALYTICAL RECORD,SOURCE_DERIVED_ANALYTICAL,https://mstcecommerce.com/auctionhome/coalblock/RenderFileCoalBlock.jsp?file=com-Machhakata-and-Mahanadi.pdf
955,13-08-27,2027,August,Machhakata (Revised),Odisha,Odisha,II BOT,0.12,0.12,127.28,448,78,78,11.3,11.3,2.5,2.5,5242,5.96,D-G,D-G,Medium,CMPDI/MSTC — Machhakata Geological Report — DERIVED ANALYTICAL RECORD,SOURCE_DERIVED_ANALYTICAL,https://mstcecommerce.com/auctionhome/coalblock/RenderFileCoalBlock.jsp?file=com-Machhakata-and-Mahanadi.pdf
956,14-08-27,2027,August,Machhakata (Revised),Odisha,Odisha,I A TOP,0.57,0.57,173.38,1085,85,85,17.35,17.35,4.25,4.25,5265,12.22,E-G,E-G,High,CMPDI/MSTC — Machhakata Geological Report — DERIVED ANALYTICAL RECORD,SOURCE_DERIVED_ANALYTICAL,https://mstcecommerce.com/auctionhome/coalblock/RenderFileCoalBlock.jsp?file=com-Machhakata-and-Mahanadi.pdf
957,15-08-27,2027,August,Machhakata (Revised),Odisha,Odisha,I A BOT,1.52,1.52,193.94,2797,92,92,10.2,10.2,6.0,6.0,5288,38.42,D-G,D-G,High,CMPDI/MSTC — Machhakata Geological Report — DERIVED ANALYTICAL RECORD,SOURCE_DERIVED_ANALYTICAL,https://mstcecommerce.com/auctionhome/coalblock/RenderFileCoalBlock.jsp?file=com-Machhakata-and-Mahanadi.pdf
958,16-08-27,2027,August,Machhakata (Revised),Odisha,Odisha,I B,5.93,5.93,228.78,15568,75,75,16.25,16.25,2.5,2.5,5311,180.18,C-G,C-G,High,CMPDI/MSTC — Machhakata Geological Report — DERIVED ANALYTICAL RECORD,SOURCE_DERIVED_ANALYTICAL,https://mstcecommerce.com/auctionhome/coalblock/RenderFileCoalBlock.jsp?file=com-Machhakata-and-Mahanadi.pdf
959,17-08-27,2027,August,Machhakata (Revised),Odisha,Odisha,I C,2.67,2.67,135.39,660,82,82,9.1,9.1,4.25,4.25,5334,9.37,C-G,C-G,Medium,CMPDI/MSTC — Machhakata Geological Report — DERIVED ANALYTICAL RECORD,SOURCE_DERIVED_ANALYTICAL,https://mstcecommerce.com/auctionhome/coalblock/RenderFileCoalBlock.jsp?file=com-Machhakata-and-Mahanadi.pdf
960,18-08-27,2027,August,Machhakata (Revised),Odisha,Odisha,I D,5.91,5.91,170.05,4392,89,89,15.15,15.15,6.0,6.0,5357,52.29,B-G,B-G,Medium,CMPDI/MSTC — Machhakata Geological Report — DERIVED ANALYTICAL RECORD,SOURCE_DERIVED_ANALYTICAL,https://mstcecommerce.com/auctionhome/coalblock/RenderFileCoalBlock.jsp?file=com-Machhakata-and-Mahanadi.pdf
961,19-08-27,2027,August,Machhakata (Revised),Odisha,Odisha,XI,5.86,5.86,65.57,732,72,72,8.0,8.0,2.5,2.5,5380,10.77,E-G,E-G,Medium,CMPDI/MSTC — Machhakata Geological Report — DERIVED ANALYTICAL RECORD,SOURCE_DERIVED_ANALYTICAL,https://mstcecommerce.com/auctionhome/coalblock/RenderFileCoalBlock.jsp?file=com-Machhakata-and-Mahanadi.pdf
962,20-08-27,2027,August,Machhakata (Revised),Odisha,Odisha,X,3.51,3.51,92.74,419,79,79,14.05,14.05,4.25,4.25,5403,5.13,E-G,E-G,Medium,CMPDI/MSTC — Machhakata Geological Report — DERIVED ANALYTICAL RECORD,SOURCE_DERIVED_ANALYTICAL,https://mstcecommerce.com/auctionhome/coalblock/RenderFileCoalBlock.jsp?file=com-Machhakata-and-Mahanadi.pdf
963,21-08-27,2027,August,Machhakata (Revised),Odisha,Odisha,IX TOP,0.39,0.39,128.56,768,86,86,20.1,20.1,6.0,6.0,5426,11.7,E-G,E-G,High,CMPDI/MSTC — Machhakata Geological Report — DERIVED ANALYTICAL RECORD,SOURCE_DERIVED_ANALYTICAL,https://mstcecommerce.com/auctionhome/coalblock/RenderFileCoalBlock.jsp?file=com-Machhakata-and-Mahanadi.pdf
964,22-08-27,2027,August,Machhakata (Revised),Odisha,Odisha,IX BOT,1.53,1.53,163.37,5107,93,93,12.95,12.95,2.5,2.5,5449,64.48,E-G,E-G,High,CMPDI/MSTC — Machhakata Geological Report — DERIVED ANALYTICAL RECORD,SOURCE_DERIVED_ANALYTICAL,https://mstcecommerce.com/auctionhome/coalblock/RenderFileCoalBlock.jsp?file=com-Machhakata-and-Mahanadi.pdf
965,23-08-27,2027,August,Machhakata (Revised),Odisha,Odisha,VIII,4.79,4.79,33.2,11387,76,76,19.0,19.0,4.25,4.25,5472,122.71,F-G,F-G,Medium,CMPDI/MSTC — Machhakata Geological Report — DERIVED ANALYTICAL RECORD,SOURCE_DERIVED_ANALYTICAL,https://mstcecommerce.com/auctionhome/coalblock/RenderFileCoalBlock.jsp?file=com-Machhakata-and-Mahanadi.pdf
966,24-08-27,2027,August,Machhakata (Revised),Odisha,Odisha,VII TOP,5.83,5.83,59.08,9219,83,83,11.85,11.85,6.0,6.0,5495,120.04,E-G,E-G,Medium,CMPDI/MSTC — Machhakata Geological Report — DERIVED ANALYTICAL RECORD,SOURCE_DERIVED_ANALYTICAL,https://mstcecommerce.com/auctionhome/coalblock/RenderFileCoalBlock.jsp?file=com-Machhakata-and-Mahanadi.pdf
967,25-08-27,2027,August,Machhakata (Revised),Odisha,Odisha,VII BOT,3.14,3.14,85.36,679,90,90,17.9,17.9,2.5,2.5,5518,7.51,E-G,E-G,Medium,CMPDI/MSTC — Machhakata Geological Report — DERIVED ANALYTICAL RECORD,SOURCE_DERIVED_ANALYTICAL,https://mstcecommerce.com/auctionhome/coalblock/RenderFileCoalBlock.jsp?file=com-Machhakata-and-Mahanadi.pdf
968,26-08-27,2027,August,Machhakata (Revised),Odisha,Odisha,VI TOP,5.93,5.93,113.69,6025,73,73,10.75,10.75,4.25,4.25,5541,80.98,E-G,E-G,High,CMPDI/MSTC — Machhakata Geological Report — DERIVED ANALYTICAL RECORD,SOURCE_DERIVED_ANALYTICAL,https://mstcecommerce.com/auctionhome/coalblock/RenderFileCoalBlock.jsp?file=com-Machhakata-and-Mahanadi.pdf
969,27-08-27,2027,August,Machhakata (Revised),Odisha,Odisha,VI BOT,10.6,10.6,161.95,6904,80,80,16.8,16.8,6.0,6.0,5564,78.46,E-G,E-G,High,CMPDI/MSTC — Machhakata Geological Report — DERIVED ANALYTICAL RECORD,SOURCE_DERIVED_ANALYTICAL,https://mstcecommerce.com/auctionhome/coalblock/RenderFileCoalBlock.jsp?file=com-Machhakata-and-Mahanadi.pdf
970,28-08-27,2027,August,Machhakata (Revised),Odisha,Odisha,IV/V,5.68,5.68,36.96,4085,87,87,9.65,9.65,2.5,2.5,5587,56.73,D-G,D-G,Low,CMPDI/MSTC — Machhakata Geological Report — DERIVED ANALYTICAL RECORD,SOURCE_DERIVED_ANALYTICAL,https://mstcecommerce.com/auctionhome/coalblock/RenderFileCoalBlock.jsp?file=com-Machhakata-and-Mahanadi.pdf
971,29-08-27,2027,August,Machhakata (Revised),Odisha,Odisha,III TOP TOP,3.39,3.39,74.6,13527,94,94,15.7,15.7,4.25,4.25,5610,158.03,E-G,E-G,Medium,CMPDI/MSTC — Machhakata Geological Report — DERIVED ANALYTICAL RECORD,SOURCE_DERIVED_ANALYTICAL,https://mstcecommerce.com/auctionhome/coalblock/RenderFileCoalBlock.jsp?file=com-Machhakata-and-Mahanadi.pdf
972,30-08-27,2027,August,Machhakata (Revised),Odisha,Odisha,III MID,5.55,5.55,120.67,15114,77,77,8.55,8.55,6.0,6.0,5633,217.16,D-G,D-G,Medium,CMPDI/MSTC — Machhakata Geological Report — DERIVED ANALYTICAL RECORD,SOURCE_DERIVED_ANALYTICAL,https://mstcecommerce.com/auctionhome/coalblock/RenderFileCoalBlock.jsp?file=com-Machhakata-and-Mahanadi.pdf
973,31-08-27,2027,August,Machhakata (Revised),Odisha,Odisha,III BOT TOP,2.33,2.33,154.58,6054,84,84,14.6,14.6,2.5,2.5,5656,72.77,C-G,C-G,High,CMPDI/MSTC — Machhakata Geological Report — DERIVED ANALYTICAL RECORD,SOURCE_DERIVED_ANALYTICAL,https://mstcecommerce.com/auctionhome/coalblock/RenderFileCoalBlock.jsp?file=com-Machhakata-and-Mahanadi.pdf
974,01-09-27,2027,September,Machhakata (Revised),Odisha,Odisha,III BOT BOT,2.92,2.92,179.36,725,91,91,20.65,20.65,4.25,4.25,5679,10.79,F-G,F-G,High,CMPDI/MSTC — Machhakata Geological Report — DERIVED ANALYTICAL RECORD,SOURCE_DERIVED_ANALYTICAL,https://mstcecommerce.com/auctionhome/coalblock/RenderFileCoalBlock.jsp?file=com-Machhakata-and-Mahanadi.pdf
975,02-09-27,2027,September,Machhakata (Revised),Odisha,Odisha,LOCAL 1,1.64,1.64,61.27,1541,74,74,13.5,13.5,6.0,6.0,5702,19.07,D-G,D-G,Low,CMPDI/MSTC — Machhakata Geological Report — DERIVED ANALYTICAL RECORD,SOURCE_DERIVED_ANALYTICAL,https://mstcecommerce.com/auctionhome/coalblock/RenderFileCoalBlock.jsp?file=com-Machhakata-and-Mahanadi.pdf
976,03-09-27,2027,September,Machhakata (Revised),Odisha,Odisha,LOCAL 2,1.99,1.99,105.56,1379,81,81,19.55,19.55,2.5,2.5,5725,14.61,E-G,E-G,Medium,CMPDI/MSTC — Machhakata Geological Report — DERIVED ANALYTICAL RECORD,SOURCE_DERIVED_ANALYTICAL,https://mstcecommerce.com/auctionhome/coalblock/RenderFileCoalBlock.jsp?file=com-Machhakata-and-Mahanadi.pdf
977,04-09-27,2027,September,Machhakata (Revised),Odisha,Odisha,II TOP,4.83,4.83,145.67,3377,88,88,12.4,12.4,4.25,4.25,5748,43.07,E-G,E-G,Medium,CMPDI/MSTC — Machhakata Geological Report — DERIVED ANALYTICAL RECORD,SOURCE_DERIVED_ANALYTICAL,https://mstcecommerce.com/auctionhome/coalblock/RenderFileCoalBlock.jsp?file=com-Machhakata-and-Mahanadi.pdf
978,05-09-27,2027,September,Machhakata (Revised),Odisha,Odisha,II MID,0.08,0.08,159.22,754,95,95,18.45,18.45,6.0,6.0,5771,8.2,E-G,E-G,Medium,CMPDI/MSTC — Machhakata Geological Report — DERIVED ANALYTICAL RECORD,SOURCE_DERIVED_ANALYTICAL,https://mstcecommerce.com/auctionhome/coalblock/RenderFileCoalBlock.jsp?file=com-Machhakata-and-Mahanadi.pdf
979,06-09-27,2027,September,Machhakata (Revised),Odisha,Odisha,II BOT,0.45,0.45,207.83,453,78,78,11.3,11.3,2.5,2.5,5794,5.96,D-G,D-G,High,CMPDI/MSTC — Machhakata Geological Report — DERIVED ANALYTICAL RECORD,SOURCE_DERIVED_ANALYTICAL,https://mstcecommerce.com/auctionhome/coalblock/RenderFileCoalBlock.jsp?file=com-Machhakata-and-Mahanadi.pdf
980,07-09-27,2027,September,Machhakata (Revised),Odisha,Odisha,I A TOP,0.88,0.88,125.89,1095,85,85,17.35,17.35,4.25,4.25,4317,12.22,E-G,E-G,Medium,CMPDI/MSTC — Machhakata Geological Report — DERIVED ANALYTICAL RECORD,SOURCE_DERIVED_ANALYTICAL,https://mstcecommerce.com/auctionhome/coalblock/RenderFileCoalBlock.jsp?file=com-Machhakata-and-Mahanadi.pdf
981,08-09-27,2027,September,Machhakata (Revised),Odisha,Odisha,I A BOT,2.13,2.13,138.69,2828,92,92,10.2,10.2,6.0,6.0,4340,38.42,D-G,D-G,Medium,CMPDI/MSTC — Machhakata Geological Report — DERIVED ANALYTICAL RECORD,SOURCE_DERIVED_ANALYTICAL,https://mstcecommerce.com/auctionhome/coalblock/RenderFileCoalBlock.jsp?file=com-Machhakata-and-Mahanadi.pdf
982,09-09-27,2027,September,Machhakata (Revised),Odisha,Odisha,I B,7.19,7.19,173.85,15712,75,75,16.25,16.25,2.5,2.5,4363,180.18,C-G,C-G,High,CMPDI/MSTC — Machhakata Geological Report — DERIVED ANALYTICAL RECORD,SOURCE_DERIVED_ANALYTICAL,https://mstcecommerce.com/auctionhome/coalblock/RenderFileCoalBlock.jsp?file=com-Machhakata-and-Mahanadi.pdf
983,10-09-27,2027,September,Machhakata (Revised),Odisha,Odisha,I C,3.24,3.24,205.85,667,82,82,9.1,9.1,4.25,4.25,4386,9.37,C-G,C-G,High,CMPDI/MSTC — Machhakata Geological Report — DERIVED ANALYTICAL RECORD,SOURCE_DERIVED_ANALYTICAL,https://mstcecommerce.com/auctionhome/coalblock/RenderFileCoalBlock.jsp?file=com-Machhakata-and-Mahanadi.pdf
984,11-09-27,2027,September,Machhakata (Revised),Odisha,Odisha,I D,6.95,6.95,242.18,4434,89,89,15.15,15.15,6.0,6.0,4409,52.29,B-G,B-G,High,CMPDI/MSTC — Machhakata Geological Report — DERIVED ANALYTICAL RECORD,SOURCE_DERIVED_ANALYTICAL,https://mstcecommerce.com/auctionhome/coalblock/RenderFileCoalBlock.jsp?file=com-Machhakata-and-Mahanadi.pdf
985,12-09-27,2027,September,Machhakata (Revised),Odisha,Odisha,XI,6.7,6.7,134.46,741,72,72,8.0,8.0,2.5,2.5,4432,10.77,E-G,E-G,High,CMPDI/MSTC — Machhakata Geological Report — DERIVED ANALYTICAL RECORD,SOURCE_DERIVED_ANALYTICAL,https://mstcecommerce.com/auctionhome/coalblock/RenderFileCoalBlock.jsp?file=com-Machhakata-and-Mahanadi.pdf
986,13-09-27,2027,September,Machhakata (Revised),Odisha,Odisha,X,0.3,0.3,34.4,423,79,79,14.05,14.05,4.25,4.25,4455,5.13,E-G,E-G,Low,CMPDI/MSTC — Machhakata Geological Report — DERIVED ANALYTICAL RECORD,SOURCE_DERIVED_ANALYTICAL,https://mstcecommerce.com/auctionhome/coalblock/RenderFileCoalBlock.jsp?file=com-Machhakata-and-Mahanadi.pdf
987,14-09-27,2027,September,Machhakata (Revised),Odisha,Odisha,IX TOP,0.97,0.97,63.94,777,86,86,20.1,20.1,6.0,6.0,4478,11.7,E-G,E-G,Medium,CMPDI/MSTC — Machhakata Geological Report — DERIVED ANALYTICAL RECORD,SOURCE_DERIVED_ANALYTICAL,https://mstcecommerce.com/auctionhome/coalblock/RenderFileCoalBlock.jsp?file=com-Machhakata-and-Mahanadi.pdf
988,15-09-27,2027,September,Machhakata (Revised),Odisha,Odisha,IX BOT,2.25,2.25,95.95,5158,93,93,12.95,12.95,2.5,2.5,4501,64.48,E-G,E-G,Medium,CMPDI/MSTC — Machhakata Geological Report — DERIVED ANALYTICAL RECORD,SOURCE_DERIVED_ANALYTICAL,https://mstcecommerce.com/auctionhome/coalblock/RenderFileCoalBlock.jsp?file=com-Machhakata-and-Mahanadi.pdf
989,16-09-27,2027,September,Machhakata (Revised),Odisha,Odisha,VIII,6.4,6.4,92.85,11486,76,76,19.0,19.0,4.25,4.25,4524,122.71,F-G,F-G,High,CMPDI/MSTC — Machhakata Geological Report — DERIVED ANALYTICAL RECORD,SOURCE_DERIVED_ANALYTICAL,https://mstcecommerce.com/auctionhome/coalblock/RenderFileCoalBlock.jsp?file=com-Machhakata-and-Mahanadi.pdf
990,17-09-27,2027,September,Machhakata (Revised),Odisha,Odisha,VII TOP,7.31,7.31,129.61,9315,83,83,11.85,11.85,6.0,6.0,4547,120.04,E-G,E-G,High,CMPDI/MSTC — Machhakata Geological Report — DERIVED ANALYTICAL RECORD,SOURCE_DERIVED_ANALYTICAL,https://mstcecommerce.com/auctionhome/coalblock/RenderFileCoalBlock.jsp?file=com-Machhakata-and-Mahanadi.pdf
991,18-09-27,2027,September,Machhakata (Revised),Odisha,Odisha,VII BOT,3.78,3.78,29.5,685,90,90,17.9,17.9,2.5,2.5,4570,7.51,E-G,E-G,Low,CMPDI/MSTC — Machhakata Geological Report — DERIVED ANALYTICAL RECORD,SOURCE_DERIVED_ANALYTICAL,https://mstcecommerce.com/auctionhome/coalblock/RenderFileCoalBlock.jsp?file=com-Machhakata-and-Mahanadi.pdf
992,19-09-27,2027,September,Machhakata (Revised),Odisha,Odisha,VI TOP,6.87,6.87,51.26,6090,73,73,10.75,10.75,4.25,4.25,4593,80.98,E-G,E-G,Low,CMPDI/MSTC — Machhakata Geological Report — DERIVED ANALYTICAL RECORD,SOURCE_DERIVED_ANALYTICAL,https://mstcecommerce.com/auctionhome/coalblock/RenderFileCoalBlock.jsp?file=com-Machhakata-and-Mahanadi.pdf
993,20-09-27,2027,September,Machhakata (Revised),Odisha,Odisha,VI BOT,12.08,12.08,92.9,6967,80,80,16.8,16.8,6.0,6.0,4616,78.46,E-G,E-G,Medium,CMPDI/MSTC — Machhakata Geological Report — DERIVED ANALYTICAL RECORD,SOURCE_DERIVED_ANALYTICAL,https://mstcecommerce.com/auctionhome/coalblock/RenderFileCoalBlock.jsp?file=com-Machhakata-and-Mahanadi.pdf
994,21-09-27,2027,September,Machhakata (Revised),Odisha,Odisha,IV/V,0.64,0.64,124.57,4130,87,87,9.65,9.65,2.5,2.5,4639,56.73,D-G,D-G,Medium,CMPDI/MSTC — Machhakata Geological Report — DERIVED ANALYTICAL RECORD,SOURCE_DERIVED_ANALYTICAL,https://mstcecommerce.com/auctionhome/coalblock/RenderFileCoalBlock.jsp?file=com-Machhakata-and-Mahanadi.pdf
995,22-09-27,2027,September,Machhakata (Revised),Odisha,Odisha,III TOP TOP,4.76,4.76,159.72,13654,94,94,15.7,15.7,4.25,4.25,4662,158.03,E-G,E-G,High,CMPDI/MSTC — Machhakata Geological Report — DERIVED ANALYTICAL RECORD,SOURCE_DERIVED_ANALYTICAL,https://mstcecommerce.com/auctionhome/coalblock/RenderFileCoalBlock.jsp?file=com-Machhakata-and-Mahanadi.pdf
996,23-09-27,2027,September,Machhakata (Revised),Odisha,Odisha,III MID,6.37,6.37,49.72,15288,77,77,8.55,8.55,6.0,6.0,4685,217.16,D-G,D-G,Low,CMPDI/MSTC — Machhakata Geological Report — DERIVED ANALYTICAL RECORD,SOURCE_DERIVED_ANALYTICAL,https://mstcecommerce.com/auctionhome/coalblock/RenderFileCoalBlock.jsp?file=com-Machhakata-and-Mahanadi.pdf
997,24-09-27,2027,September,Machhakata (Revised),Odisha,Odisha,III BOT TOP,2.99,2.99,84.08,6113,84,84,14.6,14.6,2.5,2.5,4708,72.77,C-G,C-G,Medium,CMPDI/MSTC — Machhakata Geological Report — DERIVED ANALYTICAL RECORD,SOURCE_DERIVED_ANALYTICAL,https://mstcecommerce.com/auctionhome/coalblock/RenderFileCoalBlock.jsp?file=com-Machhakata-and-Mahanadi.pdf
998,25-09-27,2027,September,Machhakata (Revised),Odisha,Odisha,III BOT BOT,3.62,3.62,111.41,734,91,91,20.65,20.65,4.25,4.25,4731,10.79,F-G,F-G,Medium,CMPDI/MSTC — Machhakata Geological Report — DERIVED ANALYTICAL RECORD,SOURCE_DERIVED_ANALYTICAL,https://mstcecommerce.com/auctionhome/coalblock/RenderFileCoalBlock.jsp?file=com-Machhakata-and-Mahanadi.pdf
999,26-09-27,2027,September,Machhakata (Revised),Odisha,Odisha,LOCAL 1,1.95,1.95,163.69,1556,74,74,13.5,13.5,6.0,6.0,4754,19.07,D-G,D-G,High,CMPDI/MSTC — Machhakata Geological Report — DERIVED ANALYTICAL RECORD,SOURCE_DERIVED_ANALYTICAL,https://mstcecommerce.com/auctionhome/coalblock/RenderFileCoalBlock.jsp?file=com-Machhakata-and-Mahanadi.pdf
1000,27-09-27,2027,September,Machhakata (Revised),Odisha,Odisha,LOCAL 2,2.29,2.29,202.89,958,81,81,19.55,19.55,2.5,2.5,4777,14.61,E-G,E-G,High,CMPDI/MSTC — Machhakata Geological Report — DERIVED ANALYTICAL RECORD,SOURCE_DERIVED_ANALYTICAL,https://mstcecommerce.com/auctionhome/coalblock/RenderFileCoalBlock.jsp?file=com-Machhakata-and-Mahanadi.pdf
1001,28-09-27,2027,September,Machhakata (Revised),Odisha,Odisha,II TOP,0.12,0.12,70.05,3411,88,88,12.4,12.4,4.25,4.25,4800,43.07,E-G,E-G,Low,CMPDI/MSTC — Machhakata Geological Report — DERIVED ANALYTICAL RECORD,SOURCE_DERIVED_ANALYTICAL,https://mstcecommerce.com/auctionhome/coalblock/RenderFileCoalBlock.jsp?file=com-Machhakata-and-Mahanadi.pdf
1002,29-09-27,2027,September,Machhakata (Revised),Odisha,Odisha,II MID,0.35,0.35,54.27,761,95,95,18.45,18.45,6.0,6.0,4823,8.2,E-G,E-G,Low,CMPDI/MSTC — Machhakata Geological Report — DERIVED ANALYTICAL RECORD,SOURCE_DERIVED_ANALYTICAL,https://mstcecommerce.com/auctionhome/coalblock/RenderFileCoalBlock.jsp?file=com-Machhakata-and-Mahanadi.pdf
1003,30-09-27,2027,September,Machhakata (Revised),Odisha,Odisha,II BOT,0.77,0.77,144.54,458,78,78,11.3,11.3,2.5,2.5,4846,5.96,D-G,D-G,Medium,CMPDI/MSTC — Machhakata Geological Report — DERIVED ANALYTICAL RECORD,SOURCE_DERIVED_ANALYTICAL,https://mstcecommerce.com/auctionhome/coalblock/RenderFileCoalBlock.jsp?file=com-Machhakata-and-Mahanadi.pdf
1004,01-10-27,2027,October,Machhakata (Revised),Odisha,Odisha,I A TOP,1.18,1.18,186.34,1105,85,85,17.35,17.35,4.25,4.25,4869,12.22,E-G,E-G,High,CMPDI/MSTC — Machhakata Geological Report — DERIVED ANALYTICAL RECORD,SOURCE_DERIVED_ANALYTICAL,https://mstcecommerce.com/auctionhome/coalblock/RenderFileCoalBlock.jsp?file=com-Machhakata-and-Mahanadi.pdf
1005,02-10-27,2027,October,Machhakata (Revised),Odisha,Odisha,I A BOT,2.74,2.74,209.01,2858,92,92,10.2,10.2,6.0,6.0,4892,38.42,D-G,D-G,High,CMPDI/MSTC — Machhakata Geological Report — DERIVED ANALYTICAL RECORD,SOURCE_DERIVED_ANALYTICAL,https://mstcecommerce.com/auctionhome/coalblock/RenderFileCoalBlock.jsp?file=com-Machhakata-and-Mahanadi.pdf
1006,03-10-27,2027,October,Machhakata (Revised),Odisha,Odisha,I B,8.46,8.46,243.76,15856,75,75,16.25,16.25,2.5,2.5,4915,180.18,C-G,C-G,High,CMPDI/MSTC — Machhakata Geological Report — DERIVED ANALYTICAL RECORD,SOURCE_DERIVED_ANALYTICAL,https://mstcecommerce.com/auctionhome/coalblock/RenderFileCoalBlock.jsp?file=com-Machhakata-and-Mahanadi.pdf
1007,04-10-27,2027,October,Machhakata (Revised),Odisha,Odisha,I C,3.81,3.81,150.49,675,82,82,9.1,9.1,4.25,4.25,4938,9.37,C-G,C-G,Medium,CMPDI/MSTC — Machhakata Geological Report — DERIVED ANALYTICAL RECORD,SOURCE_DERIVED_ANALYTICAL,https://mstcecommerce.com/auctionhome/coalblock/RenderFileCoalBlock.jsp?file=com-Machhakata-and-Mahanadi.pdf
1008,05-10-27,2027,October,Machhakata (Revised),Odisha,Odisha,I D,7.99,7.99,185.5,4476,89,89,15.15,15.15,6.0,6.0,4961,52.29,B-G,B-G,Medium,CMPDI/MSTC — Machhakata Geological Report — DERIVED ANALYTICAL RECORD,SOURCE_DERIVED_ANALYTICAL,https://mstcecommerce.com/auctionhome/coalblock/RenderFileCoalBlock.jsp?file=com-Machhakata-and-Mahanadi.pdf
1009,06-10-27,2027,October,Machhakata (Revised),Odisha,Odisha,XI,0.48,0.48,80.34,750,72,72,8.0,8.0,2.5,2.5,4984,10.77,E-G,E-G,Medium,CMPDI/MSTC — Machhakata Geological Report — DERIVED ANALYTICAL RECORD,SOURCE_DERIVED_ANALYTICAL,https://mstcecommerce.com/auctionhome/coalblock/RenderFileCoalBlock.jsp?file=com-Machhakata-and-Mahanadi.pdf
1010,07-10-27,2027,October,Machhakata (Revised),Odisha,Odisha,X,0.74,0.74,108.65,427,79,79,14.05,14.05,4.25,4.25,5007,5.13,E-G,E-G,High,CMPDI/MSTC — Machhakata Geological Report — DERIVED ANALYTICAL RECORD,SOURCE_DERIVED_ANALYTICAL,https://mstcecommerce.com/auctionhome/coalblock/RenderFileCoalBlock.jsp?file=com-Machhakata-and-Mahanadi.pdf
1011,08-10-27,2027,October,Machhakata (Revised),Odisha,Odisha,IX TOP,1.56,1.56,146.18,786,86,86,20.1,20.1,6.0,6.0,5030,11.7,E-G,E-G,High,CMPDI/MSTC — Machhakata Geological Report — DERIVED ANALYTICAL RECORD,SOURCE_DERIVED_ANALYTICAL,https://mstcecommerce.com/auctionhome/coalblock/RenderFileCoalBlock.jsp?file=com-Machhakata-and-Mahanadi.pdf
1012,09-10-27,2027,October,Machhakata (Revised),Odisha,Odisha,IX BOT,2.97,2.97,28.53,5210,93,93,12.95,12.95,2.5,2.5,5053,64.48,E-G,E-G,Low,CMPDI/MSTC — Machhakata Geological Report — DERIVED ANALYTICAL RECORD,SOURCE_DERIVED_ANALYTICAL,https://mstcecommerce.com/auctionhome/coalblock/RenderFileCoalBlock.jsp?file=com-Machhakata-and-Mahanadi.pdf
1013,10-10-27,2027,October,Machhakata (Revised),Odisha,Odisha,VIII,8.01,8.01,45.99,11584,76,76,19.0,19.0,4.25,4.25,5076,122.71,F-G,F-G,Medium,CMPDI/MSTC — Machhakata Geological Report — DERIVED ANALYTICAL RECORD,SOURCE_DERIVED_ANALYTICAL,https://mstcecommerce.com/auctionhome/coalblock/RenderFileCoalBlock.jsp?file=com-Machhakata-and-Mahanadi.pdf
1014,11-10-27,2027,October,Machhakata (Revised),Odisha,Odisha,VII TOP,8.78,8.78,74.2,9411,83,83,11.85,11.85,6.0,6.0,5099,120.04,E-G,E-G,Medium,CMPDI/MSTC — Machhakata Geological Report — DERIVED ANALYTICAL RECORD,SOURCE_DERIVED_ANALYTICAL,https://mstcecommerce.com/auctionhome/coalblock/RenderFileCoalBlock.jsp?file=com-Machhakata-and-Mahanadi.pdf
1015,12-10-27,2027,October,Machhakata (Revised),Odisha,Odisha,VII BOT,4.42,4.42,100.6,691,90,90,17.9,17.9,2.5,2.5,5122,7.51,E-G,E-G,High,CMPDI/MSTC — Machhakata Geological Report — DERIVED ANALYTICAL RECORD,SOURCE_DERIVED_ANALYTICAL,https://mstcecommerce.com/auctionhome/coalblock/RenderFileCoalBlock.jsp?file=com-Machhakata-and-Mahanadi.pdf
1016,13-10-27,2027,October,Machhakata (Revised),Odisha,Odisha,VI TOP,7.82,7.82,130.72,6154,73,73,10.75,10.75,4.25,4.25,5145,80.98,E-G,E-G,High,CMPDI/MSTC — Machhakata Geological Report — DERIVED ANALYTICAL RECORD,SOURCE_DERIVED_ANALYTICAL,https://mstcecommerce.com/auctionhome/coalblock/RenderFileCoalBlock.jsp?file=com-Machhakata-and-Mahanadi.pdf
1017,14-10-27,2027,October,Machhakata (Revised),Odisha,Odisha,VI BOT,1.19,1.19,23.85,7030,80,80,16.8,16.8,6.0,6.0,5168,78.46,E-G,E-G,Low,CMPDI/MSTC — Machhakata Geological Report — DERIVED ANALYTICAL RECORD,SOURCE_DERIVED_ANALYTICAL,https://mstcecommerce.com/auctionhome/coalblock/RenderFileCoalBlock.jsp?file=com-Machhakata-and-Mahanadi.pdf
1018,15-10-27,2027,October,Machhakata (Revised),Odisha,Odisha,IV/V,1.33,1.33,55.73,4175,87,87,9.65,9.65,2.5,2.5,5191,56.73,D-G,D-G,Low,CMPDI/MSTC — Machhakata Geological Report — DERIVED ANALYTICAL RECORD,SOURCE_DERIVED_ANALYTICAL,https://mstcecommerce.com/auctionhome/coalblock/RenderFileCoalBlock.jsp?file=com-Machhakata-and-Mahanadi.pdf
1019,16-10-27,2027,October,Machhakata (Revised),Odisha,Odisha,III TOP TOP,6.13,6.13,92.84,13780,94,94,15.7,15.7,4.25,4.25,5214,158.03,E-G,E-G,Medium,CMPDI/MSTC — Machhakata Geological Report — DERIVED ANALYTICAL RECORD,SOURCE_DERIVED_ANALYTICAL,https://mstcecommerce.com/auctionhome/coalblock/RenderFileCoalBlock.jsp?file=com-Machhakata-and-Mahanadi.pdf
1020,17-10-27,2027,October,Machhakata (Revised),Odisha,Odisha,III MID,7.19,7.19,140.02,15462,77,77,8.55,8.55,6.0,6.0,5237,217.16,D-G,D-G,Medium,CMPDI/MSTC — Machhakata Geological Report — DERIVED ANALYTICAL RECORD,SOURCE_DERIVED_ANALYTICAL,https://mstcecommerce.com/auctionhome/coalblock/RenderFileCoalBlock.jsp?file=com-Machhakata-and-Mahanadi.pdf
1021,18-10-27,2027,October,Machhakata (Revised),Odisha,Odisha,III BOT TOP,3.65,3.65,173.81,6171,84,84,14.6,14.6,2.5,2.5,5260,72.77,C-G,C-G,High,CMPDI/MSTC — Machhakata Geological Report — DERIVED ANALYTICAL RECORD,SOURCE_DERIVED_ANALYTICAL,https://mstcecommerce.com/auctionhome/coalblock/RenderFileCoalBlock.jsp?file=com-Machhakata-and-Mahanadi.pdf
1022,19-10-27,2027,October,Machhakata (Revised),Odisha,Odisha,III BOT BOT,4.33,4.33,197.9,742,91,91,20.65,20.65,4.25,4.25,5283,10.79,F-G,F-G,High,CMPDI/MSTC — Machhakata Geological Report — DERIVED ANALYTICAL RECORD,SOURCE_DERIVED_ANALYTICAL,https://mstcecommerce.com/auctionhome/coalblock/RenderFileCoalBlock.jsp?file=com-Machhakata-and-Mahanadi.pdf
1023,20-10-27,2027,October,Machhakata (Revised),Odisha,Odisha,LOCAL 1,2.26,2.26,83.22,1571,74,74,13.5,13.5,6.0,6.0,5306,19.07,D-G,D-G,Medium,CMPDI/MSTC — Machhakata Geological Report — DERIVED ANALYTICAL RECORD,SOURCE_DERIVED_ANALYTICAL,https://mstcecommerce.com/auctionhome/coalblock/RenderFileCoalBlock.jsp?file=com-Machhakata-and-Mahanadi.pdf
1024,21-10-27,2027,October,Machhakata (Revised),Odisha,Odisha,LOCAL 2,2.59,2.59,126.41,970,81,81,19.55,19.55,2.5,2.5,5329,14.61,E-G,E-G,Medium,CMPDI/MSTC — Machhakata Geological Report — DERIVED ANALYTICAL RECORD,SOURCE_DERIVED_ANALYTICAL,https://mstcecommerce.com/auctionhome/coalblock/RenderFileCoalBlock.jsp?file=com-Machhakata-and-Mahanadi.pdf
1025,22-10-27,2027,October,Machhakata (Revised),Odisha,Odisha,II TOP,0.76,0.76,166.29,3446,88,88,12.4,12.4,4.25,4.25,5352,43.07,E-G,E-G,Medium,CMPDI/MSTC — Machhakata Geological Report — DERIVED ANALYTICAL RECORD,SOURCE_DERIVED_ANALYTICAL,https://mstcecommerce.com/auctionhome/coalblock/RenderFileCoalBlock.jsp?file=com-Machhakata-and-Mahanadi.pdf
1026,23-10-27,2027,October,Machhakata (Revised),Odisha,Odisha,II MID,0.62,0.62,187.85,768,95,95,18.45,18.45,6.0,6.0,5375,8.2,E-G,E-G,High,CMPDI/MSTC — Machhakata Geological Report — DERIVED ANALYTICAL RECORD,SOURCE_DERIVED_ANALYTICAL,https://mstcecommerce.com/auctionhome/coalblock/RenderFileCoalBlock.jsp?file=com-Machhakata-and-Mahanadi.pdf
1027,24-10-27,2027,October,Machhakata (Revised),Odisha,Odisha,II BOT,1.09,1.09,225.09,462,78,78,11.3,11.3,2.5,2.5,5398,5.96,D-G,D-G,High,CMPDI/MSTC — Machhakata Geological Report — DERIVED ANALYTICAL RECORD,SOURCE_DERIVED_ANALYTICAL,https://mstcecommerce.com/auctionhome/coalblock/RenderFileCoalBlock.jsp?file=com-Machhakata-and-Mahanadi.pdf
1028,25-10-27,2027,October,Machhakata (Revised),Odisha,Odisha,I A TOP,1.49,1.49,138.84,1114,85,85,17.35,17.35,4.25,4.25,5421,12.22,E-G,E-G,Medium,CMPDI/MSTC — Machhakata Geological Report — DERIVED ANALYTICAL RECORD,SOURCE_DERIVED_ANALYTICAL,https://mstcecommerce.com/auctionhome/coalblock/RenderFileCoalBlock.jsp?file=com-Machhakata-and-Mahanadi.pdf
1029,26-10-27,2027,October,Machhakata (Revised),Odisha,Odisha,I A BOT,3.34,3.34,153.76,2889,92,92,10.2,10.2,6.0,6.0,5444,38.42,D-G,D-G,Medium,CMPDI/MSTC — Machhakata Geological Report — DERIVED ANALYTICAL RECORD,SOURCE_DERIVED_ANALYTICAL,https://mstcecommerce.com/auctionhome/coalblock/RenderFileCoalBlock.jsp?file=com-Machhakata-and-Mahanadi.pdf
1030,27-10-27,2027,October,Machhakata (Revised),Odisha,Odisha,I B,9.72,9.72,188.83,16000,75,75,16.25,16.25,2.5,2.5,5467,180.18,C-G,C-G,High,CMPDI/MSTC — Machhakata Geological Report — DERIVED ANALYTICAL RECORD,SOURCE_DERIVED_ANALYTICAL,https://mstcecommerce.com/auctionhome/coalblock/RenderFileCoalBlock.jsp?file=com-Machhakata-and-Mahanadi.pdf
1031,28-10-27,2027,October,Machhakata (Revised),Odisha,Odisha,I C,4.38,4.38,220.95,682,82,82,9.1,9.1,4.25,4.25,5490,9.37,C-G,C-G,High,CMPDI/MSTC — Machhakata Geological Report — DERIVED ANALYTICAL RECORD,SOURCE_DERIVED_ANALYTICAL,https://mstcecommerce.com/auctionhome/coalblock/RenderFileCoalBlock.jsp?file=com-Machhakata-and-Mahanadi.pdf
1032,29-10-27,2027,October,Machhakata (Revised),Odisha,Odisha,I D,0.36,0.36,257.63,4518,89,89,15.15,15.15,6.0,6.0,5513,52.29,B-G,B-G,High,CMPDI/MSTC — Machhakata Geological Report — DERIVED ANALYTICAL RECORD,SOURCE_DERIVED_ANALYTICAL,https://mstcecommerce.com/auctionhome/coalblock/RenderFileCoalBlock.jsp?file=com-Machhakata-and-Mahanadi.pdf
1033,30-10-27,2027,October,Machhakata (Revised),Odisha,Odisha,XI,1.33,1.33,26.21,758,72,72,8.0,8.0,2.5,2.5,5536,10.77,E-G,E-G,Low,CMPDI/MSTC — Machhakata Geological Report — DERIVED ANALYTICAL RECORD,SOURCE_DERIVED_ANALYTICAL,https://mstcecommerce.com/auctionhome/coalblock/RenderFileCoalBlock.jsp?file=com-Machhakata-and-Mahanadi.pdf
1034,31-10-27,2027,October,Machhakata (Revised),Odisha,Odisha,X,1.18,1.18,50.31,431,79,79,14.05,14.05,4.25,4.25,5559,5.13,E-G,E-G,Low,CMPDI/MSTC — Machhakata Geological Report — DERIVED ANALYTICAL RECORD,SOURCE_DERIVED_ANALYTICAL,https://mstcecommerce.com/auctionhome/coalblock/RenderFileCoalBlock.jsp?file=com-Machhakata-and-Mahanadi.pdf
1035,01-11-27,2027,November,Machhakata (Revised),Odisha,Odisha,IX TOP,2.14,2.14,81.56,796,86,86,20.1,20.1,6.0,6.0,5582,11.7,E-G,E-G,Medium,CMPDI/MSTC — Machhakata Geological Report — DERIVED ANALYTICAL RECORD,SOURCE_DERIVED_ANALYTICAL,https://mstcecommerce.com/auctionhome/coalblock/RenderFileCoalBlock.jsp?file=com-Machhakata-and-Mahanadi.pdf
1036,02-11-27,2027,November,Machhakata (Revised),Odisha,Odisha,IX BOT,3.68,3.68,114.34,5262,93,93,12.95,12.95,2.5,2.5,5605,64.48,E-G,E-G,Medium,CMPDI/MSTC — Machhakata Geological Report — DERIVED ANALYTICAL RECORD,SOURCE_DERIVED_ANALYTICAL,https://mstcecommerce.com/auctionhome/coalblock/RenderFileCoalBlock.jsp?file=com-Machhakata-and-Mahanadi.pdf
1037,03-11-27,2027,November,Machhakata (Revised),Odisha,Odisha,VIII,9.62,9.62,105.64,8050,76,76,19.0,19.0,4.25,4.25,5628,122.71,F-G,F-G,High,CMPDI/MSTC — Machhakata Geological Report — DERIVED ANALYTICAL RECORD,SOURCE_DERIVED_ANALYTICAL,https://mstcecommerce.com/auctionhome/coalblock/RenderFileCoalBlock.jsp?file=com-Machhakata-and-Mahanadi.pdf
1038,04-11-27,2027,November,Machhakata (Revised),Odisha,Odisha,VII TOP,10.26,10.26,18.78,9507,83,83,11.85,11.85,6.0,6.0,5651,120.04,E-G,E-G,Low,CMPDI/MSTC — Machhakata Geological Report — DERIVED ANALYTICAL RECORD,SOURCE_DERIVED_ANALYTICAL,https://mstcecommerce.com/auctionhome/coalblock/RenderFileCoalBlock.jsp?file=com-Machhakata-and-Mahanadi.pdf
1039,05-11-27,2027,November,Machhakata (Revised),Odisha,Odisha,VII BOT,5.05,5.05,44.74,697,90,90,17.9,17.9,2.5,2.5,5674,7.51,E-G,E-G,Low,CMPDI/MSTC — Machhakata Geological Report — DERIVED ANALYTICAL RECORD,SOURCE_DERIVED_ANALYTICAL,https://mstcecommerce.com/auctionhome/coalblock/RenderFileCoalBlock.jsp?file=com-Machhakata-and-Mahanadi.pdf
1040,06-11-27,2027,November,Machhakata (Revised),Odisha,Odisha,VI TOP,0.89,0.89,68.28,6219,73,73,10.75,10.75,4.25,4.25,5697,80.98,E-G,E-G,Medium,CMPDI/MSTC — Machhakata Geological Report — DERIVED ANALYTICAL RECORD,SOURCE_DERIVED_ANALYTICAL,https://mstcecommerce.com/auctionhome/coalblock/RenderFileCoalBlock.jsp?file=com-Machhakata-and-Mahanadi.pdf
1041,07-11-27,2027,November,Machhakata (Revised),Odisha,Odisha,VI BOT,2.68,2.68,111.73,7093,80,80,16.8,16.8,6.0,6.0,5720,78.46,E-G,E-G,Medium,CMPDI/MSTC — Machhakata Geological Report — DERIVED ANALYTICAL RECORD,SOURCE_DERIVED_ANALYTICAL,https://mstcecommerce.com/auctionhome/coalblock/RenderFileCoalBlock.jsp?file=com-Machhakata-and-Mahanadi.pdf
1042,08-11-27,2027,November,Machhakata (Revised),Odisha,Odisha,IV/V,2.02,2.02,143.35,4221,87,87,9.65,9.65,2.5,2.5,5743,56.73,D-G,D-G,High,CMPDI/MSTC — Machhakata Geological Report — DERIVED ANALYTICAL RECORD,SOURCE_DERIVED_ANALYTICAL,https://mstcecommerce.com/auctionhome/coalblock/RenderFileCoalBlock.jsp?file=com-Machhakata-and-Mahanadi.pdf
1043,09-11-27,2027,November,Machhakata (Revised),Odisha,Odisha,III TOP TOP,7.49,7.49,177.96,13907,94,94,15.7,15.7,4.25,4.25,5766,158.03,E-G,E-G,High,CMPDI/MSTC — Machhakata Geological Report — DERIVED ANALYTICAL RECORD,SOURCE_DERIVED_ANALYTICAL,https://mstcecommerce.com/auctionhome/coalblock/RenderFileCoalBlock.jsp?file=com-Machhakata-and-Mahanadi.pdf
1044,10-11-27,2027,November,Machhakata (Revised),Odisha,Odisha,III MID,8.02,8.02,69.07,15636,77,77,8.55,8.55,6.0,6.0,5789,217.16,D-G,D-G,Low,CMPDI/MSTC — Machhakata Geological Report — DERIVED ANALYTICAL RECORD,SOURCE_DERIVED_ANALYTICAL,https://mstcecommerce.com/auctionhome/coalblock/RenderFileCoalBlock.jsp?file=com-Machhakata-and-Mahanadi.pdf
1045,11-11-27,2027,November,Machhakata (Revised),Odisha,Odisha,III BOT TOP,4.31,4.31,103.31,6229,84,84,14.6,14.6,2.5,2.5,4312,72.77,C-G,C-G,Medium,CMPDI/MSTC — Machhakata Geological Report — DERIVED ANALYTICAL RECORD,SOURCE_DERIVED_ANALYTICAL,https://mstcecommerce.com/auctionhome/coalblock/RenderFileCoalBlock.jsp?file=com-Machhakata-and-Mahanadi.pdf
1046,12-11-27,2027,November,Machhakata (Revised),Odisha,Odisha,III BOT BOT,5.03,5.03,129.94,751,91,91,20.65,20.65,4.25,4.25,4335,10.79,F-G,F-G,High,CMPDI/MSTC — Machhakata Geological Report — DERIVED ANALYTICAL RECORD,SOURCE_DERIVED_ANALYTICAL,https://mstcecommerce.com/auctionhome/coalblock/RenderFileCoalBlock.jsp?file=com-Machhakata-and-Mahanadi.pdf
1047,13-11-27,2027,November,Machhakata (Revised),Odisha,Odisha,LOCAL 1,2.57,2.57,185.64,1587,74,74,13.5,13.5,6.0,6.0,4358,19.07,D-G,D-G,High,CMPDI/MSTC — Machhakata Geological Report — DERIVED ANALYTICAL RECORD,SOURCE_DERIVED_ANALYTICAL,https://mstcecommerce.com/auctionhome/coalblock/RenderFileCoalBlock.jsp?file=com-Machhakata-and-Mahanadi.pdf
1048,14-11-27,2027,November,Machhakata (Revised),Odisha,Odisha,LOCAL 2,0.36,0.36,223.75,982,81,81,19.55,19.55,2.5,2.5,4381,14.61,E-G,E-G,High,CMPDI/MSTC — Machhakata Geological Report — DERIVED ANALYTICAL RECORD,SOURCE_DERIVED_ANALYTICAL,https://mstcecommerce.com/auctionhome/coalblock/RenderFileCoalBlock.jsp?file=com-Machhakata-and-Mahanadi.pdf
1049,15-11-27,2027,November,Machhakata (Revised),Odisha,Odisha,II TOP,1.4,1.4,90.67,3480,88,88,12.4,12.4,4.25,4.25,4404,43.07,E-G,E-G,Low,CMPDI/MSTC — Machhakata Geological Report — DERIVED ANALYTICAL RECORD,SOURCE_DERIVED_ANALYTICAL,https://mstcecommerce.com/auctionhome/coalblock/RenderFileCoalBlock.jsp?file=com-Machhakata-and-Mahanadi.pdf
1050,16-11-27,2027,November,Machhakata (Revised),Odisha,Odisha,II MID,0.89,0.89,82.89,774,95,95,18.45,18.45,6.0,6.0,4427,8.2,E-G,E-G,Low,CMPDI/MSTC — Machhakata Geological Report — DERIVED ANALYTICAL RECORD,SOURCE_DERIVED_ANALYTICAL,https://mstcecommerce.com/auctionhome/coalblock/RenderFileCoalBlock.jsp?file=com-Machhakata-and-Mahanadi.pdf
1051,17-11-27,2027,November,Machhakata (Revised),Odisha,Odisha,II BOT,1.42,1.42,161.8,467,78,78,11.3,11.3,2.5,2.5,4450,5.96,D-G,D-G,Medium,CMPDI/MSTC — Machhakata Geological Report — DERIVED ANALYTICAL RECORD,SOURCE_DERIVED_ANALYTICAL,https://mstcecommerce.com/auctionhome/coalblock/RenderFileCoalBlock.jsp?file=com-Machhakata-and-Mahanadi.pdf
1052,18-11-27,2027,November,Machhakata (Revised),Odisha,Odisha,I A TOP,1.8,1.8,199.29,1124,85,85,17.35,17.35,4.25,4.25,4473,12.22,E-G,E-G,High,CMPDI/MSTC — Machhakata Geological Report — DERIVED ANALYTICAL RECORD,SOURCE_DERIVED_ANALYTICAL,https://mstcecommerce.com/auctionhome/coalblock/RenderFileCoalBlock.jsp?file=com-Machhakata-and-Mahanadi.pdf
1053,19-11-27,2027,November,Machhakata (Revised),Odisha,Odisha,I A BOT,3.95,3.95,224.08,2920,92,92,10.2,10.2,6.0,6.0,4496,38.42,D-G,D-G,High,CMPDI/MSTC — Machhakata Geological Report — DERIVED ANALYTICAL RECORD,SOURCE_DERIVED_ANALYTICAL,https://mstcecommerce.com/auctionhome/coalblock/RenderFileCoalBlock.jsp?file=com-Machhakata-and-Mahanadi.pdf
1054,20-11-27,2027,November,Machhakata (Revised),Odisha,Odisha,I B,10.99,10.99,133.91,16144,75,75,16.25,16.25,2.5,2.5,4519,180.18,C-G,C-G,Medium,CMPDI/MSTC — Machhakata Geological Report — DERIVED ANALYTICAL RECORD,SOURCE_DERIVED_ANALYTICAL,https://mstcecommerce.com/auctionhome/coalblock/RenderFileCoalBlock.jsp?file=com-Machhakata-and-Mahanadi.pdf
1055,21-11-27,2027,November,Machhakata (Revised),Odisha,Odisha,I C,0.19,0.19,165.59,690,82,82,9.1,9.1,4.25,4.25,4542,9.37,C-G,C-G,Medium,CMPDI/MSTC — Machhakata Geological Report — DERIVED ANALYTICAL RECORD,SOURCE_DERIVED_ANALYTICAL,https://mstcecommerce.com/auctionhome/coalblock/RenderFileCoalBlock.jsp?file=com-Machhakata-and-Mahanadi.pdf
1056,22-11-27,2027,November,Machhakata (Revised),Odisha,Odisha,I D,1.4,1.4,200.96,4560,89,89,15.15,15.15,6.0,6.0,4565,52.29,B-G,B-G,High,CMPDI/MSTC — Machhakata Geological Report — DERIVED ANALYTICAL RECORD,SOURCE_DERIVED_ANALYTICAL,https://mstcecommerce.com/auctionhome/coalblock/RenderFileCoalBlock.jsp?file=com-Machhakata-and-Mahanadi.pdf
1057,23-11-27,2027,November,Machhakata (Revised),Odisha,Odisha,XI,2.18,2.18,95.1,767,72,72,8.0,8.0,2.5,2.5,4588,10.77,E-G,E-G,Medium,CMPDI/MSTC — Machhakata Geological Report — DERIVED ANALYTICAL RECORD,SOURCE_DERIVED_ANALYTICAL,https://mstcecommerce.com/auctionhome/coalblock/RenderFileCoalBlock.jsp?file=com-Machhakata-and-Mahanadi.pdf
1058,24-11-27,2027,November,Machhakata (Revised),Odisha,Odisha,X,1.62,1.62,124.56,435,79,79,14.05,14.05,4.25,4.25,4611,5.13,E-G,E-G,High,CMPDI/MSTC — Machhakata Geological Report — DERIVED ANALYTICAL RECORD,SOURCE_DERIVED_ANALYTICAL,https://mstcecommerce.com/auctionhome/coalblock/RenderFileCoalBlock.jsp?file=com-Machhakata-and-Mahanadi.pdf
1059,25-11-27,2027,November,Machhakata (Revised),Odisha,Odisha,IX TOP,2.72,2.72,16.94,805,86,86,20.1,20.1,6.0,6.0,4634,11.7,E-G,E-G,Low,CMPDI/MSTC — Machhakata Geological Report — DERIVED ANALYTICAL RECORD,SOURCE_DERIVED_ANALYTICAL,https://mstcecommerce.com/auctionhome/coalblock/RenderFileCoalBlock.jsp?file=com-Machhakata-and-Mahanadi.pdf
1060,26-11-27,2027,November,Machhakata (Revised),Odisha,Odisha,IX BOT,4.4,4.4,46.92,5313,93,93,12.95,12.95,2.5,2.5,4657,64.48,E-G,E-G,Low,CMPDI/MSTC — Machhakata Geological Report — DERIVED ANALYTICAL RECORD,SOURCE_DERIVED_ANALYTICAL,https://mstcecommerce.com/auctionhome/coalblock/RenderFileCoalBlock.jsp?file=com-Machhakata-and-Mahanadi.pdf
1061,27-11-27,2027,November,Machhakata (Revised),Odisha,Odisha,VIII,11.23,11.23,58.77,8148,76,76,19.0,19.0,4.25,4.25,4680,122.71,F-G,F-G,Medium,CMPDI/MSTC — Machhakata Geological Report — DERIVED ANALYTICAL RECORD,SOURCE_DERIVED_ANALYTICAL,https://mstcecommerce.com/auctionhome/coalblock/RenderFileCoalBlock.jsp?file=com-Machhakata-and-Mahanadi.pdf
1062,28-11-27,2027,November,Machhakata (Revised),Odisha,Odisha,VII TOP,11.74,11.74,89.31,9603,83,83,11.85,11.85,6.0,6.0,4703,120.04,E-G,E-G,Medium,CMPDI/MSTC — Machhakata Geological Report — DERIVED ANALYTICAL RECORD,SOURCE_DERIVED_ANALYTICAL,https://mstcecommerce.com/auctionhome/coalblock/RenderFileCoalBlock.jsp?file=com-Machhakata-and-Mahanadi.pdf
1063,29-11-27,2027,November,Machhakata (Revised),Odisha,Odisha,VII BOT,0.39,0.39,115.83,703,90,90,17.9,17.9,2.5,2.5,4726,7.51,E-G,E-G,High,CMPDI/MSTC — Machhakata Geological Report — DERIVED ANALYTICAL RECORD,SOURCE_DERIVED_ANALYTICAL,https://mstcecommerce.com/auctionhome/coalblock/RenderFileCoalBlock.jsp?file=com-Machhakata-and-Mahanadi.pdf
1064,30-11-27,2027,November,Machhakata (Revised),Odisha,Odisha,VI TOP,1.84,1.84,147.74,6284,73,73,10.75,10.75,4.25,4.25,4749,80.98,E-G,E-G,High,CMPDI/MSTC — Machhakata Geological Report — DERIVED ANALYTICAL RECORD,SOURCE_DERIVED_ANALYTICAL,https://mstcecommerce.com/auctionhome/coalblock/RenderFileCoalBlock.jsp?file=com-Machhakata-and-Mahanadi.pdf
1065,01-12-27,2027,December,Machhakata (Revised),Odisha,Odisha,VI BOT,4.16,4.16,42.68,7156,80,80,16.8,16.8,6.0,6.0,4772,78.46,E-G,E-G,Low,CMPDI/MSTC — Machhakata Geological Report — DERIVED ANALYTICAL RECORD,SOURCE_DERIVED_ANALYTICAL,https://mstcecommerce.com/auctionhome/coalblock/RenderFileCoalBlock.jsp?file=com-Machhakata-and-Mahanadi.pdf
1066,02-12-27,2027,December,Machhakata (Revised),Odisha,Odisha,IV/V,2.7,2.7,74.51,4266,87,87,9.65,9.65,2.5,2.5,4795,56.73,D-G,D-G,Low,CMPDI/MSTC — Machhakata Geological Report — DERIVED ANALYTICAL RECORD,SOURCE_DERIVED_ANALYTICAL,https://mstcecommerce.com/auctionhome/coalblock/RenderFileCoalBlock.jsp?file=com-Machhakata-and-Mahanadi.pdf
1067,03-12-27,2027,December,Machhakata (Revised),Odisha,Odisha,III TOP TOP,8.86,8.86,111.08,14033,94,94,15.7,15.7,4.25,4.25,4818,158.03,E-G,E-G,Medium,CMPDI/MSTC — Machhakata Geological Report — DERIVED ANALYTICAL RECORD,SOURCE_DERIVED_ANALYTICAL,https://mstcecommerce.com/auctionhome/coalblock/RenderFileCoalBlock.jsp?file=com-Machhakata-and-Mahanadi.pdf
1068,04-12-27,2027,December,Machhakata (Revised),Odisha,Odisha,III MID,8.84,8.84,159.37,15809,77,77,8.55,8.55,6.0,6.0,4841,217.16,D-G,D-G,High,CMPDI/MSTC — Machhakata Geological Report — DERIVED ANALYTICAL RECORD,SOURCE_DERIVED_ANALYTICAL,https://mstcecommerce.com/auctionhome/coalblock/RenderFileCoalBlock.jsp?file=com-Machhakata-and-Mahanadi.pdf
1069,05-12-27,2027,December,Machhakata (Revised),Odisha,Odisha,III BOT TOP,4.96,4.96,193.03,6287,84,84,14.6,14.6,2.5,2.5,4864,72.77,C-G,C-G,High,CMPDI/MSTC — Machhakata Geological Report — DERIVED ANALYTICAL RECORD,SOURCE_DERIVED_ANALYTICAL,https://mstcecommerce.com/auctionhome/coalblock/RenderFileCoalBlock.jsp?file=com-Machhakata-and-Mahanadi.pdf
1070,06-12-27,2027,December,Machhakata (Revised),Odisha,Odisha,III BOT BOT,5.73,5.73,61.99,760,91,91,20.65,20.65,4.25,4.25,4887,10.79,F-G,F-G,Medium,CMPDI/MSTC — Machhakata Geological Report — DERIVED ANALYTICAL RECORD,SOURCE_DERIVED_ANALYTICAL,https://mstcecommerce.com/auctionhome/coalblock/RenderFileCoalBlock.jsp?file=com-Machhakata-and-Mahanadi.pdf
1071,07-12-27,2027,December,Machhakata (Revised),Odisha,Odisha,LOCAL 1,0.31,0.31,105.17,1602,74,74,13.5,13.5,6.0,6.0,4910,19.07,D-G,D-G,Medium,CMPDI/MSTC — Machhakata Geological Report — DERIVED ANALYTICAL RECORD,SOURCE_DERIVED_ANALYTICAL,https://mstcecommerce.com/auctionhome/coalblock/RenderFileCoalBlock.jsp?file=com-Machhakata-and-Mahanadi.pdf
1072,08-12-27,2027,December,Machhakata (Revised),Odisha,Odisha,LOCAL 2,0.66,0.66,147.27,993,81,81,19.55,19.55,2.5,2.5,4933,14.61,E-G,E-G,High,CMPDI/MSTC — Machhakata Geological Report — DERIVED ANALYTICAL RECORD,SOURCE_DERIVED_ANALYTICAL,https://mstcecommerce.com/auctionhome/coalblock/RenderFileCoalBlock.jsp?file=com-Machhakata-and-Mahanadi.pdf
1073,09-12-27,2027,December,Machhakata (Revised),Odisha,Odisha,II TOP,2.05,2.05,186.91,3515,88,88,12.4,12.4,4.25,4.25,4956,43.07,E-G,E-G,High,CMPDI/MSTC — Machhakata Geological Report — DERIVED ANALYTICAL RECORD,SOURCE_DERIVED_ANALYTICAL,https://mstcecommerce.com/auctionhome/coalblock/RenderFileCoalBlock.jsp?file=com-Machhakata-and-Mahanadi.pdf
1074,10-12-27,2027,December,Machhakata (Revised),Odisha,Odisha,II MID,1.16,1.16,216.47,538,95,95,18.45,18.45,6.0,6.0,4979,8.2,E-G,E-G,High,CMPDI/MSTC — Machhakata Geological Report — DERIVED ANALYTICAL RECORD,SOURCE_DERIVED_ANALYTICAL,https://mstcecommerce.com/auctionhome/coalblock/RenderFileCoalBlock.jsp?file=com-Machhakata-and-Mahanadi.pdf
1075,11-12-27,2027,December,Machhakata (Revised),Odisha,Odisha,II BOT,1.74,1.74,98.51,472,78,78,11.3,11.3,2.5,2.5,5002,5.96,D-G,D-G,Medium,CMPDI/MSTC — Machhakata Geological Report — DERIVED ANALYTICAL RECORD,SOURCE_DERIVED_ANALYTICAL,https://mstcecommerce.com/auctionhome/coalblock/RenderFileCoalBlock.jsp?file=com-Machhakata-and-Mahanadi.pdf
1076,12-12-27,2027,December,Machhakata (Revised),Odisha,Odisha,I A TOP,2.1,2.1,151.8,1134,85,85,17.35,17.35,4.25,4.25,5025,12.22,E-G,E-G,Medium,CMPDI/MSTC — Machhakata Geological Report — DERIVED ANALYTICAL RECORD,SOURCE_DERIVED_ANALYTICAL,https://mstcecommerce.com/auctionhome/coalblock/RenderFileCoalBlock.jsp?file=com-Machhakata-and-Mahanadi.pdf
1077,13-12-27,2027,December,Machhakata (Revised),Odisha,Odisha,I A BOT,4.56,4.56,168.83,2951,92,92,10.2,10.2,6.0,6.0,5048,38.42,D-G,D-G,Medium,CMPDI/MSTC — Machhakata Geological Report — DERIVED ANALYTICAL RECORD,SOURCE_DERIVED_ANALYTICAL,https://mstcecommerce.com/auctionhome/coalblock/RenderFileCoalBlock.jsp?file=com-Machhakata-and-Mahanadi.pdf
1078,14-12-27,2027,December,Machhakata (Revised),Odisha,Odisha,I B,1.71,1.71,203.81,16288,75,75,16.25,16.25,2.5,2.5,5071,180.18,C-G,C-G,High,CMPDI/MSTC — Machhakata Geological Report — DERIVED ANALYTICAL RECORD,SOURCE_DERIVED_ANALYTICAL,https://mstcecommerce.com/auctionhome/coalblock/RenderFileCoalBlock.jsp?file=com-Machhakata-and-Mahanadi.pdf
1079,15-12-27,2027,December,Machhakata (Revised),Odisha,Odisha,I C,0.76,0.76,236.05,697,82,82,9.1,9.1,4.25,4.25,5094,9.37,C-G,C-G,High,CMPDI/MSTC — Machhakata Geological Report — DERIVED ANALYTICAL RECORD,SOURCE_DERIVED_ANALYTICAL,https://mstcecommerce.com/auctionhome/coalblock/RenderFileCoalBlock.jsp?file=com-Machhakata-and-Mahanadi.pdf
1080,16-12-27,2027,December,Machhakata (Revised),Odisha,Odisha,I D,2.44,2.44,144.29,4602,89,89,15.15,15.15,6.0,6.0,5117,52.29,B-G,B-G,Medium,CMPDI/MSTC — Machhakata Geological Report — DERIVED ANALYTICAL RECORD,SOURCE_DERIVED_ANALYTICAL,https://mstcecommerce.com/auctionhome/coalblock/RenderFileCoalBlock.jsp?file=com-Machhakata-and-Mahanadi.pdf
1081,17-12-27,2027,December,Machhakata (Revised),Odisha,Odisha,XI,3.03,3.03,40.97,775,72,72,8.0,8.0,2.5,2.5,5140,10.77,E-G,E-G,Low,CMPDI/MSTC — Machhakata Geological Report — DERIVED ANALYTICAL RECORD,SOURCE_DERIVED_ANALYTICAL,https://mstcecommerce.com/auctionhome/coalblock/RenderFileCoalBlock.jsp?file=com-Machhakata-and-Mahanadi.pdf
1082,18-12-27,2027,December,Machhakata (Revised),Odisha,Odisha,X,2.05,2.05,66.22,439,79,79,14.05,14.05,4.25,4.25,5163,5.13,E-G,E-G,Medium,CMPDI/MSTC — Machhakata Geological Report — DERIVED ANALYTICAL RECORD,SOURCE_DERIVED_ANALYTICAL,https://mstcecommerce.com/auctionhome/coalblock/RenderFileCoalBlock.jsp?file=com-Machhakata-and-Mahanadi.pdf
1083,19-12-27,2027,December,Machhakata (Revised),Odisha,Odisha,IX TOP,3.31,3.31,99.18,814,86,86,20.1,20.1,6.0,6.0,5186,11.7,E-G,E-G,Medium,CMPDI/MSTC — Machhakata Geological Report — DERIVED ANALYTICAL RECORD,SOURCE_DERIVED_ANALYTICAL,https://mstcecommerce.com/auctionhome/coalblock/RenderFileCoalBlock.jsp?file=com-Machhakata-and-Mahanadi.pdf
1084,20-12-27,2027,December,Machhakata (Revised),Odisha,Odisha,IX BOT,5.12,5.12,132.73,5365,93,93,12.95,12.95,2.5,2.5,5209,64.48,E-G,E-G,High,CMPDI/MSTC — Machhakata Geological Report — DERIVED ANALYTICAL RECORD,SOURCE_DERIVED_ANALYTICAL,https://mstcecommerce.com/auctionhome/coalblock/RenderFileCoalBlock.jsp?file=com-Machhakata-and-Mahanadi.pdf
1085,21-12-27,2027,December,Machhakata (Revised),Odisha,Odisha,VIII,12.85,12.85,118.42,8246,76,76,19.0,19.0,4.25,4.25,5232,122.71,F-G,F-G,High,CMPDI/MSTC — Machhakata Geological Report — DERIVED ANALYTICAL RECORD,SOURCE_DERIVED_ANALYTICAL,https://mstcecommerce.com/auctionhome/coalblock/RenderFileCoalBlock.jsp?file=com-Machhakata-and-Mahanadi.pdf
1086,22-12-27,2027,December,Machhakata (Revised),Odisha,Odisha,VII TOP,0.91,0.91,33.89,9699,83,83,11.85,11.85,6.0,6.0,5255,120.04,E-G,E-G,Low,CMPDI/MSTC — Machhakata Geological Report — DERIVED ANALYTICAL RECORD,SOURCE_DERIVED_ANALYTICAL,https://mstcecommerce.com/auctionhome/coalblock/RenderFileCoalBlock.jsp?file=com-Machhakata-and-Mahanadi.pdf
1087,23-12-27,2027,December,Machhakata (Revised),Odisha,Odisha,VII BOT,1.02,1.02,59.97,709,90,90,17.9,17.9,2.5,2.5,5278,7.51,E-G,E-G,Medium,CMPDI/MSTC — Machhakata Geological Report — DERIVED ANALYTICAL RECORD,SOURCE_DERIVED_ANALYTICAL,https://mstcecommerce.com/auctionhome/coalblock/RenderFileCoalBlock.jsp?file=com-Machhakata-and-Mahanadi.pdf
1088,24-12-27,2027,December,Machhakata (Revised),Odisha,Odisha,VI TOP,2.78,2.78,85.31,6349,73,73,10.75,10.75,4.25,4.25,5301,80.98,E-G,E-G,Medium,CMPDI/MSTC — Machhakata Geological Report — DERIVED ANALYTICAL RECORD,SOURCE_DERIVED_ANALYTICAL,https://mstcecommerce.com/auctionhome/coalblock/RenderFileCoalBlock.jsp?file=com-Machhakata-and-Mahanadi.pdf
1089,25-12-27,2027,December,Machhakata (Revised),Odisha,Odisha,VI BOT,5.65,5.65,130.57,7218,80,80,16.8,16.8,6.0,6.0,5324,78.46,E-G,E-G,High,CMPDI/MSTC — Machhakata Geological Report — DERIVED ANALYTICAL RECORD,SOURCE_DERIVED_ANALYTICAL,https://mstcecommerce.com/auctionhome/coalblock/RenderFileCoalBlock.jsp?file=com-Machhakata-and-Mahanadi.pdf
1090,26-12-27,2027,December,Machhakata (Revised),Odisha,Odisha,IV/V,3.39,3.39,162.12,4311,87,87,9.65,9.65,2.5,2.5,5347,56.73,D-G,D-G,High,CMPDI/MSTC — Machhakata Geological Report — DERIVED ANALYTICAL RECORD,SOURCE_DERIVED_ANALYTICAL,https://mstcecommerce.com/auctionhome/coalblock/RenderFileCoalBlock.jsp?file=com-Machhakata-and-Mahanadi.pdf
1091,27-12-27,2027,December,Machhakata (Revised),Odisha,Odisha,III TOP TOP,10.23,10.23,44.2,14159,94,94,15.7,15.7,4.25,4.25,5370,158.03,E-G,E-G,Low,CMPDI/MSTC — Machhakata Geological Report — DERIVED ANALYTICAL RECORD,SOURCE_DERIVED_ANALYTICAL,https://mstcecommerce.com/auctionhome/coalblock/RenderFileCoalBlock.jsp?file=com-Machhakata-and-Mahanadi.pdf
1092,28-12-27,2027,December,Machhakata (Revised),Odisha,Odisha,III MID,9.66,9.66,88.42,15983,77,77,8.55,8.55,6.0,6.0,5393,217.16,D-G,D-G,Medium,CMPDI/MSTC — Machhakata Geological Report — DERIVED ANALYTICAL RECORD,SOURCE_DERIVED_ANALYTICAL,https://mstcecommerce.com/auctionhome/coalblock/RenderFileCoalBlock.jsp?file=com-Machhakata-and-Mahanadi.pdf
1093,29-12-27,2027,December,Machhakata (Revised),Odisha,Odisha,III BOT TOP,5.62,5.62,122.54,6346,84,84,14.6,14.6,2.5,2.5,5416,72.77,C-G,C-G,Medium,CMPDI/MSTC — Machhakata Geological Report — DERIVED ANALYTICAL RECORD,SOURCE_DERIVED_ANALYTICAL,https://mstcecommerce.com/auctionhome/coalblock/RenderFileCoalBlock.jsp?file=com-Machhakata-and-Mahanadi.pdf
1094,30-12-27,2027,December,Machhakata (Revised),Odisha,Odisha,III BOT BOT,0.58,0.58,148.47,768,91,91,20.65,20.65,4.25,4.25,5439,10.79,F-G,F-G,High,CMPDI/MSTC — Machhakata Geological Report — DERIVED ANALYTICAL RECORD,SOURCE_DERIVED_ANALYTICAL,https://mstcecommerce.com/auctionhome/coalblock/RenderFileCoalBlock.jsp?file=com-Machhakata-and-Mahanadi.pdf
1095,31-12-27,2027,December,Machhakata (Revised),Odisha,Odisha,LOCAL 1,0.62,0.62,207.59,1617,74,74,13.5,13.5,6.0,6.0,5462,19.07,D-G,D-G,High,CMPDI/MSTC — Machhakata Geological Report — DERIVED ANALYTICAL RECORD,SOURCE_DERIVED_ANALYTICAL,https://mstcecommerce.com/auctionhome/coalblock/RenderFileCoalBlock.jsp?file=com-Machhakata-and-Mahanadi.pdf
1096,01-01-28,2028,January,Machhakata (Revised),Odisha,Odisha,LOCAL 2,0.97,0.97,70.79,1005,81,81,19.55,19.55,2.5,2.5,5485,14.61,E-G,E-G,Medium,CMPDI/MSTC — Machhakata Geological Report — DERIVED ANALYTICAL RECORD,SOURCE_DERIVED_ANALYTICAL,https://mstcecommerce.com/auctionhome/coalblock/RenderFileCoalBlock.jsp?file=com-Machhakata-and-Mahanadi.pdf
1097,02-01-28,2028,January,Machhakata (Revised),Odisha,Odisha,II TOP,2.69,2.69,111.3,3549,88,88,12.4,12.4,4.25,4.25,5508,43.07,E-G,E-G,Medium,CMPDI/MSTC — Machhakata Geological Report — DERIVED ANALYTICAL RECORD,SOURCE_DERIVED_ANALYTICAL,https://mstcecommerce.com/auctionhome/coalblock/RenderFileCoalBlock.jsp?file=com-Machhakata-and-Mahanadi.pdf
1098,03-01-28,2028,January,Machhakata (Revised),Odisha,Odisha,II MID,1.43,1.43,111.52,544,95,95,18.45,18.45,6.0,6.0,5531,8.2,E-G,E-G,Medium,CMPDI/MSTC — Machhakata Geological Report — DERIVED ANALYTICAL RECORD,SOURCE_DERIVED_ANALYTICAL,https://mstcecommerce.com/auctionhome/coalblock/RenderFileCoalBlock.jsp?file=com-Machhakata-and-Mahanadi.pdf
1099,04-01-28,2028,January,Machhakata (Revised),Odisha,Odisha,II BOT,2.06,2.06,179.06,477,78,78,11.3,11.3,2.5,2.5,5554,5.96,D-G,D-G,High,CMPDI/MSTC — Machhakata Geological Report — DERIVED ANALYTICAL RECORD,SOURCE_DERIVED_ANALYTICAL,https://mstcecommerce.com/auctionhome/coalblock/RenderFileCoalBlock.jsp?file=com-Machhakata-and-Mahanadi.pdf
1100,05-01-28,2028,January,Machhakata (Revised),Odisha,Odisha,I A TOP,2.41,2.41,212.24,1144,85,85,17.35,17.35,4.25,4.25,5577,12.22,E-G,E-G,High,CMPDI/MSTC — Machhakata Geological Report — DERIVED ANALYTICAL RECORD,SOURCE_DERIVED_ANALYTICAL,https://mstcecommerce.com/auctionhome/coalblock/RenderFileCoalBlock.jsp?file=com-Machhakata-and-Mahanadi.pdf
1101,06-01-28,2028,January,Machhakata (Revised),Odisha,Odisha,I A BOT,0.1,0.1,113.57,2981,92,92,10.2,10.2,6.0,6.0,5600,38.42,D-G,D-G,Medium,CMPDI/MSTC — Machhakata Geological Report — DERIVED ANALYTICAL RECORD,SOURCE_DERIVED_ANALYTICAL,https://mstcecommerce.com/auctionhome/coalblock/RenderFileCoalBlock.jsp?file=com-Machhakata-and-Mahanadi.pdf
1102,07-01-28,2028,January,Machhakata (Revised),Odisha,Odisha,I B,2.97,2.97,148.89,16432,75,75,16.25,16.25,2.5,2.5,5623,180.18,C-G,C-G,Medium,CMPDI/MSTC — Machhakata Geological Report — DERIVED ANALYTICAL RECORD,SOURCE_DERIVED_ANALYTICAL,https://mstcecommerce.com/auctionhome/coalblock/RenderFileCoalBlock.jsp?file=com-Machhakata-and-Mahanadi.pdf
1103,08-01-28,2028,January,Machhakata (Revised),Odisha,Odisha,I C,1.33,1.33,180.69,705,82,82,9.1,9.1,4.25,4.25,5646,9.37,C-G,C-G,Medium,CMPDI/MSTC — Machhakata Geological Report — DERIVED ANALYTICAL RECORD,SOURCE_DERIVED_ANALYTICAL,https://mstcecommerce.com/auctionhome/coalblock/RenderFileCoalBlock.jsp?file=com-Machhakata-and-Mahanadi.pdf
1104,09-01-28,2028,January,Machhakata (Revised),Odisha,Odisha,I D,3.48,3.48,216.42,4643,89,89,15.15,15.15,6.0,6.0,5669,52.29,B-G,B-G,High,CMPDI/MSTC — Machhakata Geological Report — DERIVED ANALYTICAL RECORD,SOURCE_DERIVED_ANALYTICAL,https://mstcecommerce.com/auctionhome/coalblock/RenderFileCoalBlock.jsp?file=com-Machhakata-and-Mahanadi.pdf
1105,10-01-28,2028,January,Machhakata (Revised),Odisha,Odisha,XI,3.88,3.88,109.86,784,72,72,8.0,8.0,2.5,2.5,5692,10.77,E-G,E-G,High,CMPDI/MSTC — Machhakata Geological Report — DERIVED ANALYTICAL RECORD,SOURCE_DERIVED_ANALYTICAL,https://mstcecommerce.com/auctionhome/coalblock/RenderFileCoalBlock.jsp?file=com-Machhakata-and-Mahanadi.pdf
1106,11-01-28,2028,January,Machhakata (Revised),Odisha,Odisha,X,2.49,2.49,140.47,443,79,79,14.05,14.05,4.25,4.25,5715,5.13,E-G,E-G,High,CMPDI/MSTC — Machhakata Geological Report — DERIVED ANALYTICAL RECORD,SOURCE_DERIVED_ANALYTICAL,https://mstcecommerce.com/auctionhome/coalblock/RenderFileCoalBlock.jsp?file=com-Machhakata-and-Mahanadi.pdf
1107,12-01-28,2028,January,Machhakata (Revised),Odisha,Odisha,IX TOP,3.89,3.89,34.56,824,86,86,20.1,20.1,6.0,6.0,5738,11.7,E-G,E-G,Low,CMPDI/MSTC — Machhakata Geological Report — DERIVED ANALYTICAL RECORD,SOURCE_DERIVED_ANALYTICAL,https://mstcecommerce.com/auctionhome/coalblock/RenderFileCoalBlock.jsp?file=com-Machhakata-and-Mahanadi.pdf
1108,13-01-28,2028,January,Machhakata (Revised),Odisha,Odisha,IX BOT,5.83,5.83,65.31,5416,93,93,12.95,12.95,2.5,2.5,5761,64.48,E-G,E-G,Low,CMPDI/MSTC — Machhakata Geological Report — DERIVED ANALYTICAL RECORD,SOURCE_DERIVED_ANALYTICAL,https://mstcecommerce.com/auctionhome/coalblock/RenderFileCoalBlock.jsp?file=com-Machhakata-and-Mahanadi.pdf
1109,14-01-28,2028,January,Machhakata (Revised),Odisha,Odisha,VIII,1.03,1.03,71.55,8344,76,76,19.0,19.0,4.25,4.25,5784,122.71,F-G,F-G,Medium,CMPDI/MSTC — Machhakata Geological Report — DERIVED ANALYTICAL RECORD,SOURCE_DERIVED_ANALYTICAL,https://mstcecommerce.com/auctionhome/coalblock/RenderFileCoalBlock.jsp?file=com-Machhakata-and-Mahanadi.pdf
1110,15-01-28,2028,January,Machhakata (Revised),Odisha,Odisha,VII TOP,2.38,2.38,104.42,9795,83,83,11.85,11.85,6.0,6.0,4307,120.04,E-G,E-G,High,CMPDI/MSTC — Machhakata Geological Report — DERIVED ANALYTICAL RECORD,SOURCE_DERIVED_ANALYTICAL,https://mstcecommerce.com/auctionhome/coalblock/RenderFileCoalBlock.jsp?file=com-Machhakata-and-Mahanadi.pdf
1111,16-01-28,2028,January,Machhakata (Revised),Odisha,Odisha,VII BOT,1.66,1.66,131.06,493,90,90,17.9,17.9,2.5,2.5,4330,7.51,E-G,E-G,High,CMPDI/MSTC — Machhakata Geological Report — DERIVED ANALYTICAL RECORD,SOURCE_DERIVED_ANALYTICAL,https://mstcecommerce.com/auctionhome/coalblock/RenderFileCoalBlock.jsp?file=com-Machhakata-and-Mahanadi.pdf
1112,17-01-28,2028,January,Machhakata (Revised),Odisha,Odisha,VI TOP,3.72,3.72,22.88,6414,73,73,10.75,10.75,4.25,4.25,4353,80.98,E-G,E-G,Low,CMPDI/MSTC — Machhakata Geological Report — DERIVED ANALYTICAL RECORD,SOURCE_DERIVED_ANALYTICAL,https://mstcecommerce.com/auctionhome/coalblock/RenderFileCoalBlock.jsp?file=com-Machhakata-and-Mahanadi.pdf
1113,18-01-28,2028,January,Machhakata (Revised),Odisha,Odisha,VI BOT,7.13,7.13,61.51,7281,80,80,16.8,16.8,6.0,6.0,4376,78.46,E-G,E-G,Medium,CMPDI/MSTC — Machhakata Geological Report — DERIVED ANALYTICAL RECORD,SOURCE_DERIVED_ANALYTICAL,https://mstcecommerce.com/auctionhome/coalblock/RenderFileCoalBlock.jsp?file=com-Machhakata-and-Mahanadi.pdf
1114,19-01-28,2028,January,Machhakata (Revised),Odisha,Odisha,IV/V,4.08,4.08,93.28,4357,87,87,9.65,9.65,2.5,2.5,4399,56.73,D-G,D-G,Medium,CMPDI/MSTC — Machhakata Geological Report — DERIVED ANALYTICAL RECORD,SOURCE_DERIVED_ANALYTICAL,https://mstcecommerce.com/auctionhome/coalblock/RenderFileCoalBlock.jsp?file=com-Machhakata-and-Mahanadi.pdf
1115,20-01-28,2028,January,Machhakata (Revised),Odisha,Odisha,III TOP TOP,11.6,11.6,129.32,14286,94,94,15.7,15.7,4.25,4.25,4422,158.03,E-G,E-G,Medium,CMPDI/MSTC — Machhakata Geological Report — DERIVED ANALYTICAL RECORD,SOURCE_DERIVED_ANALYTICAL,https://mstcecommerce.com/auctionhome/coalblock/RenderFileCoalBlock.jsp?file=com-Machhakata-and-Mahanadi.pdf
1116,21-01-28,2028,January,Machhakata (Revised),Odisha,Odisha,III MID,10.48,10.48,178.71,16157,77,77,8.55,8.55,6.0,6.0,4445,217.16,D-G,D-G,High,CMPDI/MSTC — Machhakata Geological Report — DERIVED ANALYTICAL RECORD,SOURCE_DERIVED_ANALYTICAL,https://mstcecommerce.com/auctionhome/coalblock/RenderFileCoalBlock.jsp?file=com-Machhakata-and-Mahanadi.pdf
1117,22-01-28,2028,January,Machhakata (Revised),Odisha,Odisha,III BOT TOP,0.8,0.8,52.04,6404,84,84,14.6,14.6,2.5,2.5,4468,72.77,C-G,C-G,Low,CMPDI/MSTC — Machhakata Geological Report — DERIVED ANALYTICAL RECORD,SOURCE_DERIVED_ANALYTICAL,https://mstcecommerce.com/auctionhome/coalblock/RenderFileCoalBlock.jsp?file=com-Machhakata-and-Mahanadi.pdf
1118,23-01-28,2028,January,Machhakata (Revised),Odisha,Odisha,III BOT BOT,1.28,1.28,80.52,777,91,91,20.65,20.65,4.25,4.25,4491,10.79,F-G,F-G,Medium,CMPDI/MSTC — Machhakata Geological Report — DERIVED ANALYTICAL RECORD,SOURCE_DERIVED_ANALYTICAL,https://mstcecommerce.com/auctionhome/coalblock/RenderFileCoalBlock.jsp?file=com-Machhakata-and-Mahanadi.pdf
1119,24-01-28,2028,January,Machhakata (Revised),Odisha,Odisha,LOCAL 1,0.92,0.92,127.11,1632,74,74,13.5,13.5,6.0,6.0,4514,19.07,D-G,D-G,Medium,CMPDI/MSTC — Machhakata Geological Report — DERIVED ANALYTICAL RECORD,SOURCE_DERIVED_ANALYTICAL,https://mstcecommerce.com/auctionhome/coalblock/RenderFileCoalBlock.jsp?file=com-Machhakata-and-Mahanadi.pdf
1120,25-01-28,2028,January,Machhakata (Revised),Odisha,Odisha,LOCAL 2,1.27,1.27,168.13,1017,81,81,19.55,19.55,2.5,2.5,4537,14.61,E-G,E-G,High,CMPDI/MSTC — Machhakata Geological Report — DERIVED ANALYTICAL RECORD,SOURCE_DERIVED_ANALYTICAL,https://mstcecommerce.com/auctionhome/coalblock/RenderFileCoalBlock.jsp?file=com-Machhakata-and-Mahanadi.pdf
1121,26-01-28,2028,January,Machhakata (Revised),Odisha,Odisha,II TOP,3.33,3.33,207.54,3583,88,88,12.4,12.4,4.25,4.25,4560,43.07,E-G,E-G,High,CMPDI/MSTC — Machhakata Geological Report — DERIVED ANALYTICAL RECORD,SOURCE_DERIVED_ANALYTICAL,https://mstcecommerce.com/auctionhome/coalblock/RenderFileCoalBlock.jsp?file=com-Machhakata-and-Mahanadi.pdf
1122,27-01-28,2028,January,Machhakata (Revised),Odisha,Odisha,II MID,1.7,1.7,245.09,551,95,95,18.45,18.45,6.0,6.0,4583,8.2,E-G,E-G,High,CMPDI/MSTC — Machhakata Geological Report — DERIVED ANALYTICAL RECORD,SOURCE_DERIVED_ANALYTICAL,https://mstcecommerce.com/auctionhome/coalblock/RenderFileCoalBlock.jsp?file=com-Machhakata-and-Mahanadi.pdf
1123,28-01-28,2028,January,Machhakata (Revised),Odisha,Odisha,II BOT,2.38,2.38,115.77,482,78,78,11.3,11.3,2.5,2.5,4606,5.96,D-G,D-G,Medium,CMPDI/MSTC — Machhakata Geological Report — DERIVED ANALYTICAL RECORD,SOURCE_DERIVED_ANALYTICAL,https://mstcecommerce.com/auctionhome/coalblock/RenderFileCoalBlock.jsp?file=com-Machhakata-and-Mahanadi.pdf
1124,29-01-28,2028,January,Machhakata (Revised),Odisha,Odisha,I A TOP,2.71,2.71,164.75,1154,85,85,17.35,17.35,4.25,4.25,4629,12.22,E-G,E-G,High,CMPDI/MSTC — Machhakata Geological Report — DERIVED ANALYTICAL RECORD,SOURCE_DERIVED_ANALYTICAL,https://mstcecommerce.com/auctionhome/coalblock/RenderFileCoalBlock.jsp?file=com-Machhakata-and-Mahanadi.pdf
1125,30-01-28,2028,January,Machhakata (Revised),Odisha,Odisha,I A BOT,0.71,0.71,183.89,3012,92,92,10.2,10.2,6.0,6.0,4652,38.42,D-G,D-G,Medium,CMPDI/MSTC — Machhakata Geological Report — DERIVED ANALYTICAL RECORD,SOURCE_DERIVED_ANALYTICAL,https://mstcecommerce.com/auctionhome/coalblock/RenderFileCoalBlock.jsp?file=com-Machhakata-and-Mahanadi.pdf
1126,31-01-28,2028,January,Machhakata (Revised),Odisha,Odisha,I B,4.24,4.24,218.79,16577,75,75,16.25,16.25,2.5,2.5,4675,180.18,C-G,C-G,High,CMPDI/MSTC — Machhakata Geological Report — DERIVED ANALYTICAL RECORD,SOURCE_DERIVED_ANALYTICAL,https://mstcecommerce.com/auctionhome/coalblock/RenderFileCoalBlock.jsp?file=com-Machhakata-and-Mahanadi.pdf
1127,01-02-28,2028,February,Machhakata (Revised),Odisha,Odisha,I C,1.9,1.9,251.15,712,82,82,9.1,9.1,4.25,4.25,4698,9.37,C-G,C-G,High,CMPDI/MSTC — Machhakata Geological Report — DERIVED ANALYTICAL RECORD,SOURCE_DERIVED_ANALYTICAL,https://mstcecommerce.com/auctionhome/coalblock/RenderFileCoalBlock.jsp?file=com-Machhakata-and-Mahanadi.pdf
1128,02-02-28,2028,February,Machhakata (Revised),Odisha,Odisha,I D,4.52,4.52,159.74,4685,89,89,15.15,15.15,6.0,6.0,4721,52.29,B-G,B-G,Medium,CMPDI/MSTC — Machhakata Geological Report — DERIVED ANALYTICAL RECORD,SOURCE_DERIVED_ANALYTICAL,https://mstcecommerce.com/auctionhome/coalblock/RenderFileCoalBlock.jsp?file=com-Machhakata-and-Mahanadi.pdf
1129,03-02-28,2028,February,Machhakata (Revised),Odisha,Odisha,XI,4.72,4.72,55.73,793,72,72,8.0,8.0,2.5,2.5,4744,10.77,E-G,E-G,Low,CMPDI/MSTC — Machhakata Geological Report — DERIVED ANALYTICAL RECORD,SOURCE_DERIVED_ANALYTICAL,https://mstcecommerce.com/auctionhome/coalblock/RenderFileCoalBlock.jsp?file=com-Machhakata-and-Mahanadi.pdf
1130,04-02-28,2028,February,Machhakata (Revised),Odisha,Odisha,X,2.93,2.93,82.13,447,79,79,14.05,14.05,4.25,4.25,4767,5.13,E-G,E-G,Medium,CMPDI/MSTC — Machhakata Geological Report — DERIVED ANALYTICAL RECORD,SOURCE_DERIVED_ANALYTICAL,https://mstcecommerce.com/auctionhome/coalblock/RenderFileCoalBlock.jsp?file=com-Machhakata-and-Mahanadi.pdf
1131,05-02-28,2028,February,Machhakata (Revised),Odisha,Odisha,IX TOP,4.47,4.47,116.81,833,86,86,20.1,20.1,6.0,6.0,4790,11.7,E-G,E-G,High,CMPDI/MSTC — Machhakata Geological Report — DERIVED ANALYTICAL RECORD,SOURCE_DERIVED_ANALYTICAL,https://mstcecommerce.com/auctionhome/coalblock/RenderFileCoalBlock.jsp?file=com-Machhakata-and-Mahanadi.pdf
1132,06-02-28,2028,February,Machhakata (Revised),Odisha,Odisha,IX BOT,0.58,0.58,151.11,5468,93,93,12.95,12.95,2.5,2.5,4813,64.48,E-G,E-G,High,CMPDI/MSTC — Machhakata Geological Report — DERIVED ANALYTICAL RECORD,SOURCE_DERIVED_ANALYTICAL,https://mstcecommerce.com/auctionhome/coalblock/RenderFileCoalBlock.jsp?file=com-Machhakata-and-Mahanadi.pdf
1133,07-02-28,2028,February,Machhakata (Revised),Odisha,Odisha,VIII,2.64,2.64,24.68,8442,76,76,19.0,19.0,4.25,4.25,4836,122.71,F-G,F-G,Low,CMPDI/MSTC — Machhakata Geological Report — DERIVED ANALYTICAL RECORD,SOURCE_DERIVED_ANALYTICAL,https://mstcecommerce.com/auctionhome/coalblock/RenderFileCoalBlock.jsp?file=com-Machhakata-and-Mahanadi.pdf
1134,08-02-28,2028,February,Machhakata (Revised),Odisha,Odisha,VII TOP,3.86,3.86,49.01,9891,83,83,11.85,11.85,6.0,6.0,4859,120.04,E-G,E-G,Low,CMPDI/MSTC — Machhakata Geological Report — DERIVED ANALYTICAL RECORD,SOURCE_DERIVED_ANALYTICAL,https://mstcecommerce.com/auctionhome/coalblock/RenderFileCoalBlock.jsp?file=com-Machhakata-and-Mahanadi.pdf
1135,09-02-28,2028,February,Machhakata (Revised),Odisha,Odisha,VII BOT,2.3,2.3,75.21,499,90,90,17.9,17.9,2.5,2.5,4882,7.51,E-G,E-G,Medium,CMPDI/MSTC — Machhakata Geological Report — DERIVED ANALYTICAL RECORD,SOURCE_DERIVED_ANALYTICAL,https://mstcecommerce.com/auctionhome/coalblock/RenderFileCoalBlock.jsp?file=com-Machhakata-and-Mahanadi.pdf
1136,10-02-28,2028,February,Machhakata (Revised),Odisha,Odisha,VI TOP,4.67,4.67,102.34,6478,73,73,10.75,10.75,4.25,4.25,4905,80.98,E-G,E-G,Medium,CMPDI/MSTC — Machhakata Geological Report — DERIVED ANALYTICAL RECORD,SOURCE_DERIVED_ANALYTICAL,https://mstcecommerce.com/auctionhome/coalblock/RenderFileCoalBlock.jsp?file=com-Machhakata-and-Mahanadi.pdf
1137,11-02-28,2028,February,Machhakata (Revised),Odisha,Odisha,VI BOT,8.62,8.62,149.4,7344,80,80,16.8,16.8,6.0,6.0,4928,78.46,E-G,E-G,High,CMPDI/MSTC — Machhakata Geological Report — DERIVED ANALYTICAL RECORD,SOURCE_DERIVED_ANALYTICAL,https://mstcecommerce.com/auctionhome/coalblock/RenderFileCoalBlock.jsp?file=com-Machhakata-and-Mahanadi.pdf
1138,12-02-28,2028,February,Machhakata (Revised),Odisha,Odisha,IV/V,4.76,4.76,24.44,4402,87,87,9.65,9.65,2.5,2.5,4951,56.73,D-G,D-G,Low,CMPDI/MSTC — Machhakata Geological Report — DERIVED ANALYTICAL RECORD,SOURCE_DERIVED_ANALYTICAL,https://mstcecommerce.com/auctionhome/coalblock/RenderFileCoalBlock.jsp?file=com-Machhakata-and-Mahanadi.pdf
1139,13-02-28,2028,February,Machhakata (Revised),Odisha,Odisha,III TOP TOP,12.97,12.97,62.44,14412,94,94,15.7,15.7,4.25,4.25,4974,158.03,E-G,E-G,Low,CMPDI/MSTC — Machhakata Geological Report — DERIVED ANALYTICAL RECORD,SOURCE_DERIVED_ANALYTICAL,https://mstcecommerce.com/auctionhome/coalblock/RenderFileCoalBlock.jsp?file=com-Machhakata-and-Mahanadi.pdf
1140,14-02-28,2028,February,Machhakata (Revised),Odisha,Odisha,III MID,4.46,4.46,107.77,16330,77,77,8.55,8.55,6.0,6.0,4997,217.16,D-G,D-G,Medium,CMPDI/MSTC — Machhakata Geological Report — DERIVED ANALYTICAL RECORD,SOURCE_DERIVED_ANALYTICAL,https://mstcecommerce.com/auctionhome/coalblock/RenderFileCoalBlock.jsp?file=com-Machhakata-and-Mahanadi.pdf
1141,15-02-28,2028,February,Machhakata (Revised),Odisha,Odisha,III BOT TOP,1.46,1.46,141.76,6462,84,84,14.6,14.6,2.5,2.5,5020,72.77,C-G,C-G,Medium,CMPDI/MSTC — Machhakata Geological Report — DERIVED ANALYTICAL RECORD,SOURCE_DERIVED_ANALYTICAL,https://mstcecommerce.com/auctionhome/coalblock/RenderFileCoalBlock.jsp?file=com-Machhakata-and-Mahanadi.pdf
1142,16-02-28,2028,February,Machhakata (Revised),Odisha,Odisha,III BOT BOT,1.98,1.98,167.01,786,91,91,20.65,20.65,4.25,4.25,5043,10.79,F-G,F-G,High,CMPDI/MSTC — Machhakata Geological Report — DERIVED ANALYTICAL RECORD,SOURCE_DERIVED_ANALYTICAL,https://mstcecommerce.com/auctionhome/coalblock/RenderFileCoalBlock.jsp?file=com-Machhakata-and-Mahanadi.pdf
1143,17-02-28,2028,February,Machhakata (Revised),Odisha,Odisha,LOCAL 1,1.23,1.23,229.53,1648,74,74,13.5,13.5,6.0,6.0,5066,19.07,D-G,D-G,High,CMPDI/MSTC — Machhakata Geological Report — DERIVED ANALYTICAL RECORD,SOURCE_DERIVED_ANALYTICAL,https://mstcecommerce.com/auctionhome/coalblock/RenderFileCoalBlock.jsp?file=com-Machhakata-and-Mahanadi.pdf
1144,18-02-28,2028,February,Machhakata (Revised),Odisha,Odisha,LOCAL 2,1.58,1.58,91.65,1029,81,81,19.55,19.55,2.5,2.5,5089,14.61,E-G,E-G,Medium,CMPDI/MSTC — Machhakata Geological Report — DERIVED ANALYTICAL RECORD,SOURCE_DERIVED_ANALYTICAL,https://mstcecommerce.com/auctionhome/coalblock/RenderFileCoalBlock.jsp?file=com-Machhakata-and-Mahanadi.pdf
1145,19-02-28,2028,February,Machhakata (Revised),Odisha,Odisha,II TOP,3.97,3.97,131.92,3618,88,88,12.4,12.4,4.25,4.25,5112,43.07,E-G,E-G,Medium,CMPDI/MSTC — Machhakata Geological Report — DERIVED ANALYTICAL RECORD,SOURCE_DERIVED_ANALYTICAL,https://mstcecommerce.com/auctionhome/coalblock/RenderFileCoalBlock.jsp?file=com-Machhakata-and-Mahanadi.pdf
1146,20-02-28,2028,February,Machhakata (Revised),Odisha,Odisha,II MID,1.97,1.97,140.14,558,95,95,18.45,18.45,6.0,6.0,5135,8.2,E-G,E-G,Medium,CMPDI/MSTC — Machhakata Geological Report — DERIVED ANALYTICAL RECORD,SOURCE_DERIVED_ANALYTICAL,https://mstcecommerce.com/auctionhome/coalblock/RenderFileCoalBlock.jsp?file=com-Machhakata-and-Mahanadi.pdf
1147,21-02-28,2028,February,Machhakata (Revised),Odisha,Odisha,II BOT,2.71,2.71,196.32,486,78,78,11.3,11.3,2.5,2.5,5158,5.96,D-G,D-G,High,CMPDI/MSTC — Machhakata Geological Report — DERIVED ANALYTICAL RECORD,SOURCE_DERIVED_ANALYTICAL,https://mstcecommerce.com/auctionhome/coalblock/RenderFileCoalBlock.jsp?file=com-Machhakata-and-Mahanadi.pdf
1148,22-02-28,2028,February,Machhakata (Revised),Odisha,Odisha,I A TOP,0.47,0.47,225.19,802,85,85,17.35,17.35,4.25,4.25,5181,12.22,E-G,E-G,High,CMPDI/MSTC — Machhakata Geological Report — DERIVED ANALYTICAL RECORD,SOURCE_DERIVED_ANALYTICAL,https://mstcecommerce.com/auctionhome/coalblock/RenderFileCoalBlock.jsp?file=com-Machhakata-and-Mahanadi.pdf
1149,23-02-28,2028,February,Machhakata (Revised),Odisha,Odisha,I A BOT,1.32,1.32,128.64,3043,92,92,10.2,10.2,6.0,6.0,5204,38.42,D-G,D-G,Medium,CMPDI/MSTC — Machhakata Geological Report — DERIVED ANALYTICAL RECORD,SOURCE_DERIVED_ANALYTICAL,https://mstcecommerce.com/auctionhome/coalblock/RenderFileCoalBlock.jsp?file=com-Machhakata-and-Mahanadi.pdf
1150,24-02-28,2028,February,Machhakata (Revised),Odisha,Odisha,I B,5.5,5.5,163.87,16721,75,75,16.25,16.25,2.5,2.5,5227,180.18,C-G,C-G,High,CMPDI/MSTC — Machhakata Geological Report — DERIVED ANALYTICAL RECORD,SOURCE_DERIVED_ANALYTICAL,https://mstcecommerce.com/auctionhome/coalblock/RenderFileCoalBlock.jsp?file=com-Machhakata-and-Mahanadi.pdf
1151,25-02-28,2028,February,Machhakata (Revised),Odisha,Odisha,I C,2.48,2.48,195.78,720,82,82,9.1,9.1,4.25,4.25,5250,9.37,C-G,C-G,Medium,CMPDI/MSTC — Machhakata Geological Report — DERIVED ANALYTICAL RECORD,SOURCE_DERIVED_ANALYTICAL,https://mstcecommerce.com/auctionhome/coalblock/RenderFileCoalBlock.jsp?file=com-Machhakata-and-Mahanadi.pdf
1152,26-02-28,2028,February,Machhakata (Revised),Odisha,Odisha,I D,5.56,5.56,231.87,4727,89,89,15.15,15.15,6.0,6.0,5273,52.29,B-G,B-G,High,CMPDI/MSTC — Machhakata Geological Report — DERIVED ANALYTICAL RECORD,SOURCE_DERIVED_ANALYTICAL,https://mstcecommerce.com/auctionhome/coalblock/RenderFileCoalBlock.jsp?file=com-Machhakata-and-Mahanadi.pdf
1153,27-02-28,2028,February,Machhakata (Revised),Odisha,Odisha,XI,5.57,5.57,124.62,801,72,72,8.0,8.0,2.5,2.5,5296,10.77,E-G,E-G,High,CMPDI/MSTC — Machhakata Geological Report — DERIVED ANALYTICAL RECORD,SOURCE_DERIVED_ANALYTICAL,https://mstcecommerce.com/auctionhome/coalblock/RenderFileCoalBlock.jsp?file=com-Machhakata-and-Mahanadi.pdf
1154,28-02-28,2028,February,Machhakata (Revised),Odisha,Odisha,X,3.37,3.37,23.79,451,79,79,14.05,14.05,4.25,4.25,5319,5.13,E-G,E-G,Low,CMPDI/MSTC — Machhakata Geological Report — DERIVED ANALYTICAL RECORD,SOURCE_DERIVED_ANALYTICAL,https://mstcecommerce.com/auctionhome/coalblock/RenderFileCoalBlock.jsp?file=com-Machhakata-and-Mahanadi.pdf
1155,29-02-28,2028,February,Machhakata (Revised),Odisha,Odisha,IX TOP,0.2,0.2,52.19,842,86,86,20.1,20.1,6.0,6.0,5342,11.7,E-G,E-G,Medium,CMPDI/MSTC — Machhakata Geological Report — DERIVED ANALYTICAL RECORD,SOURCE_DERIVED_ANALYTICAL,https://mstcecommerce.com/auctionhome/coalblock/RenderFileCoalBlock.jsp?file=com-Machhakata-and-Mahanadi.pdf
1156,01-03-28,2028,March,Machhakata (Revised),Odisha,Odisha,IX BOT,1.3,1.3,83.69,5519,93,93,12.95,12.95,2.5,2.5,5365,64.48,E-G,E-G,Medium,CMPDI/MSTC — Machhakata Geological Report — DERIVED ANALYTICAL RECORD,SOURCE_DERIVED_ANALYTICAL,https://mstcecommerce.com/auctionhome/coalblock/RenderFileCoalBlock.jsp?file=com-Machhakata-and-Mahanadi.pdf
1157,02-03-28,2028,March,Machhakata (Revised),Odisha,Odisha,VIII,4.25,4.25,84.33,8541,76,76,19.0,19.0,4.25,4.25,5388,122.71,F-G,F-G,High,CMPDI/MSTC — Machhakata Geological Report — DERIVED ANALYTICAL RECORD,SOURCE_DERIVED_ANALYTICAL,https://mstcecommerce.com/auctionhome/coalblock/RenderFileCoalBlock.jsp?file=com-Machhakata-and-Mahanadi.pdf
1158,03-03-28,2028,March,Machhakata (Revised),Odisha,Odisha,VII TOP,5.34,5.34,119.54,9987,83,83,11.85,11.85,6.0,6.0,5411,120.04,E-G,E-G,High,CMPDI/MSTC — Machhakata Geological Report — DERIVED ANALYTICAL RECORD,SOURCE_DERIVED_ANALYTICAL,https://mstcecommerce.com/auctionhome/coalblock/RenderFileCoalBlock.jsp?file=com-Machhakata-and-Mahanadi.pdf
1159,04-03-28,2028,March,Machhakata (Revised),Odisha,Odisha,VII BOT,2.93,2.93,19.35,505,90,90,17.9,17.9,2.5,2.5,5434,7.51,E-G,E-G,Low,CMPDI/MSTC — Machhakata Geological Report — DERIVED ANALYTICAL RECORD,SOURCE_DERIVED_ANALYTICAL,https://mstcecommerce.com/auctionhome/coalblock/RenderFileCoalBlock.jsp?file=com-Machhakata-and-Mahanadi.pdf
1160,05-03-28,2028,March,Machhakata (Revised),Odisha,Odisha,VI TOP,5.61,5.61,39.91,6543,73,73,10.75,10.75,4.25,4.25,5457,80.98,E-G,E-G,Low,CMPDI/MSTC — Machhakata Geological Report — DERIVED ANALYTICAL RECORD,SOURCE_DERIVED_ANALYTICAL,https://mstcecommerce.com/auctionhome/coalblock/RenderFileCoalBlock.jsp?file=com-Machhakata-and-Mahanadi.pdf
1161,06-03-28,2028,March,Machhakata (Revised),Odisha,Odisha,VI BOT,10.1,10.1,80.35,7407,80,80,16.8,16.8,6.0,6.0,5480,78.46,E-G,E-G,Medium,CMPDI/MSTC — Machhakata Geological Report — DERIVED ANALYTICAL RECORD,SOURCE_DERIVED_ANALYTICAL,https://mstcecommerce.com/auctionhome/coalblock/RenderFileCoalBlock.jsp?file=com-Machhakata-and-Mahanadi.pdf
1162,07-03-28,2028,March,Machhakata (Revised),Odisha,Odisha,IV/V,5.45,5.45,112.06,4448,87,87,9.65,9.65,2.5,2.5,5503,56.73,D-G,D-G,Medium,CMPDI/MSTC — Machhakata Geological Report — DERIVED ANALYTICAL RECORD,SOURCE_DERIVED_ANALYTICAL,https://mstcecommerce.com/auctionhome/coalblock/RenderFileCoalBlock.jsp?file=com-Machhakata-and-Mahanadi.pdf
1163,08-03-28,2028,March,Machhakata (Revised),Odisha,Odisha,III TOP TOP,2.93,2.93,147.56,14539,94,94,15.7,15.7,4.25,4.25,5526,158.03,E-G,E-G,High,CMPDI/MSTC — Machhakata Geological Report — DERIVED ANALYTICAL RECORD,SOURCE_DERIVED_ANALYTICAL,https://mstcecommerce.com/auctionhome/coalblock/RenderFileCoalBlock.jsp?file=com-Machhakata-and-Mahanadi.pdf
1164,09-03-28,2028,March,Machhakata (Revised),Odisha,Odisha,III MID,5.28,5.28,198.06,16504,77,77,8.55,8.55,6.0,6.0,5549,217.16,D-G,D-G,High,CMPDI/MSTC — Machhakata Geological Report — DERIVED ANALYTICAL RECORD,SOURCE_DERIVED_ANALYTICAL,https://mstcecommerce.com/auctionhome/coalblock/RenderFileCoalBlock.jsp?file=com-Machhakata-and-Mahanadi.pdf
1165,10-03-28,2028,March,Machhakata (Revised),Odisha,Odisha,III BOT TOP,2.11,2.11,71.27,6520,84,84,14.6,14.6,2.5,2.5,5572,72.77,C-G,C-G,Low,CMPDI/MSTC — Machhakata Geological Report — DERIVED ANALYTICAL RECORD,SOURCE_DERIVED_ANALYTICAL,https://mstcecommerce.com/auctionhome/coalblock/RenderFileCoalBlock.jsp?file=com-Machhakata-and-Mahanadi.pdf
1166,11-03-28,2028,March,Machhakata (Revised),Odisha,Odisha,III BOT BOT,2.69,2.69,99.05,794,91,91,20.65,20.65,4.25,4.25,5595,10.79,F-G,F-G,Medium,CMPDI/MSTC — Machhakata Geological Report — DERIVED ANALYTICAL RECORD,SOURCE_DERIVED_ANALYTICAL,https://mstcecommerce.com/auctionhome/coalblock/RenderFileCoalBlock.jsp?file=com-Machhakata-and-Mahanadi.pdf
1167,12-03-28,2028,March,Machhakata (Revised),Odisha,Odisha,LOCAL 1,1.54,1.54,149.06,1663,74,74,13.5,13.5,6.0,6.0,5618,19.07,D-G,D-G,Medium,CMPDI/MSTC — Machhakata Geological Report — DERIVED ANALYTICAL RECORD,SOURCE_DERIVED_ANALYTICAL,https://mstcecommerce.com/auctionhome/coalblock/RenderFileCoalBlock.jsp?file=com-Machhakata-and-Mahanadi.pdf
1168,13-03-28,2028,March,Machhakata (Revised),Odisha,Odisha,LOCAL 2,1.88,1.88,188.99,1040,81,81,19.55,19.55,2.5,2.5,5641,14.61,E-G,E-G,High,CMPDI/MSTC — Machhakata Geological Report — DERIVED ANALYTICAL RECORD,SOURCE_DERIVED_ANALYTICAL,https://mstcecommerce.com/auctionhome/coalblock/RenderFileCoalBlock.jsp?file=com-Machhakata-and-Mahanadi.pdf
1169,14-03-28,2028,March,Machhakata (Revised),Odisha,Odisha,II TOP,4.61,4.61,228.16,3652,88,88,12.4,12.4,4.25,4.25,5664,43.07,E-G,E-G,High,CMPDI/MSTC — Machhakata Geological Report — DERIVED ANALYTICAL RECORD,SOURCE_DERIVED_ANALYTICAL,https://mstcecommerce.com/auctionhome/coalblock/RenderFileCoalBlock.jsp?file=com-Machhakata-and-Mahanadi.pdf
1170,15-03-28,2028,March,Machhakata (Revised),Odisha,Odisha,II MID,2.24,2.24,35.19,564,95,95,18.45,18.45,6.0,6.0,5687,8.2,E-G,E-G,Low,CMPDI/MSTC — Machhakata Geological Report — DERIVED ANALYTICAL RECORD,SOURCE_DERIVED_ANALYTICAL,https://mstcecommerce.com/auctionhome/coalblock/RenderFileCoalBlock.jsp?file=com-Machhakata-and-Mahanadi.pdf
1171,16-03-28,2028,March,Machhakata (Revised),Odisha,Odisha,II BOT,0.34,0.34,133.03,491,78,78,11.3,11.3,2.5,2.5,5710,5.96,D-G,D-G,Medium,CMPDI/MSTC — Machhakata Geological Report — DERIVED ANALYTICAL RECORD,SOURCE_DERIVED_ANALYTICAL,https://mstcecommerce.com/auctionhome/coalblock/RenderFileCoalBlock.jsp?file=com-Machhakata-and-Mahanadi.pdf
1172,17-03-28,2028,March,Machhakata (Revised),Odisha,Odisha,I A TOP,0.78,0.78,177.7,811,85,85,17.35,17.35,4.25,4.25,5733,12.22,E-G,E-G,High,CMPDI/MSTC — Machhakata Geological Report — DERIVED ANALYTICAL RECORD,SOURCE_DERIVED_ANALYTICAL,https://mstcecommerce.com/auctionhome/coalblock/RenderFileCoalBlock.jsp?file=com-Machhakata-and-Mahanadi.pdf
1173,18-03-28,2028,March,Machhakata (Revised),Odisha,Odisha,I A BOT,1.93,1.93,198.96,3074,92,92,10.2,10.2,6.0,6.0,5756,38.42,D-G,D-G,High,CMPDI/MSTC — Machhakata Geological Report — DERIVED ANALYTICAL RECORD,SOURCE_DERIVED_ANALYTICAL,https://mstcecommerce.com/auctionhome/coalblock/RenderFileCoalBlock.jsp?file=com-Machhakata-and-Mahanadi.pdf
1174,19-03-28,2028,March,Machhakata (Revised),Odisha,Odisha,I B,6.77,6.77,233.77,16865,75,75,16.25,16.25,2.5,2.5,5779,180.18,C-G,C-G,High,CMPDI/MSTC — Machhakata Geological Report — DERIVED ANALYTICAL RECORD,SOURCE_DERIVED_ANALYTICAL,https://mstcecommerce.com/auctionhome/coalblock/RenderFileCoalBlock.jsp?file=com-Machhakata-and-Mahanadi.pdf
1175,20-03-28,2028,March,Machhakata (Revised),Odisha,Odisha,I C,3.05,3.05,140.42,727,82,82,9.1,9.1,4.25,4.25,4302,9.37,C-G,C-G,Medium,CMPDI/MSTC — Machhakata Geological Report — DERIVED ANALYTICAL RECORD,SOURCE_DERIVED_ANALYTICAL,https://mstcecommerce.com/auctionhome/coalblock/RenderFileCoalBlock.jsp?file=com-Machhakata-and-Mahanadi.pdf
1176,21-03-28,2028,March,Machhakata (Revised),Odisha,Odisha,I D,6.6,6.6,175.2,4769,89,89,15.15,15.15,6.0,6.0,4325,52.29,B-G,B-G,Medium,CMPDI/MSTC — Machhakata Geological Report — DERIVED ANALYTICAL RECORD,SOURCE_DERIVED_ANALYTICAL,https://mstcecommerce.com/auctionhome/coalblock/RenderFileCoalBlock.jsp?file=com-Machhakata-and-Mahanadi.pdf
1177,22-03-28,2028,March,Machhakata (Revised),Odisha,Odisha,XI,6.42,6.42,70.49,810,72,72,8.0,8.0,2.5,2.5,4348,10.77,E-G,E-G,Medium,CMPDI/MSTC — Machhakata Geological Report — DERIVED ANALYTICAL RECORD,SOURCE_DERIVED_ANALYTICAL,https://mstcecommerce.com/auctionhome/coalblock/RenderFileCoalBlock.jsp?file=com-Machhakata-and-Mahanadi.pdf
1178,23-03-28,2028,March,Machhakata (Revised),Odisha,Odisha,X,0.16,0.16,98.04,456,79,79,14.05,14.05,4.25,4.25,4371,5.13,E-G,E-G,Medium,CMPDI/MSTC — Machhakata Geological Report — DERIVED ANALYTICAL RECORD,SOURCE_DERIVED_ANALYTICAL,https://mstcecommerce.com/auctionhome/coalblock/RenderFileCoalBlock.jsp?file=com-Machhakata-and-Mahanadi.pdf
1179,24-03-28,2028,March,Machhakata (Revised),Odisha,Odisha,IX TOP,0.78,0.78,134.43,852,86,86,20.1,20.1,6.0,6.0,4394,11.7,E-G,E-G,High,CMPDI/MSTC — Machhakata Geological Report — DERIVED ANALYTICAL RECORD,SOURCE_DERIVED_ANALYTICAL,https://mstcecommerce.com/auctionhome/coalblock/RenderFileCoalBlock.jsp?file=com-Machhakata-and-Mahanadi.pdf
1180,25-03-28,2028,March,Machhakata (Revised),Odisha,Odisha,IX BOT,2.01,2.01,16.27,5571,93,93,12.95,12.95,2.5,2.5,4417,64.48,E-G,E-G,Low,CMPDI/MSTC — Machhakata Geological Report — DERIVED ANALYTICAL RECORD,SOURCE_DERIVED_ANALYTICAL,https://mstcecommerce.com/auctionhome/coalblock/RenderFileCoalBlock.jsp?file=com-Machhakata-and-Mahanadi.pdf
1181,26-03-28,2028,March,Machhakata (Revised),Odisha,Odisha,VIII,5.86,5.86,37.46,8639,76,76,19.0,19.0,4.25,4.25,4440,122.71,F-G,F-G,Medium,CMPDI/MSTC — Machhakata Geological Report — DERIVED ANALYTICAL RECORD,SOURCE_DERIVED_ANALYTICAL,https://mstcecommerce.com/auctionhome/coalblock/RenderFileCoalBlock.jsp?file=com-Machhakata-and-Mahanadi.pdf
1182,27-03-28,2028,March,Machhakata (Revised),Odisha,Odisha,VII TOP,6.81,6.81,64.12,10083,83,83,11.85,11.85,6.0,6.0,4463,120.04,E-G,E-G,Medium,CMPDI/MSTC — Machhakata Geological Report — DERIVED ANALYTICAL RECORD,SOURCE_DERIVED_ANALYTICAL,https://mstcecommerce.com/auctionhome/coalblock/RenderFileCoalBlock.jsp?file=com-Machhakata-and-Mahanadi.pdf
1183,28-03-28,2028,March,Machhakata (Revised),Odisha,Odisha,VII BOT,3.57,3.57,90.44,511,90,90,17.9,17.9,2.5,2.5,4486,7.51,E-G,E-G,Medium,CMPDI/MSTC — Machhakata Geological Report — DERIVED ANALYTICAL RECORD,SOURCE_DERIVED_ANALYTICAL,https://mstcecommerce.com/auctionhome/coalblock/RenderFileCoalBlock.jsp?file=com-Machhakata-and-Mahanadi.pdf
1184,29-03-28,2028,March,Machhakata (Revised),Odisha,Odisha,VI TOP,6.56,6.56,119.37,6608,73,73,10.75,10.75,4.25,4.25,4509,80.98,E-G,E-G,High,CMPDI/MSTC — Machhakata Geological Report — DERIVED ANALYTICAL RECORD,SOURCE_DERIVED_ANALYTICAL,https://mstcecommerce.com/auctionhome/coalblock/RenderFileCoalBlock.jsp?file=com-Machhakata-and-Mahanadi.pdf
1185,30-03-28,2028,March,Machhakata (Revised),Odisha,Odisha,VI BOT,11.59,11.59,168.23,5147,80,80,16.8,16.8,6.0,6.0,4532,78.46,E-G,E-G,High,CMPDI/MSTC — Machhakata Geological Report — DERIVED ANALYTICAL RECORD,SOURCE_DERIVED_ANALYTICAL,https://mstcecommerce.com/auctionhome/coalblock/RenderFileCoalBlock.jsp?file=com-Machhakata-and-Mahanadi.pdf
1186,31-03-28,2028,March,Machhakata (Revised),Odisha,Odisha,IV/V,0.42,0.42,43.22,4493,87,87,9.65,9.65,2.5,2.5,4555,56.73,D-G,D-G,Low,CMPDI/MSTC — Machhakata Geological Report — DERIVED ANALYTICAL RECORD,SOURCE_DERIVED_ANALYTICAL,https://mstcecommerce.com/auctionhome/coalblock/RenderFileCoalBlock.jsp?file=com-Machhakata-and-Mahanadi.pdf
1187,01-04-28,2028,April,Machhakata (Revised),Odisha,Odisha,III TOP TOP,4.3,4.3,80.68,14665,94,94,15.7,15.7,4.25,4.25,4578,158.03,E-G,E-G,Medium,CMPDI/MSTC — Machhakata Geological Report — DERIVED ANALYTICAL RECORD,SOURCE_DERIVED_ANALYTICAL,https://mstcecommerce.com/auctionhome/coalblock/RenderFileCoalBlock.jsp?file=com-Machhakata-and-Mahanadi.pdf
1188,02-04-28,2028,April,Machhakata (Revised),Odisha,Odisha,III MID,6.1,6.1,127.12,16678,77,77,8.55,8.55,6.0,6.0,4601,217.16,D-G,D-G,Medium,CMPDI/MSTC — Machhakata Geological Report — DERIVED ANALYTICAL RECORD,SOURCE_DERIVED_ANALYTICAL,https://mstcecommerce.com/auctionhome/coalblock/RenderFileCoalBlock.jsp?file=com-Machhakata-and-Mahanadi.pdf
1189,03-04-28,2028,April,Machhakata (Revised),Odisha,Odisha,III BOT TOP,2.77,2.77,160.99,6578,84,84,14.6,14.6,2.5,2.5,4624,72.77,C-G,C-G,High,CMPDI/MSTC — Machhakata Geological Report — DERIVED ANALYTICAL RECORD,SOURCE_DERIVED_ANALYTICAL,https://mstcecommerce.com/auctionhome/coalblock/RenderFileCoalBlock.jsp?file=com-Machhakata-and-Mahanadi.pdf
1190,04-04-28,2028,April,Machhakata (Revised),Odisha,Odisha,III BOT BOT,3.39,3.39,185.54,803,91,91,20.65,20.65,4.25,4.25,4647,10.79,F-G,F-G,High,CMPDI/MSTC — Machhakata Geological Report — DERIVED ANALYTICAL RECORD,SOURCE_DERIVED_ANALYTICAL,https://mstcecommerce.com/auctionhome/coalblock/RenderFileCoalBlock.jsp?file=com-Machhakata-and-Mahanadi.pdf
1191,05-04-28,2028,April,Machhakata (Revised),Odisha,Odisha,LOCAL 1,1.85,1.85,68.59,1678,74,74,13.5,13.5,6.0,6.0,4670,19.07,D-G,D-G,Low,CMPDI/MSTC — Machhakata Geological Report — DERIVED ANALYTICAL RECORD,SOURCE_DERIVED_ANALYTICAL,https://mstcecommerce.com/auctionhome/coalblock/RenderFileCoalBlock.jsp?file=com-Machhakata-and-Mahanadi.pdf
1192,06-04-28,2028,April,Machhakata (Revised),Odisha,Odisha,LOCAL 2,2.19,2.19,112.51,1052,81,81,19.55,19.55,2.5,2.5,4693,14.61,E-G,E-G,Medium,CMPDI/MSTC — Machhakata Geological Report — DERIVED ANALYTICAL RECORD,SOURCE_DERIVED_ANALYTICAL,https://mstcecommerce.com/auctionhome/coalblock/RenderFileCoalBlock.jsp?file=com-Machhakata-and-Mahanadi.pdf
1193,07-04-28,2028,April,Machhakata (Revised),Odisha,Odisha,II TOP,5.26,5.26,152.54,3687,88,88,12.4,12.4,4.25,4.25,4716,43.07,E-G,E-G,Medium,CMPDI/MSTC — Machhakata Geological Report — DERIVED ANALYTICAL RECORD,SOURCE_DERIVED_ANALYTICAL,https://mstcecommerce.com/auctionhome/coalblock/RenderFileCoalBlock.jsp?file=com-Machhakata-and-Mahanadi.pdf
1194,08-04-28,2028,April,Machhakata (Revised),Odisha,Odisha,II MID,0.26,0.26,168.77,571,95,95,18.45,18.45,6.0,6.0,4739,8.2,E-G,E-G,Medium,CMPDI/MSTC — Machhakata Geological Report — DERIVED ANALYTICAL RECORD,SOURCE_DERIVED_ANALYTICAL,https://mstcecommerce.com/auctionhome/coalblock/RenderFileCoalBlock.jsp?file=com-Machhakata-and-Mahanadi.pdf
1195,09-04-28,2028,April,Machhakata (Revised),Odisha,Odisha,II BOT,0.66,0.66,213.58,496,78,78,11.3,11.3,2.5,2.5,4762,5.96,D-G,D-G,High,CMPDI/MSTC — Machhakata Geological Report — DERIVED ANALYTICAL RECORD,SOURCE_DERIVED_ANALYTICAL,https://mstcecommerce.com/auctionhome/coalblock/RenderFileCoalBlock.jsp?file=com-Machhakata-and-Mahanadi.pdf
1196,10-04-28,2028,April,Machhakata (Revised),Odisha,Odisha,I A TOP,1.08,1.08,130.21,821,85,85,17.35,17.35,4.25,4.25,4785,12.22,E-G,E-G,Medium,CMPDI/MSTC — Machhakata Geological Report — DERIVED ANALYTICAL RECORD,SOURCE_DERIVED_ANALYTICAL,https://mstcecommerce.com/auctionhome/coalblock/RenderFileCoalBlock.jsp?file=com-Machhakata-and-Mahanadi.pdf
1197,11-04-28,2028,April,Machhakata (Revised),Odisha,Odisha,I A BOT,2.53,2.53,143.71,3104,92,92,10.2,10.2,6.0,6.0,4808,38.42,D-G,D-G,Medium,CMPDI/MSTC — Machhakata Geological Report — DERIVED ANALYTICAL RECORD,SOURCE_DERIVED_ANALYTICAL,https://mstcecommerce.com/auctionhome/coalblock/RenderFileCoalBlock.jsp?file=com-Machhakata-and-Mahanadi.pdf
1198,12-04-28,2028,April,Machhakata (Revised),Odisha,Odisha,I B,8.04,8.04,178.85,17009,75,75,16.25,16.25,2.5,2.5,4831,180.18,C-G,C-G,High,CMPDI/MSTC — Machhakata Geological Report — DERIVED ANALYTICAL RECORD,SOURCE_DERIVED_ANALYTICAL,https://mstcecommerce.com/auctionhome/coalblock/RenderFileCoalBlock.jsp?file=com-Machhakata-and-Mahanadi.pdf
1199,13-04-28,2028,April,Machhakata (Revised),Odisha,Odisha,I C,3.62,3.62,210.88,735,82,82,9.1,9.1,4.25,4.25,4854,9.37,C-G,C-G,High,CMPDI/MSTC — Machhakata Geological Report — DERIVED ANALYTICAL RECORD,SOURCE_DERIVED_ANALYTICAL,https://mstcecommerce.com/auctionhome/coalblock/RenderFileCoalBlock.jsp?file=com-Machhakata-and-Mahanadi.pdf
1200,14-04-28,2028,April,Machhakata (Revised),Odisha,Odisha,I D,7.64,7.64,247.33,4811,89,89,15.15,15.15,6.0,6.0,4877,52.29,B-G,B-G,High,CMPDI/MSTC — Machhakata Geological Report — DERIVED ANALYTICAL RECORD,SOURCE_DERIVED_ANALYTICAL,https://mstcecommerce.com/auctionhome/coalblock/RenderFileCoalBlock.jsp?file=com-Machhakata-and-Mahanadi.pdf
